,0
0,WH-A
1,TH-A
2,FH-A
3,WCT-A
4,WCT-A
5,COL-B
6,COL-C
7,COL-E
8,TH-C
9,TH-C
10,WH-C
11,TH-A
12,WH-A
13,AM-B
14,AM-B
15,AM-A
16,AM-B
17,AM-E
18,AM-C
19,AM-D
20,AM-E
21,AM-C
22,AM-D
23,AM-E
24,AM-B
25,AM-B
26,AM-B
27,AM-B
28,AM-B
29,WH-A
30,WH-B
31,COL-E
32,AM-B
33,AM-B
34,TH-C
35,TH-C
36,TH-C
37,AM-B
38,TH-A
39,AM-D
40,AM-E
41,CH-B
42,CH-B
43,EH-B
44,TH-A
45,TH-A
46,AM-E
47,AM-A
48,AM-B
49,AM-E
50,AM-C
51,AM-A
52,AM-C
53,AM-A
54,AM-C
55,AM-A
56,AM-C
57,AM-C
58,CH-B
59,AM-B
60,AM-A
61,CH-B
62,CH-B
63,CH-B
64,CH-B
65,EH-C
66,TH-A
67,CH-B
68,EH-B
69,COL-C
70,COL-C
71,WH-B
72,WH-B
73,COL-E
74,EH-A
75,EH-C
76,TH-A
77,TH-A
78,COL-B
79,WH-B
80,WH-B
81,COL-E
82,WH-B
83,COL-E
84,EH-E
85,CH-A
86,EH-C
87,TH-B
88,TH-C
89,TH-C
90,WH-A
91,AM-B
92,AM-B
93,CH-B
94,TH-A
95,CH-B
96,EH-B
97,FH-B
98,TH-C
99,TH-C
100,TH-A
101,CH-B
102,COL-C
103,WCT-B
104,WCT-B
105,WCT-B
106,WH-A
107,WH-B
108,WH-B
109,COL-F
110,FH-C
111,FH-C
112,FH-A
113,WH-B
114,COL-E
115,COL-E
116,WH-A
117,WH-A
118,WH-B
119,EH-D
120,COL-E
121,COL-F
122,TH-A
123,TH-A
124,WCT-A
125,TH-B
126,FH-B
127,TH-C
128,TH-C
129,WH-C
130,EH-E
131,EH-A
132,EH-A
133,EH-C
134,TH-B
135,FH-A
136,WH-D
137,COL-A
138,WH-D
139,WH-C
140,COL-E
141,FH-C
142,FH-C
143,COL-B
144,COL-D
145,COL-E
146,COL-F
147,COL-F
148,FH-B
149,WH-C
150,WH-D
151,WH-C
152,WH-C
153,WH-D
154,EH-D
155,COL-A
156,COL-A
157,WH-C
158,CH-A
159,CH-A
160,EH-E
161,FH-C
162,EH-C
163,COL-B
164,EH-B
165,COL-D
166,COL-D
167,COL-C
168,COL-A
169,COL-D
170,COL-D
171,EH-D
172,WH-B
173,EH-D
174,EH-D
175,WH-C
176,EH-D
177,EH-E
178,FH-C
179,WH-C
180,COL-E
181,EH-E
182,TH-B
183,FH-B
184,WH-D
185,WH-C
186,WH-C
187,COL-E
188,TH-A
189,TH-A
190,EH-C
191,COL-A
192,FH-B
193,TH-C
194,TH-C
195,COL-C
196,TH-C
197,COL-C
198,WH-C
199,COL-E
200,EH-C
201,WCT-B
202,FH-C
203,EH-D
204,EH-A
205,EH-A
206,EH-A
207,EH-A
208,EH-C
209,TH-B
210,TH-C
211,WH-A
212,EH-B
213,TH-A
214,TH-A
215,COL-D
216,EH-A
217,EH-A
218,COL-D
219,COL-F
220,FH-B
221,FH-B
222,WH-D
223,CH-A
224,EH-A
225,CH-B
226,EH-A
227,EH-C
228,EH-C
229,FH-A
230,FH-B
231,WH-C
232,COL-A
233,FH-A
234,WH-D
235,WH-C
236,WH-B
237,COL-E
238,COL-E
239,EH-E
240,TH-A
241,WH-A
242,WCT-A
243,WCT-A
244,WCT-A
245,WCT-A
246,WCT-A
247,COL-A
248,EH-D
249,FH-C
250,FH-C
251,WH-C
252,COL-E
253,COL-E
254,COL-F
255,COL-E
256,WCT-A
257,COL-A
258,COL-B
259,EH-D
260,FH-B
261,FH-B
262,FH-B
263,FH-B
264,TH-C
265,CH-A
266,EH-E
267,EH-E
268,TH-A
269,TH-C
270,TH-A
271,TH-A
272,FH-A
273,WH-A
274,FH-A
275,WH-B
276,COL-E
277,WH-A
278,CH-B
279,COL-E
280,WCT-A
281,COL-A
282,WH-D
283,WH-B
284,COL-D
285,COL-F
286,COL-F
287,COL-A
288,WH-D
289,WH-C
290,CH-A
291,EH-E
292,TH-A
293,FH-A
294,TH-C
295,AM-B
296,TH-A
297,WCT-B
298,COL-C
299,COL-C
300,COL-C
301,COL-C
302,COL-A
303,COL-A
304,COL-A
305,FH-A
306,WH-D
307,COL-A
308,COL-C
309,WCT-B
310,WCT-B
311,COL-B
312,COL-D
313,WH-B
314,COL-E
315,COL-C
316,TH-A
317,TH-A
318,FH-A
319,WH-D
320,WH-C
321,COL-F
322,WCT-B
323,WCT-A
324,WCT-A
325,COL-C
326,COL-E
327,EH-C
328,FH-A
329,COL-B
330,COL-B
331,COL-C
332,COL-F
333,FH-C
334,AM-D
335,WCT-B
336,COL-A
337,COL-A
338,COL-A
339,WH-D
340,WH-C
341,WH-B
342,COL-E
343,FH-C
344,WH-C
345,COL-E
346,COL-E
347,COL-E
348,EH-B
349,AM-E
350,AM-A
351,CH-B
352,WCT-B
353,WCT-B
354,FH-C
355,COL-C
356,TH-A
357,TH-A
358,TH-B
359,FH-A
360,COL-C
361,AM-E
362,AM-E
363,AM-B
364,AM-B
365,AM-B
366,AM-B
367,AM-D
368,AM-D
369,AM-E
370,AM-A
371,AM-A
372,AM-A
373,AM-B
374,AM-B
375,AM-B
376,AM-D
377,AM-D
378,AM-E
379,AM-E
380,EH-B
381,EH-B
382,AM-D
383,AM-E
384,AM-B
385,EH-B
386,EH-B
387,EH-B
388,EH-B
389,EH-B
390,AM-D
391,FH-C
392,TH-C
393,AM-E
394,CH-B
395,AM-B
396,EH-B
397,AM-D
398,AM-D
399,AM-D
400,AM-E
401,AM-A
402,AM-A
403,AM-A
404,AM-A
405,AM-C
406,EH-B
407,EH-B
408,AM-B
409,AM-C
410,AM-C
411,AM-B
412,AM-A
413,EH-B
414,EH-B
415,EH-B
416,EH-B
417,EH-B
418,TH-A
419,CH-B
420,EH-B
421,COL-C
422,COL-C
423,COL-C
424,COL-C
425,WH-A
426,AM-B
427,EH-B
428,TH-A
429,TH-A
430,TH-C
431,TH-A
432,TH-A
433,WH-A
434,CH-B
435,EH-B
436,EH-B
437,TH-A
438,TH-A
439,TH-A
440,TH-A
441,WH-A
442,AM-B
443,TH-A
444,WH-A
445,AM-B
446,AM-B
447,TH-A
448,CH-B
449,EH-B
450,AM-D
451,TH-A
452,EH-B
453,EH-B
454,TH-A
455,AM-D
456,AM-E
457,AM-E
458,TH-C
459,AM-B
460,AM-B
461,EH-B
462,AM-B
463,CH-B
464,EH-A
465,EH-A
466,EH-C
467,EH-E
468,TH-B
469,TH-C
470,TH-C
471,WH-A
472,WH-A
473,AM-B
474,WH-C
475,WCT-A
476,WCT-A
477,WH-D
478,WH-A
479,CH-A
480,TH-C
481,WH-D
482,WH-A
483,EH-B
484,EH-B
485,FH-C
486,TH-A
487,TH-A
488,COL-B
489,COL-D
490,COL-D
491,COL-D
492,COL-D
493,COL-D
494,COL-F
495,TH-B
496,FH-B
497,WH-C
498,COL-E
499,COL-F
500,TH-B
501,COL-A
502,FH-A
503,WH-D
504,WH-B
505,EH-D
506,COL-E
507,EH-D
508,EH-C
509,EH-C
510,FH-C
511,CH-A
512,EH-A
513,TH-A
514,CH-A
515,WCT-A
516,WCT-A
517,WCT-A
518,TH-A
519,WCT-A
520,WCT-A
521,WCT-A
522,WCT-B
523,COL-F
524,WCT-B
525,FH-A
526,COL-B
527,COL-B
528,COL-D
529,COL-F
530,COL-F
531,COL-F
532,WCT-B
533,COL-A
534,FH-C
535,FH-C
536,WH-C
537,WH-C
538,EH-D
539,FH-C
540,FH-C
541,FH-C
542,FH-C
543,EH-E
544,EH-E
545,FH-B
546,WH-B
547,EH-A
548,EH-C
549,TH-B
550,FH-A
551,WCT-A
552,WH-D
553,WH-D
554,WH-A
555,COL-E
556,COL-D
557,EH-C
558,EH-C
559,TH-B
560,WH-D
561,WH-D
562,WH-B
563,EH-D
564,FH-C
565,WH-C
566,WH-C
567,WH-C
568,WH-C
569,CH-A
570,EH-A
571,EH-C
572,COL-B
573,EH-C
574,FH-C
575,FH-C
576,TH-C
577,WH-C
578,EH-D
579,FH-A
580,WH-D
581,COL-B
582,COL-D
583,COL-A
584,WH-C
585,WCT-A
586,FH-B
587,CH-A
588,COL-E
589,EH-A
590,FH-C
591,WH-D
592,WH-D
593,WH-C
594,CH-A
595,TH-C
596,TH-A
597,FH-A
598,WH-B
599,COL-E
600,COL-E
601,COL-E
602,COL-E
603,COL-E
604,CH-B
605,COL-D
606,COL-D
607,COL-A
608,FH-B
609,WH-D
610,WH-C
611,WH-C
612,EH-E
613,EH-D
614,EH-D
615,FH-B
616,WH-D
617,WH-A
618,WH-C
619,CH-A
620,CH-A
621,TH-A
622,WCT-A
623,WCT-A
624,EH-C
625,TH-B
626,WH-D
627,WH-C
628,WH-B
629,COL-E
630,CH-A
631,EH-A
632,EH-A
633,EH-A
634,WCT-B
635,WCT-B
636,WCT-B
637,COL-B
638,EH-D
639,COL-D
640,COL-A
641,COL-A
642,EH-D
643,WCT-A
644,EH-D
645,COL-F
646,CH-A
647,WH-B
648,COL-E
649,COL-E
650,EH-A
651,FH-C
652,FH-C
653,WCT-A
654,COL-B
655,EH-D
656,TH-B
657,FH-A
658,WH-A
659,COL-C
660,WCT-A
661,WCT-B
662,COL-D
663,WCT-B
664,WCT-B
665,WCT-B
666,COL-B
667,WH-A
668,WH-B
669,WH-B
670,COL-D
671,COL-A
672,WCT-B
673,COL-B
674,COL-B
675,WH-B
676,WH-B
677,WH-B
678,CH-A
679,EH-A
680,EH-C
681,EH-D
682,EH-E
683,EH-D
684,EH-E
685,TH-C
686,FH-B
687,EH-E
688,EH-E
689,TH-B
690,TH-C
691,TH-C
692,CH-A
693,EH-C
694,FH-A
695,WH-D
696,WH-A
697,WH-A
698,CH-A
699,TH-C
700,EH-E
701,TH-A
702,FH-A
703,AM-B
704,AM-D
705,FH-A
706,WH-C
707,WH-D
708,WH-B
709,COL-E
710,FH-C
711,TH-C
712,WH-C
713,AM-B
714,WH-A
715,CH-A
716,EH-E
717,TH-B
718,TH-B
719,FH-B
720,WH-A
721,AM-E
722,AM-E
723,WH-C
724,TH-A
725,AM-E
726,AM-B
727,TH-A
728,AM-E
729,AM-A
730,AM-A
731,AM-C
732,EH-B
733,AM-D
734,COL-C
735,EH-B
736,EH-B
737,AM-B
738,WH-A
739,CH-B
740,CH-B
741,EH-B
742,TH-A
743,TH-A
744,EH-B
745,FH-A
746,AM-E
747,CH-B
748,AM-B
749,CH-B
750,AM-C
751,AM-C
752,AM-C
753,AM-C
754,AM-D
755,AM-D
756,AM-E
757,AM-A
758,AM-C
759,AM-C
760,AM-C
761,AM-A
762,AM-A
763,AM-A
764,AM-B
765,AM-B
766,AM-B
767,EH-B
768,AM-D
769,AM-E
770,AM-B
771,EH-B
772,AM-B
773,AM-B
774,AM-B
775,AM-B
776,EH-B
777,AM-D
778,AM-A
779,AM-A
780,AM-B
781,AM-C
782,COL-C
783,COL-C
784,AM-A
785,AM-B
786,AM-B
787,AM-B
788,AM-B
789,AM-B
790,AM-B
791,AM-D
792,AM-E
793,AM-A
794,AM-A
795,WCT-A
796,EH-B
797,AM-B
798,EH-B
799,AM-E
800,AM-A
801,EH-B
802,AM-D
803,AM-A
804,AM-A
805,AM-B
806,COL-B
807,WH-D
808,WH-C
809,FH-B
810,WH-D
811,WH-C
812,EH-E
813,TH-C
814,CH-A
815,EH-E
816,TH-C
817,CH-A
818,EH-C
819,TH-C
820,TH-A
821,TH-A
822,TH-A
823,CH-B
824,CH-B
825,CH-B
826,WH-A
827,WH-A
828,AM-B
829,TH-A
830,EH-C
831,TH-A
832,TH-B
833,AM-E
834,AM-A
835,AM-B
836,AM-A
837,AM-B
838,TH-A
839,EH-B
840,AM-E
841,EH-B
842,TH-B
843,FH-A
844,AM-E
845,AM-B
846,TH-B
847,FH-A
848,COL-B
849,WH-D
850,WH-C
851,WCT-A
852,FH-C
853,COL-B
854,COL-F
855,FH-C
856,FH-C
857,TH-C
858,CH-A
859,COL-E
860,CH-B
861,TH-A
862,TH-A
863,COL-B
864,TH-C
865,TH-C
866,FH-B
867,WH-A
868,WH-C
869,WH-B
870,COL-E
871,COL-E
872,TH-A
873,WCT-B
874,EH-C
875,EH-C
876,TH-B
877,TH-B
878,TH-B
879,TH-B
880,TH-B
881,COL-B
882,COL-B
883,TH-C
884,COL-C
885,COL-C
886,WH-B
887,WH-B
888,COL-E
889,COL-E
890,CH-A
891,CH-A
892,COL-E
893,EH-E
894,WCT-A
895,WH-D
896,WH-B
897,COL-E
898,EH-C
899,EH-C
900,EH-C
901,FH-B
902,CH-A
903,EH-C
904,CH-A
905,EH-D
906,FH-C
907,EH-C
908,FH-A
909,TH-C
910,WH-A
911,WH-B
912,CH-A
913,TH-A
914,WH-A
915,TH-A
916,WH-B
917,COL-E
918,COL-E
919,EH-A
920,EH-A
921,EH-A
922,EH-C
923,EH-C
924,TH-C
925,TH-C
926,FH-C
927,WCT-A
928,COL-B
929,COL-F
930,COL-F
931,FH-C
932,FH-A
933,COL-A
934,COL-B
935,EH-D
936,EH-D
937,EH-E
938,EH-E
939,EH-E
940,EH-E
941,FH-C
942,TH-C
943,CH-A
944,CH-B
945,EH-A
946,TH-A
947,TH-A
948,FH-A
949,COL-B
950,WH-D
951,WH-A
952,WH-B
953,COL-E
954,COL-E
955,FH-C
956,FH-C
957,FH-B
958,EH-D
959,EH-E
960,EH-D
961,TH-B
962,EH-E
963,EH-D
964,EH-D
965,FH-B
966,FH-B
967,WH-C
968,CH-A
969,CH-A
970,TH-C
971,CH-A
972,EH-E
973,TH-B
974,WH-D
975,WH-C
976,WH-C
977,WH-A
978,WH-B
979,COL-E
980,EH-A
981,COL-D
982,EH-C
983,FH-C
984,WH-A
985,WH-A
986,EH-A
987,EH-C
988,FH-A
989,COL-B
990,COL-B
991,TH-C
992,CH-A
993,EH-A
994,EH-A
995,EH-E
996,TH-C
997,TH-C
998,EH-E
999,EH-E
1000,TH-A
1001,WCT-B
1002,WCT-B
1003,COL-B
1004,CH-A
1005,EH-A
1006,EH-E
1007,EH-E
1008,WH-A
1009,COL-B
1010,WH-A
1011,WH-A
1012,CH-A
1013,WH-C
1014,WCT-A
1015,WCT-A
1016,WCT-B
1017,WCT-B
1018,EH-C
1019,FH-A
1020,WH-D
1021,WH-A
1022,COL-E
1023,TH-A
1024,FH-A
1025,EH-B
1026,TH-A
1027,COL-B
1028,COL-B
1029,COL-D
1030,COL-D
1031,COL-C
1032,TH-B
1033,FH-A
1034,WH-A
1035,CH-B
1036,COL-C
1037,COL-C
1038,COL-C
1039,EH-D
1040,WCT-A
1041,COL-B
1042,COL-C
1043,COL-C
1044,COL-C
1045,FH-A
1046,TH-C
1047,TH-C
1048,WH-C
1049,COL-F
1050,WCT-B
1051,FH-C
1052,FH-C
1053,COL-B
1054,WH-B
1055,WH-B
1056,COL-E
1057,COL-F
1058,TH-A
1059,AM-B
1060,EH-E
1061,TH-C
1062,TH-C
1063,CH-A
1064,EH-E
1065,TH-B
1066,FH-A
1067,TH-C
1068,COL-C
1069,COL-E
1070,TH-A
1071,AM-B
1072,WCT-B
1073,WCT-B
1074,WCT-B
1075,COL-B
1076,COL-C
1077,WH-A
1078,WH-B
1079,WH-B
1080,CH-B
1081,CH-B
1082,EH-B
1083,EH-B
1084,EH-B
1085,EH-B
1086,EH-B
1087,EH-B
1088,AM-D
1089,FH-A
1090,TH-C
1091,TH-C
1092,AM-B
1093,EH-B
1094,AM-D
1095,AM-D
1096,AM-D
1097,AM-E
1098,AM-B
1099,AM-B
1100,AM-E
1101,AM-B
1102,AM-E
1103,AM-B
1104,AM-B
1105,AM-E
1106,AM-A
1107,AM-C
1108,EH-B
1109,EH-B
1110,AM-C
1111,AM-A
1112,AM-B
1113,AM-E
1114,WH-A
1115,CH-B
1116,EH-B
1117,AM-B
1118,EH-B
1119,TH-A
1120,TH-A
1121,CH-B
1122,FH-A
1123,WH-A
1124,WH-A
1125,WH-A
1126,AM-A
1127,CH-B
1128,EH-B
1129,EH-B
1130,TH-A
1131,CH-B
1132,CH-B
1133,EH-B
1134,TH-A
1135,AM-C
1136,AM-D
1137,AM-D
1138,AM-C
1139,AM-C
1140,AM-C
1141,AM-C
1142,AM-C
1143,AM-C
1144,AM-A
1145,AM-C
1146,AM-C
1147,AM-C
1148,AM-A
1149,AM-B
1150,AM-B
1151,AM-D
1152,AM-A
1153,AM-B
1154,AM-D
1155,AM-A
1156,AM-C
1157,AM-C
1158,AM-A
1159,AM-A
1160,AM-C
1161,AM-E
1162,AM-E
1163,AM-C
1164,AM-D
1165,AM-D
1166,AM-E
1167,AM-C
1168,AM-C
1169,AM-C
1170,CH-B
1171,EH-B
1172,AM-C
1173,EH-B
1174,EH-B
1175,EH-B
1176,TH-A
1177,AM-B
1178,AM-B
1179,CH-B
1180,EH-B
1181,TH-A
1182,WH-A
1183,TH-A
1184,WCT-B
1185,WH-A
1186,WH-B
1187,COL-E
1188,CH-B
1189,TH-A
1190,WH-A
1191,COL-E
1192,TH-A
1193,WCT-A
1194,EH-C
1195,TH-B
1196,TH-B
1197,TH-B
1198,FH-A
1199,EH-D
1200,WH-C
1201,TH-A
1202,WH-D
1203,AM-B
1204,TH-A
1205,TH-A
1206,WCT-A
1207,WCT-B
1208,WCT-B
1209,COL-B
1210,COL-E
1211,COL-E
1212,EH-C
1213,TH-A
1214,EH-C
1215,TH-A
1216,FH-A
1217,COL-B
1218,COL-E
1219,WH-D
1220,WH-D
1221,WH-B
1222,EH-A
1223,EH-A
1224,TH-A
1225,TH-A
1226,FH-A
1227,WH-D
1228,WH-D
1229,WH-A
1230,WH-A
1231,WH-A
1232,AM-A
1233,COL-E
1234,COL-E
1235,WCT-A
1236,WCT-B
1237,CH-B
1238,CH-B
1239,CH-B
1240,COL-D
1241,COL-D
1242,COL-A
1243,FH-C
1244,EH-D
1245,COL-F
1246,COL-F
1247,WCT-B
1248,COL-B
1249,COL-E
1250,COL-E
1251,CH-B
1252,EH-A
1253,EH-A
1254,EH-C
1255,EH-C
1256,TH-B
1257,FH-A
1258,WH-A
1259,CH-A
1260,TH-A
1261,TH-A
1262,WCT-B
1263,COL-B
1264,EH-D
1265,COL-F
1266,WCT-B
1267,FH-C
1268,WH-D
1269,WH-D
1270,COL-B
1271,COL-A
1272,WCT-B
1273,COL-B
1274,COL-B
1275,EH-A
1276,EH-A
1277,EH-C
1278,TH-B
1279,FH-C
1280,TH-A
1281,TH-C
1282,TH-C
1283,WH-A
1284,WH-A
1285,CH-A
1286,CH-A
1287,TH-B
1288,FH-A
1289,COL-B
1290,WH-B
1291,WH-B
1292,COL-E
1293,CH-A
1294,CH-A
1295,EH-A
1296,EH-C
1297,WCT-B
1298,WCT-B
1299,COL-A
1300,COL-A
1301,COL-A
1302,COL-A
1303,WH-D
1304,WH-B
1305,WH-B
1306,COL-D
1307,COL-F
1308,FH-C
1309,EH-D
1310,EH-D
1311,EH-D
1312,EH-D
1313,FH-B
1314,WH-D
1315,WH-D
1316,WH-C
1317,FH-B
1318,EH-D
1319,EH-D
1320,EH-D
1321,EH-D
1322,EH-D
1323,COL-F
1324,EH-D
1325,COL-A
1326,FH-A
1327,EH-D
1328,COL-A
1329,COL-A
1330,COL-A
1331,WH-D
1332,EH-D
1333,EH-E
1334,EH-C
1335,FH-C
1336,EH-D
1337,TH-B
1338,FH-C
1339,COL-A
1340,COL-B
1341,COL-D
1342,COL-F
1343,COL-F
1344,WCT-B
1345,FH-C
1346,FH-C
1347,EH-E
1348,EH-E
1349,TH-B
1350,TH-C
1351,EH-E
1352,TH-C
1353,TH-C
1354,WH-C
1355,TH-A
1356,TH-A
1357,WCT-A
1358,WCT-B
1359,FH-A
1360,WH-A
1361,WH-B
1362,COL-F
1363,FH-C
1364,EH-D
1365,TH-B
1366,EH-D
1367,EH-D
1368,FH-B
1369,WH-C
1370,COL-E
1371,EH-A
1372,TH-A
1373,WCT-B
1374,COL-B
1375,COL-A
1376,COL-C
1377,COL-C
1378,COL-C
1379,COL-D
1380,COL-F
1381,COL-A
1382,FH-B
1383,FH-B
1384,TH-B
1385,FH-B
1386,EH-D
1387,TH-B
1388,FH-B
1389,FH-B
1390,FH-B
1391,FH-B
1392,WH-D
1393,WH-C
1394,EH-C
1395,TH-B
1396,FH-A
1397,WH-D
1398,WH-A
1399,WH-B
1400,COL-E
1401,WCT-A
1402,WCT-B
1403,FH-A
1404,TH-C
1405,FH-A
1406,WH-D
1407,WH-C
1408,FH-B
1409,WH-D
1410,WH-C
1411,EH-E
1412,TH-C
1413,WH-A
1414,WH-A
1415,WH-A
1416,WH-C
1417,AM-B
1418,AM-B
1419,EH-C
1420,TH-B
1421,WCT-A
1422,FH-A
1423,WH-D
1424,WH-B
1425,AM-B
1426,COL-E
1427,TH-A
1428,FH-B
1429,WH-A
1430,WH-D
1431,WH-D
1432,WH-B
1433,COL-E
1434,EH-B
1435,TH-A
1436,TH-A
1437,EH-C
1438,AM-D
1439,AM-E
1440,AM-B
1441,COL-C
1442,COL-F
1443,WCT-B
1444,FH-C
1445,AM-B
1446,EH-B
1447,AM-D
1448,AM-E
1449,COL-C
1450,WH-B
1451,COL-E
1452,COL-D
1453,COL-C
1454,COL-C
1455,COL-C
1456,COL-C
1457,COL-C
1458,AM-A
1459,WH-B
1460,WH-B
1461,AM-A
1462,AM-A
1463,WH-A
1464,WCT-A
1465,CH-B
1466,EH-B
1467,TH-A
1468,AM-E
1469,AM-E
1470,AM-E
1471,AM-A
1472,AM-A
1473,AM-A
1474,AM-C
1475,AM-C
1476,AM-C
1477,AM-C
1478,AM-A
1479,AM-A
1480,AM-A
1481,AM-C
1482,EH-B
1483,AM-E
1484,AM-B
1485,AM-B
1486,AM-C
1487,AM-C
1488,AM-C
1489,EH-B
1490,AM-C
1491,AM-C
1492,AM-D
1493,AM-C
1494,AM-C
1495,AM-C
1496,AM-C
1497,AM-C
1498,AM-C
1499,AM-D
1500,AM-C
1501,COL-C
1502,AM-A
1503,EH-B
1504,AM-D
1505,AM-C
1506,AM-C
1507,AM-C
1508,AM-C
1509,AM-D
1510,AM-C
1511,AM-D
1512,AM-D
1513,AM-C
1514,AM-C
1515,AM-C
1516,AM-C
1517,AM-C
1518,AM-C
1519,AM-C
1520,AM-D
1521,AM-C
1522,AM-C
1523,AM-C
1524,AM-C
1525,AM-D
1526,AM-E
1527,AM-A
1528,AM-A
1529,AM-A
1530,AM-C
1531,AM-C
1532,EH-B
1533,COL-C
1534,WH-A
1535,CH-B
1536,COL-C
1537,CH-B
1538,CH-B
1539,EH-C
1540,TH-A
1541,TH-A
1542,WH-A
1543,AM-B
1544,CH-B
1545,EH-A
1546,EH-B
1547,EH-B
1548,AM-B
1549,EH-B
1550,AM-D
1551,WH-D
1552,WCT-A
1553,EH-B
1554,TH-A
1555,TH-A
1556,COL-C
1557,COL-C
1558,COL-C
1559,COL-C
1560,WCT-A
1561,COL-D
1562,COL-A
1563,COL-A
1564,COL-A
1565,COL-A
1566,WH-D
1567,WH-D
1568,WH-C
1569,WH-C
1570,WH-D
1571,WH-B
1572,WH-C
1573,TH-A
1574,FH-A
1575,TH-C
1576,WH-A
1577,WH-C
1578,TH-A
1579,TH-A
1580,TH-A
1581,COL-C
1582,COL-C
1583,COL-C
1584,COL-C
1585,COL-D
1586,COL-F
1587,COL-F
1588,COL-F
1589,WCT-B
1590,WCT-B
1591,COL-C
1592,COL-D
1593,COL-D
1594,COL-F
1595,COL-F
1596,FH-A
1597,FH-B
1598,EH-D
1599,EH-D
1600,COL-F
1601,FH-C
1602,COL-B
1603,COL-C
1604,COL-C
1605,COL-C
1606,COL-A
1607,WH-B
1608,COL-E
1609,COL-F
1610,FH-C
1611,WH-C
1612,COL-E
1613,COL-F
1614,FH-C
1615,FH-C
1616,COL-B
1617,WH-B
1618,WH-B
1619,WH-B
1620,COL-D
1621,COL-F
1622,COL-A
1623,COL-A
1624,EH-D
1625,FH-B
1626,FH-B
1627,FH-B
1628,FH-B
1629,WH-C
1630,CH-A
1631,CH-A
1632,EH-A
1633,EH-A
1634,EH-A
1635,EH-C
1636,TH-A
1637,COL-C
1638,COL-A
1639,WH-B
1640,WH-B
1641,COL-E
1642,WCT-A
1643,WCT-A
1644,WCT-B
1645,COL-B
1646,WCT-B
1647,EH-C
1648,COL-B
1649,COL-A
1650,COL-F
1651,FH-C
1652,FH-C
1653,COL-E
1654,COL-E
1655,COL-E
1656,TH-A
1657,WCT-B
1658,COL-A
1659,COL-C
1660,COL-F
1661,EH-D
1662,FH-C
1663,WCT-A
1664,EH-D
1665,EH-D
1666,COL-A
1667,COL-A
1668,EH-D
1669,WCT-A
1670,TH-B
1671,FH-B
1672,FH-B
1673,COL-F
1674,FH-C
1675,FH-C
1676,FH-C
1677,TH-A
1678,FH-C
1679,FH-C
1680,FH-B
1681,FH-B
1682,WH-D
1683,WH-C
1684,WH-C
1685,COL-A
1686,WH-D
1687,WH-C
1688,EH-E
1689,TH-A
1690,COL-B
1691,WH-C
1692,COL-E
1693,FH-A
1694,WH-D
1695,WH-B
1696,WH-B
1697,WH-B
1698,COL-E
1699,CH-A
1700,COL-E
1701,FH-C
1702,FH-B
1703,FH-B
1704,FH-A
1705,WH-D
1706,WH-C
1707,EH-A
1708,EH-C
1709,FH-C
1710,TH-C
1711,WH-C
1712,WH-B
1713,WH-B
1714,WH-B
1715,COL-E
1716,EH-A
1717,EH-A
1718,EH-A
1719,EH-A
1720,EH-D
1721,EH-D
1722,TH-C
1723,FH-B
1724,WH-D
1725,WH-C
1726,WH-C
1727,WCT-A
1728,WCT-B
1729,FH-C
1730,FH-C
1731,FH-A
1732,COL-B
1733,COL-E
1734,COL-E
1735,COL-E
1736,WCT-B
1737,WCT-B
1738,COL-C
1739,FH-C
1740,EH-B
1741,COL-F
1742,TH-B
1743,FH-A
1744,WH-D
1745,WH-C
1746,WCT-A
1747,WCT-B
1748,COL-B
1749,COL-B
1750,WH-B
1751,WH-B
1752,WH-B
1753,COL-E
1754,FH-C
1755,TH-C
1756,WH-D
1757,WH-C
1758,FH-B
1759,COL-B
1760,WH-B
1761,COL-F
1762,COL-A
1763,WH-D
1764,WH-D
1765,FH-B
1766,WH-D
1767,WH-C
1768,COL-E
1769,COL-E
1770,EH-B
1771,EH-B
1772,TH-A
1773,WCT-B
1774,COL-B
1775,WH-C
1776,WCT-A
1777,WCT-A
1778,EH-D
1779,FH-C
1780,COL-B
1781,COL-A
1782,EH-D
1783,EH-D
1784,COL-E
1785,COL-E
1786,EH-A
1787,EH-C
1788,FH-C
1789,WH-D
1790,WH-C
1791,COL-E
1792,CH-B
1793,CH-B
1794,COL-E
1795,WCT-A
1796,FH-A
1797,AM-E
1798,AM-A
1799,WCT-A
1800,AM-D
1801,AM-E
1802,COL-C
1803,AM-A
1804,COL-C
1805,COL-C
1806,AM-E
1807,AM-E
1808,AM-E
1809,AM-E
1810,AM-E
1811,FH-C
1812,FH-B
1813,AM-E
1814,AM-A
1815,AM-A
1816,AM-B
1817,AM-B
1818,AM-E
1819,AM-A
1820,WH-C
1821,WH-C
1822,FH-C
1823,WH-C
1824,WH-C
1825,WH-C
1826,AM-B
1827,AM-D
1828,AM-E
1829,AM-E
1830,AM-C
1831,AM-C
1832,AM-A
1833,AM-C
1834,AM-B
1835,AM-B
1836,AM-B
1837,AM-B
1838,AM-E
1839,AM-B
1840,AM-B
1841,AM-B
1842,EH-B
1843,AM-D
1844,AM-E
1845,AM-B
1846,AM-B
1847,AM-B
1848,TH-C
1849,WH-A
1850,WH-A
1851,CH-B
1852,EH-B
1853,EH-B
1854,TH-A
1855,TH-A
1856,AM-C
1857,AM-D
1858,AM-C
1859,AM-C
1860,AM-C
1861,AM-C
1862,AM-C
1863,AM-C
1864,AM-C
1865,AM-D
1866,AM-E
1867,AM-A
1868,AM-C
1869,AM-D
1870,AM-E
1871,AM-E
1872,AM-C
1873,AM-C
1874,AM-C
1875,AM-D
1876,AM-E
1877,AM-A
1878,AM-B
1879,AM-B
1880,AM-B
1881,AM-B
1882,EH-B
1883,AM-D
1884,AM-E
1885,AM-E
1886,AM-E
1887,AM-E
1888,AM-B
1889,AM-C
1890,EH-B
1891,AM-D
1892,AM-D
1893,FH-A
1894,AM-E
1895,AM-E
1896,AM-D
1897,FH-A
1898,WH-D
1899,WH-B
1900,AM-B
1901,TH-A
1902,WCT-A
1903,WCT-A
1904,EH-B
1905,EH-B
1906,AM-B
1907,AM-B
1908,EH-B
1909,EH-B
1910,AM-D
1911,AM-A
1912,AM-B
1913,EH-B
1914,TH-A
1915,WH-A
1916,COL-B
1917,CH-A
1918,TH-A
1919,TH-A
1920,TH-A
1921,CH-B
1922,EH-B
1923,TH-A
1924,FH-A
1925,COL-B
1926,EH-D
1927,TH-B
1928,TH-C
1929,COL-E
1930,WCT-B
1931,FH-C
1932,FH-C
1933,COL-B
1934,COL-A
1935,COL-B
1936,EH-D
1937,EH-D
1938,COL-A
1939,FH-B
1940,WH-D
1941,WCT-A
1942,WCT-A
1943,TH-C
1944,WH-C
1945,WH-C
1946,WH-D
1947,WH-C
1948,CH-A
1949,CH-A
1950,EH-A
1951,EH-A
1952,EH-E
1953,CH-A
1954,EH-E
1955,TH-B
1956,WH-A
1957,WCT-A
1958,COL-B
1959,EH-D
1960,COL-F
1961,FH-C
1962,EH-E
1963,FH-C
1964,WH-C
1965,COL-E
1966,COL-E
1967,COL-E
1968,COL-D
1969,EH-A
1970,EH-E
1971,EH-E
1972,WCT-A
1973,EH-C
1974,EH-C
1975,EH-C
1976,FH-C
1977,EH-D
1978,EH-C
1979,EH-E
1980,EH-A
1981,EH-C
1982,EH-A
1983,EH-E
1984,EH-E
1985,WCT-A
1986,WCT-B
1987,WCT-B
1988,CH-A
1989,EH-A
1990,CH-A
1991,EH-A
1992,EH-C
1993,WCT-B
1994,EH-C
1995,TH-B
1996,TH-B
1997,COL-B
1998,COL-D
1999,COL-F
2000,FH-C
2001,FH-C
2002,EH-D
2003,COL-A
2004,COL-A
2005,WH-D
2006,WH-B
2007,WH-B
2008,EH-C
2009,FH-C
2010,FH-C
2011,FH-A
2012,COL-B
2013,COL-C
2014,COL-C
2015,COL-B
2016,COL-C
2017,COL-C
2018,COL-C
2019,COL-C
2020,FH-A
2021,WH-B
2022,COL-F
2023,COL-F
2024,COL-F
2025,FH-A
2026,FH-A
2027,COL-B
2028,COL-B
2029,COL-E
2030,EH-A
2031,EH-A
2032,EH-C
2033,WCT-B
2034,WCT-B
2035,COL-B
2036,COL-C
2037,COL-F
2038,FH-C
2039,COL-A
2040,FH-C
2041,EH-D
2042,TH-B
2043,FH-C
2044,FH-C
2045,COL-A
2046,WH-D
2047,WH-B
2048,COL-E
2049,COL-B
2050,WH-B
2051,COL-E
2052,EH-A
2053,EH-A
2054,EH-E
2055,EH-E
2056,FH-B
2057,WH-A
2058,COL-B
2059,CH-B
2060,COL-D
2061,WCT-B
2062,COL-B
2063,EH-A
2064,EH-A
2065,EH-A
2066,EH-C
2067,TH-C
2068,WH-C
2069,COL-E
2070,FH-C
2071,FH-C
2072,FH-C
2073,TH-B
2074,FH-A
2075,WH-D
2076,EH-D
2077,EH-D
2078,EH-D
2079,FH-C
2080,TH-C
2081,EH-E
2082,FH-A
2083,WH-B
2084,WH-B
2085,EH-D
2086,FH-B
2087,WH-C
2088,COL-F
2089,FH-B
2090,FH-B
2091,TH-C
2092,WH-A
2093,COL-B
2094,FH-C
2095,WH-C
2096,WH-C
2097,COL-E
2098,WH-A
2099,WH-B
2100,COL-E
2101,WCT-A
2102,COL-F
2103,FH-C
2104,COL-B
2105,EH-D
2106,EH-D
2107,EH-E
2108,FH-B
2109,WH-C
2110,WH-C
2111,COL-E
2112,EH-A
2113,EH-D
2114,FH-B
2115,WH-C
2116,WH-C
2117,EH-C
2118,TH-B
2119,WH-A
2120,CH-A
2121,TH-C
2122,CH-A
2123,CH-A
2124,CH-A
2125,WH-A
2126,CH-A
2127,CH-A
2128,EH-A
2129,EH-B
2130,TH-C
2131,TH-C
2132,EH-D
2133,FH-C
2134,FH-C
2135,WH-D
2136,WH-D
2137,WH-C
2138,COL-E
2139,COL-E
2140,FH-C
2141,WH-C
2142,CH-A
2143,EH-E
2144,TH-C
2145,FH-B
2146,WH-D
2147,WH-D
2148,WH-C
2149,WH-B
2150,WH-C
2151,WH-C
2152,WH-C
2153,FH-B
2154,WH-D
2155,WH-B
2156,COL-E
2157,TH-A
2158,TH-C
2159,WH-C
2160,TH-B
2161,FH-A
2162,WH-B
2163,COL-E
2164,COL-E
2165,WCT-B
2166,WH-A
2167,TH-A
2168,TH-C
2169,WH-A
2170,WH-C
2171,WH-C
2172,CH-A
2173,AM-B
2174,AM-B
2175,CH-B
2176,EH-B
2177,EH-B
2178,EH-B
2179,COL-C
2180,WCT-A
2181,EH-B
2182,AM-E
2183,AM-B
2184,TH-C
2185,WH-D
2186,AM-B
2187,AM-D
2188,AM-E
2189,AM-A
2190,AM-C
2191,AM-B
2192,AM-C
2193,EH-B
2194,EH-B
2195,EH-B
2196,EH-B
2197,EH-B
2198,AM-C
2199,AM-D
2200,AM-E
2201,AM-B
2202,AM-B
2203,AM-B
2204,AM-B
2205,AM-B
2206,AM-B
2207,EH-B
2208,AM-D
2209,AM-E
2210,AM-A
2211,AM-A
2212,AM-A
2213,AM-C
2214,AM-E
2215,TH-A
2216,WCT-A
2217,WCT-A
2218,COL-C
2219,COL-B
2220,COL-C
2221,COL-C
2222,COL-D
2223,COL-F
2224,FH-C
2225,AM-E
2226,AM-E
2227,AM-B
2228,EH-B
2229,EH-B
2230,TH-A
2231,AM-E
2232,AM-A
2233,AM-B
2234,AM-B
2235,AM-D
2236,AM-C
2237,AM-C
2238,AM-C
2239,AM-D
2240,AM-E
2241,AM-A
2242,AM-A
2243,AM-B
2244,AM-B
2245,EH-B
2246,EH-B
2247,AM-E
2248,AM-B
2249,AM-E
2250,AM-B
2251,AM-E
2252,AM-A
2253,AM-B
2254,AM-E
2255,AM-D
2256,AM-E
2257,AM-B
2258,COL-C
2259,AM-B
2260,TH-A
2261,CH-B
2262,CH-B
2263,CH-B
2264,EH-B
2265,EH-B
2266,TH-A
2267,CH-B
2268,EH-B
2269,AM-E
2270,AM-A
2271,COL-C
2272,FH-C
2273,WH-C
2274,TH-A
2275,TH-A
2276,TH-C
2277,WH-D
2278,WH-C
2279,AM-B
2280,AM-E
2281,AM-B
2282,AM-B
2283,EH-B
2284,EH-E
2285,EH-E
2286,TH-C
2287,AM-E
2288,AM-B
2289,AM-B
2290,AM-B
2291,EH-B
2292,TH-A
2293,TH-A
2294,TH-C
2295,AM-B
2296,TH-A
2297,EH-B
2298,TH-B
2299,WH-A
2300,CH-A
2301,CH-A
2302,TH-A
2303,CH-B
2304,CH-B
2305,EH-A
2306,EH-A
2307,EH-A
2308,TH-A
2309,EH-E
2310,EH-E
2311,FH-B
2312,WH-A
2313,WH-D
2314,WH-D
2315,WH-C
2316,WH-C
2317,WH-A
2318,EH-D
2319,COL-F
2320,TH-B
2321,TH-C
2322,TH-A
2323,EH-C
2324,COL-A
2325,COL-A
2326,COL-A
2327,COL-A
2328,COL-A
2329,COL-A
2330,CH-A
2331,EH-D
2332,EH-D
2333,FH-B
2334,FH-B
2335,FH-B
2336,WH-C
2337,WH-C
2338,CH-A
2339,EH-E
2340,EH-E
2341,WCT-A
2342,WCT-B
2343,COL-B
2344,EH-D
2345,TH-B
2346,FH-B
2347,WH-C
2348,CH-A
2349,EH-B
2350,TH-A
2351,EH-B
2352,EH-B
2353,CH-B
2354,TH-A
2355,CH-A
2356,COL-E
2357,EH-A
2358,CH-A
2359,CH-A
2360,EH-E
2361,TH-B
2362,FH-B
2363,FH-B
2364,WH-A
2365,WH-B
2366,EH-A
2367,EH-A
2368,WCT-B
2369,WCT-B
2370,COL-C
2371,COL-D
2372,COL-D
2373,COL-F
2374,COL-A
2375,FH-A
2376,COL-C
2377,COL-D
2378,WCT-A
2379,WCT-B
2380,WCT-B
2381,COL-E
2382,EH-A
2383,EH-C
2384,COL-F
2385,COL-A
2386,COL-A
2387,COL-A
2388,WH-D
2389,WH-D
2390,EH-D
2391,COL-C
2392,COL-D
2393,COL-D
2394,COL-F
2395,COL-A
2396,COL-D
2397,COL-F
2398,COL-A
2399,COL-A
2400,COL-A
2401,EH-D
2402,FH-C
2403,WH-C
2404,CH-A
2405,EH-A
2406,TH-A
2407,WCT-B
2408,WCT-B
2409,COL-B
2410,WH-B
2411,WH-B
2412,WCT-A
2413,TH-B
2414,FH-A
2415,COL-B
2416,WCT-A
2417,WCT-B
2418,COL-B
2419,COL-C
2420,WH-D
2421,WH-C
2422,COL-E
2423,COL-E
2424,TH-A
2425,WH-A
2426,WCT-B
2427,COL-B
2428,WH-C
2429,WH-B
2430,WH-B
2431,COL-E
2432,COL-E
2433,EH-A
2434,TH-B
2435,FH-A
2436,WH-D
2437,WH-C
2438,WH-C
2439,WH-C
2440,TH-A
2441,COL-F
2442,FH-A
2443,FH-A
2444,WH-D
2445,COL-C
2446,COL-E
2447,COL-E
2448,TH-A
2449,FH-A
2450,WH-D
2451,WH-C
2452,WH-C
2453,WH-A
2454,WH-B
2455,WCT-A
2456,WCT-B
2457,WCT-B
2458,WCT-B
2459,TH-C
2460,WH-D
2461,WH-C
2462,WCT-A
2463,WCT-B
2464,WCT-B
2465,WCT-B
2466,TH-B
2467,COL-A
2468,FH-A
2469,WH-D
2470,COL-C
2471,COL-C
2472,WCT-B
2473,COL-B
2474,COL-B
2475,EH-D
2476,COL-F
2477,COL-F
2478,FH-A
2479,COL-B
2480,WH-C
2481,WH-D
2482,WH-C
2483,WH-C
2484,WH-C
2485,WH-C
2486,WH-C
2487,WH-C
2488,COL-E
2489,COL-F
2490,EH-D
2491,FH-C
2492,COL-A
2493,FH-A
2494,WH-A
2495,WH-A
2496,WH-C
2497,WCT-A
2498,TH-B
2499,WH-D
2500,EH-D
2501,TH-C
2502,TH-B
2503,EH-D
2504,TH-C
2505,EH-D
2506,FH-A
2507,WH-D
2508,WH-B
2509,WH-B
2510,CH-B
2511,EH-A
2512,EH-C
2513,TH-B
2514,TH-B
2515,TH-C
2516,TH-C
2517,TH-C
2518,AM-E
2519,AM-B
2520,CH-B
2521,TH-A
2522,FH-A
2523,COL-B
2524,WH-A
2525,AM-B
2526,CH-B
2527,EH-B
2528,EH-B
2529,FH-A
2530,WH-A
2531,COL-E
2532,EH-C
2533,FH-A
2534,WH-D
2535,WH-B
2536,WH-B
2537,COL-C
2538,COL-C
2539,COL-C
2540,COL-C
2541,COL-C
2542,COL-C
2543,AM-B
2544,WH-A
2545,WH-A
2546,CH-B
2547,EH-B
2548,FH-A
2549,TH-C
2550,AM-B
2551,WH-A
2552,WH-A
2553,CH-B
2554,CH-B
2555,CH-B
2556,CH-B
2557,AM-C
2558,AM-C
2559,AM-D
2560,AM-D
2561,AM-E
2562,AM-A
2563,AM-C
2564,AM-C
2565,AM-C
2566,AM-C
2567,AM-D
2568,AM-C
2569,AM-D
2570,AM-D
2571,AM-B
2572,AM-D
2573,AM-D
2574,AM-D
2575,AM-E
2576,AM-E
2577,AM-C
2578,AM-D
2579,AM-D
2580,AM-E
2581,AM-A
2582,AM-B
2583,AM-B
2584,AM-B
2585,EH-B
2586,EH-B
2587,TH-A
2588,AM-E
2589,AM-B
2590,AM-B
2591,AM-D
2592,AM-E
2593,AM-A
2594,AM-A
2595,CH-B
2596,EH-B
2597,AM-D
2598,AM-D
2599,FH-A
2600,FH-A
2601,AM-E
2602,AM-A
2603,AM-B
2604,AM-B
2605,AM-B
2606,WH-B
2607,COL-E
2608,EH-B
2609,TH-A
2610,TH-A
2611,CH-B
2612,CH-B
2613,CH-B
2614,EH-B
2615,EH-B
2616,AM-A
2617,AM-C
2618,EH-B
2619,AM-D
2620,COL-C
2621,AM-E
2622,AM-A
2623,AM-A
2624,AM-B
2625,EH-B
2626,EH-B
2627,AM-D
2628,AM-D
2629,AM-C
2630,AM-C
2631,CH-B
2632,EH-B
2633,EH-B
2634,EH-B
2635,EH-E
2636,TH-C
2637,WH-A
2638,CH-A
2639,EH-B
2640,TH-A
2641,EH-B
2642,AM-D
2643,AM-D
2644,AM-E
2645,COL-B
2646,EH-B
2647,AM-D
2648,AM-E
2649,AM-B
2650,AM-B
2651,CH-A
2652,COL-E
2653,COL-F
2654,COL-E
2655,EH-B
2656,COL-D
2657,EH-C
2658,TH-B
2659,FH-B
2660,WH-C
2661,CH-A
2662,EH-E
2663,TH-A
2664,EH-E
2665,EH-E
2666,EH-E
2667,TH-B
2668,EH-E
2669,TH-A
2670,WH-A
2671,CH-A
2672,CH-A
2673,EH-A
2674,EH-E
2675,CH-A
2676,CH-A
2677,CH-A
2678,EH-A
2679,EH-A
2680,FH-C
2681,EH-A
2682,EH-A
2683,TH-A
2684,CH-A
2685,EH-A
2686,TH-A
2687,TH-A
2688,TH-A
2689,TH-A
2690,WCT-A
2691,WCT-B
2692,WCT-B
2693,TH-B
2694,FH-A
2695,WH-A
2696,WH-B
2697,CH-B
2698,CH-B
2699,CH-B
2700,EH-A
2701,EH-A
2702,EH-A
2703,EH-A
2704,CH-B
2705,EH-A
2706,EH-B
2707,EH-C
2708,TH-B
2709,TH-B
2710,FH-A
2711,COL-B
2712,WCT-A
2713,TH-B
2714,FH-C
2715,CH-A
2716,CH-A
2717,CH-A
2718,CH-A
2719,WH-B
2720,EH-A
2721,EH-A
2722,EH-E
2723,EH-D
2724,EH-E
2725,EH-E
2726,TH-C
2727,EH-D
2728,TH-B
2729,TH-C
2730,FH-B
2731,COL-B
2732,WH-B
2733,COL-D
2734,EH-C
2735,FH-C
2736,CH-A
2737,CH-A
2738,EH-E
2739,TH-A
2740,CH-A
2741,CH-A
2742,TH-A
2743,CH-B
2744,EH-A
2745,EH-A
2746,EH-C
2747,TH-B
2748,TH-C
2749,TH-C
2750,CH-A
2751,CH-A
2752,CH-A
2753,EH-E
2754,TH-A
2755,WH-A
2756,EH-C
2757,COL-C
2758,COL-C
2759,WH-B
2760,WH-B
2761,COL-D
2762,COL-F
2763,FH-C
2764,COL-C
2765,WCT-A
2766,COL-B
2767,EH-D
2768,FH-C
2769,EH-D
2770,COL-A
2771,FH-B
2772,WH-D
2773,WH-B
2774,EH-D
2775,EH-D
2776,EH-D
2777,FH-B
2778,WCT-A
2779,FH-A
2780,WH-C
2781,CH-A
2782,CH-A
2783,COL-E
2784,EH-A
2785,EH-A
2786,TH-A
2787,TH-A
2788,TH-A
2789,CH-A
2790,CH-A
2791,CH-A
2792,EH-A
2793,CH-A
2794,EH-A
2795,EH-A
2796,TH-A
2797,TH-C
2798,TH-C
2799,TH-C
2800,TH-C
2801,TH-A
2802,EH-C
2803,TH-C
2804,TH-C
2805,CH-A
2806,TH-C
2807,TH-A
2808,TH-A
2809,TH-A
2810,TH-C
2811,WCT-A
2812,FH-A
2813,WH-D
2814,FH-B
2815,FH-B
2816,FH-A
2817,WH-A
2818,WH-B
2819,COL-E
2820,COL-E
2821,COL-E
2822,WCT-B
2823,COL-E
2824,WH-C
2825,WH-A
2826,WH-C
2827,WH-C
2828,WH-B
2829,WCT-A
2830,WCT-B
2831,COL-B
2832,COL-D
2833,COL-D
2834,COL-D
2835,EH-C
2836,FH-C
2837,EH-D
2838,FH-B
2839,TH-C
2840,CH-A
2841,COL-E
2842,COL-F
2843,FH-C
2844,WCT-B
2845,COL-C
2846,COL-C
2847,COL-B
2848,COL-D
2849,COL-D
2850,COL-D
2851,WCT-B
2852,FH-A
2853,WH-C
2854,FH-B
2855,WCT-B
2856,COL-B
2857,COL-B
2858,COL-C
2859,COL-B
2860,COL-D
2861,EH-C
2862,FH-A
2863,WH-D
2864,WH-C
2865,CH-A
2866,TH-A
2867,WH-A
2868,CH-B
2869,EH-B
2870,TH-A
2871,TH-A
2872,WH-A
2873,AM-B
2874,AM-B
2875,TH-A
2876,FH-C
2877,AM-B
2878,CH-B
2879,TH-A
2880,TH-B
2881,FH-A
2882,WCT-A
2883,WCT-B
2884,WCT-B
2885,WCT-B
2886,WCT-B
2887,FH-A
2888,WCT-B
2889,WH-D
2890,WH-A
2891,COL-C
2892,COL-C
2893,FH-A
2894,FH-A
2895,WH-D
2896,AM-A
2897,COL-C
2898,COL-C
2899,FH-A
2900,COL-B
2901,COL-C
2902,COL-C
2903,COL-F
2904,FH-C
2905,FH-C
2906,FH-B
2907,AM-E
2908,AM-A
2909,AM-A
2910,AM-A
2911,AM-D
2912,AM-D
2913,AM-E
2914,AM-C
2915,AM-C
2916,COL-C
2917,COL-C
2918,COL-C
2919,COL-F
2920,AM-D
2921,AM-E
2922,WCT-A
2923,TH-A
2924,CH-B
2925,EH-B
2926,EH-C
2927,TH-B
2928,TH-B
2929,TH-C
2930,TH-C
2931,AM-E
2932,AM-B
2933,EH-B
2934,AM-D
2935,AM-D
2936,AM-D
2937,AM-E
2938,AM-A
2939,AM-B
2940,AM-C
2941,AM-D
2942,AM-C
2943,EH-B
2944,AM-E
2945,AM-E
2946,AM-E
2947,AM-E
2948,AM-E
2949,AM-B
2950,AM-B
2951,AM-D
2952,AM-A
2953,AM-B
2954,AM-B
2955,AM-B
2956,AM-B
2957,AM-E
2958,WH-C
2959,AM-E
2960,AM-B
2961,AM-D
2962,AM-E
2963,AM-B
2964,AM-D
2965,AM-E
2966,AM-B
2967,AM-B
2968,AM-A
2969,EH-B
2970,EH-B
2971,EH-B
2972,AM-D
2973,AM-E
2974,AM-E
2975,AM-A
2976,AM-A
2977,CH-B
2978,EH-B
2979,EH-B
2980,EH-B
2981,AM-D
2982,AM-D
2983,AM-E
2984,AM-B
2985,AM-E
2986,AM-B
2987,AM-E
2988,COL-C
2989,AM-E
2990,WH-A
2991,CH-B
2992,EH-B
2993,EH-B
2994,EH-B
2995,EH-B
2996,WCT-B
2997,WCT-B
2998,AM-D
2999,AM-D
3000,AM-E
3001,AM-B
3002,AM-B
3003,COL-E
3004,EH-C
3005,TH-A
3006,TH-C
3007,AM-B
3008,AM-B
3009,EH-E
3010,TH-C
3011,WH-A
3012,CH-A
3013,TH-C
3014,TH-A
3015,TH-C
3016,CH-B
3017,EH-C
3018,TH-B
3019,TH-C
3020,TH-C
3021,TH-A
3022,TH-A
3023,TH-A
3024,TH-A
3025,FH-A
3026,WH-D
3027,WH-C
3028,WH-D
3029,WH-C
3030,WH-A
3031,WH-A
3032,COL-B
3033,COL-C
3034,WH-B
3035,COL-C
3036,COL-A
3037,FH-A
3038,FH-A
3039,WH-D
3040,WCT-A
3041,FH-A
3042,COL-B
3043,COL-C
3044,COL-A
3045,FH-A
3046,WH-D
3047,WH-D
3048,WH-D
3049,WH-B
3050,WCT-A
3051,WCT-A
3052,WCT-B
3053,WH-D
3054,WH-D
3055,WH-B
3056,WH-B
3057,WH-B
3058,COL-E
3059,COL-E
3060,TH-A
3061,TH-A
3062,WH-B
3063,COL-E
3064,EH-A
3065,EH-A
3066,EH-C
3067,EH-C
3068,TH-B
3069,TH-B
3070,FH-B
3071,WH-D
3072,WH-C
3073,EH-E
3074,CH-A
3075,COL-D
3076,EH-C
3077,FH-C
3078,FH-A
3079,FH-C
3080,COL-A
3081,COL-A
3082,COL-A
3083,WH-C
3084,COL-E
3085,EH-C
3086,TH-B
3087,FH-B
3088,WH-C
3089,CH-A
3090,EH-A
3091,EH-A
3092,EH-A
3093,EH-A
3094,COL-F
3095,COL-D
3096,COL-D
3097,COL-F
3098,COL-E
3099,EH-C
3100,EH-C
3101,TH-B
3102,WCT-B
3103,WCT-B
3104,TH-A
3105,WH-A
3106,WH-B
3107,COL-E
3108,EH-A
3109,EH-C
3110,WCT-B
3111,FH-A
3112,COL-B
3113,EH-D
3114,EH-C
3115,WCT-B
3116,COL-A
3117,COL-A
3118,EH-D
3119,COL-B
3120,WH-D
3121,WH-B
3122,WH-B
3123,TH-B
3124,FH-B
3125,WH-C
3126,EH-A
3127,EH-E
3128,EH-C
3129,TH-B
3130,TH-B
3131,COL-A
3132,FH-A
3133,FH-A
3134,FH-A
3135,COL-B
3136,COL-D
3137,COL-F
3138,FH-C
3139,FH-C
3140,COL-E
3141,FH-C
3142,FH-C
3143,COL-F
3144,FH-C
3145,WH-D
3146,WH-B
3147,WH-C
3148,EH-D
3149,TH-B
3150,FH-A
3151,COL-C
3152,COL-C
3153,COL-C
3154,COL-C
3155,WH-B
3156,EH-D
3157,EH-D
3158,TH-B
3159,TH-C
3160,TH-C
3161,COL-B
3162,COL-B
3163,EH-D
3164,FH-C
3165,TH-C
3166,WH-C
3167,WH-C
3168,WH-B
3169,COL-E
3170,FH-C
3171,FH-B
3172,WH-C
3173,COL-E
3174,EH-C
3175,TH-A
3176,WCT-B
3177,WCT-B
3178,COL-B
3179,COL-C
3180,WCT-B
3181,COL-B
3182,WH-B
3183,COL-E
3184,WCT-B
3185,WCT-B
3186,WCT-B
3187,COL-A
3188,COL-A
3189,WH-D
3190,WH-B
3191,WH-B
3192,COL-F
3193,FH-C
3194,WH-D
3195,COL-E
3196,COL-F
3197,FH-C
3198,COL-B
3199,WH-C
3200,WH-C
3201,FH-B
3202,FH-B
3203,FH-B
3204,WH-D
3205,WH-C
3206,WH-C
3207,EH-E
3208,TH-A
3209,WCT-A
3210,TH-B
3211,FH-B
3212,TH-C
3213,CH-A
3214,CH-B
3215,TH-A
3216,WCT-B
3217,COL-B
3218,COL-B
3219,COL-D
3220,COL-C
3221,WH-C
3222,EH-D
3223,WCT-B
3224,FH-A
3225,WH-D
3226,WH-B
3227,COL-E
3228,WH-A
3229,COL-E
3230,WH-B
3231,COL-E
3232,EH-E
3233,TH-C
3234,CH-A
3235,TH-A
3236,FH-A
3237,COL-B
3238,WH-B
3239,WCT-A
3240,WCT-B
3241,WCT-B
3242,FH-A
3243,FH-A
3244,TH-C
3245,FH-A
3246,FH-A
3247,WH-D
3248,WH-A
3249,AM-B
3250,AM-B
3251,WH-A
3252,AM-B
3253,TH-A
3254,WH-A
3255,CH-B
3256,EH-B
3257,WCT-B
3258,COL-B
3259,COL-C
3260,COL-C
3261,EH-B
3262,EH-B
3263,EH-B
3264,EH-B
3265,TH-B
3266,FH-A
3267,TH-C
3268,TH-A
3269,TH-A
3270,WH-A
3271,CH-B
3272,COL-E
3273,EH-B
3274,EH-B
3275,EH-B
3276,TH-C
3277,WH-A
3278,AM-B
3279,AM-B
3280,AM-B
3281,AM-B
3282,AM-D
3283,EH-C
3284,AM-D
3285,AM-E
3286,AM-E
3287,AM-B
3288,AM-E
3289,AM-A
3290,AM-A
3291,AM-B
3292,EH-B
3293,EH-B
3294,AM-D
3295,AM-D
3296,AM-E
3297,EH-B
3298,AM-D
3299,AM-E
3300,WH-A
3301,AM-B
3302,EH-B
3303,EH-B
3304,EH-B
3305,EH-B
3306,EH-B
3307,TH-A
3308,EH-B
3309,EH-B
3310,AM-C
3311,AM-D
3312,AM-D
3313,WCT-B
3314,WCT-B
3315,AM-E
3316,AM-B
3317,AM-E
3318,AM-B
3319,CH-B
3320,EH-B
3321,AM-D
3322,AM-B
3323,AM-D
3324,AM-E
3325,AM-E
3326,AM-B
3327,CH-B
3328,CH-B
3329,CH-B
3330,CH-B
3331,CH-B
3332,EH-B
3333,EH-C
3334,EH-C
3335,EH-C
3336,AM-D
3337,AM-D
3338,AM-D
3339,FH-A
3340,FH-A
3341,AM-A
3342,AM-A
3343,AM-A
3344,AM-C
3345,AM-C
3346,AM-C
3347,AM-A
3348,AM-C
3349,AM-C
3350,COL-D
3351,AM-B
3352,AM-B
3353,AM-B
3354,AM-A
3355,AM-A
3356,CH-B
3357,EH-B
3358,AM-D
3359,FH-C
3360,TH-C
3361,TH-A
3362,TH-A
3363,EH-C
3364,TH-C
3365,TH-C
3366,TH-C
3367,TH-A
3368,COL-E
3369,CH-B
3370,EH-B
3371,EH-A
3372,EH-C
3373,WCT-B
3374,WCT-B
3375,FH-A
3376,WCT-A
3377,WCT-A
3378,EH-C
3379,TH-B
3380,FH-A
3381,TH-C
3382,TH-A
3383,TH-A
3384,TH-A
3385,WCT-B
3386,FH-A
3387,FH-A
3388,WH-A
3389,WH-D
3390,WH-D
3391,WH-D
3392,WH-B
3393,COL-E
3394,FH-C
3395,FH-C
3396,EH-C
3397,TH-B
3398,TH-B
3399,FH-A
3400,WH-D
3401,WH-C
3402,CH-A
3403,EH-A
3404,TH-A
3405,TH-A
3406,TH-A
3407,WH-A
3408,WH-A
3409,WH-A
3410,WH-B
3411,COL-E
3412,COL-E
3413,COL-E
3414,FH-C
3415,COL-E
3416,EH-A
3417,COL-F
3418,COL-F
3419,FH-C
3420,FH-C
3421,COL-F
3422,EH-D
3423,EH-E
3424,CH-A
3425,EH-E
3426,EH-E
3427,EH-E
3428,EH-D
3429,EH-E
3430,CH-A
3431,CH-A
3432,CH-A
3433,COL-B
3434,TH-C
3435,CH-A
3436,EH-A
3437,TH-A
3438,TH-B
3439,TH-A
3440,COL-B
3441,COL-D
3442,COL-F
3443,COL-F
3444,WCT-B
3445,COL-D
3446,COL-D
3447,COL-F
3448,EH-D
3449,EH-C
3450,EH-E
3451,TH-A
3452,TH-C
3453,FH-A
3454,WH-C
3455,WH-C
3456,WH-B
3457,WH-B
3458,COL-E
3459,COL-E
3460,EH-A
3461,CH-A
3462,EH-E
3463,EH-E
3464,WCT-A
3465,WCT-B
3466,WCT-B
3467,COL-B
3468,COL-D
3469,COL-A
3470,COL-A
3471,COL-A
3472,WH-D
3473,WH-B
3474,COL-E
3475,COL-E
3476,COL-E
3477,EH-A
3478,CH-A
3479,EH-A
3480,FH-C
3481,WH-A
3482,WH-B
3483,COL-E
3484,COL-E
3485,COL-F
3486,COL-F
3487,WCT-B
3488,WCT-B
3489,EH-A
3490,EH-C
3491,FH-C
3492,COL-B
3493,WH-B
3494,COL-D
3495,COL-A
3496,COL-A
3497,COL-B
3498,WH-C
3499,WH-A
3500,WH-A
3501,WH-B
3502,EH-A
3503,EH-E
3504,FH-C
3505,EH-C
3506,TH-B
3507,FH-A
3508,TH-C
3509,COL-E
3510,COL-F
3511,EH-C
3512,TH-B
3513,FH-A
3514,COL-B
3515,COL-D
3516,COL-F
3517,COL-F
3518,FH-A
3519,WH-C
3520,WH-C
3521,WH-B
3522,COL-D
3523,COL-D
3524,COL-F
3525,FH-C
3526,COL-B
3527,COL-D
3528,COL-F
3529,COL-A
3530,COL-A
3531,COL-D
3532,COL-F
3533,COL-A
3534,WH-D
3535,WH-C
3536,CH-A
3537,EH-A
3538,EH-A
3539,EH-A
3540,EH-C
3541,TH-B
3542,WCT-B
3543,COL-B
3544,COL-B
3545,COL-D
3546,COL-C
3547,EH-A
3548,WCT-B
3549,TH-C
3550,CH-A
3551,CH-A
3552,EH-E
3553,EH-E
3554,WH-A
3555,CH-A
3556,EH-E
3557,WCT-A
3558,EH-D
3559,TH-B
3560,TH-C
3561,WH-C
3562,FH-B
3563,TH-C
3564,WH-A
3565,EH-E
3566,TH-C
3567,EH-C
3568,TH-A
3569,COL-B
3570,COL-B
3571,EH-D
3572,COL-A
3573,FH-B
3574,WH-A
3575,EH-D
3576,EH-C
3577,TH-B
3578,TH-B
3579,FH-A
3580,WH-A
3581,WH-A
3582,TH-C
3583,WH-D
3584,WH-B
3585,COL-E
3586,COL-E
3587,COL-E
3588,WCT-A
3589,WCT-B
3590,COL-B
3591,COL-B
3592,TH-C
3593,TH-C
3594,TH-C
3595,TH-B
3596,TH-C
3597,WH-A
3598,WH-A
3599,WH-A
3600,WH-A
3601,WCT-A
3602,TH-A
3603,WCT-A
3604,FH-A
3605,WH-A
3606,CH-B
3607,CH-B
3608,EH-B
3609,COL-C
3610,WCT-B
3611,COL-C
3612,TH-C
3613,WH-A
3614,WH-A
3615,COL-C
3616,EH-B
3617,COL-C
3618,EH-B
3619,EH-B
3620,COL-B
3621,COL-C
3622,AM-B
3623,TH-A
3624,AM-E
3625,AM-E
3626,AM-A
3627,AM-E
3628,WH-A
3629,WCT-A
3630,WCT-A
3631,CH-B
3632,TH-A
3633,TH-A
3634,COL-C
3635,COL-C
3636,COL-C
3637,FH-A
3638,WH-D
3639,AM-A
3640,CH-B
3641,EH-B
3642,EH-B
3643,EH-B
3644,EH-B
3645,EH-B
3646,EH-B
3647,COL-C
3648,AM-E
3649,WH-C
3650,TH-C
3651,WH-A
3652,AM-B
3653,TH-A
3654,WH-A
3655,AM-A
3656,CH-B
3657,AM-C
3658,AM-D
3659,AM-C
3660,AM-C
3661,COL-C
3662,AM-A
3663,AM-C
3664,AM-D
3665,AM-D
3666,AM-B
3667,AM-D
3668,AM-E
3669,TH-C
3670,AM-E
3671,AM-A
3672,AM-A
3673,CH-B
3674,EH-B
3675,AM-D
3676,AM-E
3677,AM-C
3678,AM-C
3679,AM-C
3680,AM-C
3681,AM-D
3682,AM-A
3683,AM-A
3684,AM-A
3685,AM-A
3686,AM-C
3687,AM-C
3688,AM-D
3689,AM-D
3690,AM-B
3691,AM-B
3692,AM-E
3693,AM-A
3694,EH-B
3695,AM-D
3696,AM-E
3697,EH-B
3698,EH-B
3699,AM-D
3700,AM-D
3701,AM-D
3702,AM-E
3703,AM-A
3704,AM-A
3705,AM-B
3706,AM-B
3707,AM-E
3708,AM-B
3709,EH-B
3710,AM-D
3711,AM-E
3712,AM-A
3713,AM-A
3714,AM-B
3715,AM-B
3716,AM-B
3717,AM-B
3718,EH-B
3719,AM-D
3720,EH-B
3721,EH-B
3722,TH-A
3723,EH-B
3724,EH-B
3725,EH-B
3726,TH-A
3727,TH-A
3728,TH-A
3729,TH-A
3730,WCT-A
3731,TH-A
3732,CH-A
3733,TH-C
3734,TH-A
3735,TH-A
3736,FH-A
3737,TH-C
3738,FH-A
3739,TH-C
3740,TH-C
3741,EH-E
3742,TH-A
3743,EH-A
3744,FH-A
3745,WH-A
3746,EH-A
3747,EH-B
3748,TH-A
3749,CH-B
3750,CH-B
3751,CH-B
3752,EH-B
3753,AM-B
3754,CH-B
3755,CH-B
3756,EH-A
3757,EH-A
3758,TH-A
3759,TH-A
3760,TH-A
3761,TH-A
3762,TH-A
3763,TH-A
3764,TH-C
3765,TH-A
3766,TH-B
3767,TH-B
3768,TH-B
3769,TH-C
3770,TH-A
3771,WH-A
3772,WH-B
3773,WH-B
3774,COL-E
3775,COL-E
3776,TH-A
3777,WH-A
3778,CH-A
3779,WH-A
3780,CH-B
3781,CH-B
3782,EH-A
3783,EH-C
3784,EH-C
3785,TH-B
3786,FH-A
3787,WH-D
3788,WH-D
3789,WH-C
3790,CH-A
3791,EH-C
3792,TH-B
3793,FH-A
3794,WH-D
3795,WH-D
3796,WH-B
3797,COL-D
3798,COL-D
3799,COL-D
3800,COL-D
3801,COL-A
3802,COL-A
3803,COL-A
3804,COL-A
3805,WH-D
3806,COL-B
3807,WH-C
3808,WH-C
3809,WH-C
3810,WH-C
3811,WH-C
3812,EH-D
3813,EH-D
3814,EH-C
3815,TH-B
3816,EH-D
3817,EH-D
3818,EH-E
3819,FH-B
3820,EH-E
3821,FH-B
3822,FH-B
3823,WH-A
3824,COL-E
3825,EH-E
3826,EH-E
3827,TH-C
3828,EH-E
3829,EH-E
3830,EH-C
3831,FH-B
3832,TH-C
3833,CH-A
3834,CH-A
3835,WH-A
3836,CH-A
3837,CH-A
3838,CH-A
3839,TH-A
3840,CH-A
3841,EH-B
3842,EH-C
3843,COL-F
3844,WCT-B
3845,FH-C
3846,COL-E
3847,EH-A
3848,COL-F
3849,TH-B
3850,FH-C
3851,EH-E
3852,WCT-B
3853,WCT-B
3854,COL-A
3855,FH-B
3856,COL-B
3857,COL-C
3858,WH-B
3859,WH-B
3860,EH-A
3861,EH-E
3862,EH-E
3863,FH-B
3864,WH-D
3865,WH-B
3866,CH-A
3867,EH-E
3868,TH-B
3869,FH-A
3870,WH-D
3871,WH-C
3872,COL-E
3873,EH-A
3874,EH-C
3875,WCT-B
3876,WCT-B
3877,COL-B
3878,COL-B
3879,EH-D
3880,FH-C
3881,FH-C
3882,COL-B
3883,WH-B
3884,WH-B
3885,COL-D
3886,COL-F
3887,FH-C
3888,EH-D
3889,EH-D
3890,EH-D
3891,FH-B
3892,FH-B
3893,WH-C
3894,CH-A
3895,EH-E
3896,EH-E
3897,EH-D
3898,FH-B
3899,FH-B
3900,WH-C
3901,WH-C
3902,CH-A
3903,EH-A
3904,TH-B
3905,EH-D
3906,FH-B
3907,WCT-A
3908,WCT-B
3909,COL-B
3910,COL-C
3911,COL-C
3912,TH-C
3913,WH-A
3914,COL-E
3915,TH-A
3916,WCT-B
3917,FH-C
3918,FH-A
3919,COL-C
3920,WCT-A
3921,COL-A
3922,WH-B
3923,COL-D
3924,COL-E
3925,WCT-A
3926,COL-A
3927,COL-A
3928,COL-A
3929,COL-A
3930,WH-D
3931,WH-C
3932,WH-C
3933,WH-D
3934,WH-C
3935,EH-E
3936,TH-B
3937,COL-B
3938,WH-B
3939,COL-F
3940,FH-C
3941,TH-A
3942,COL-B
3943,COL-F
3944,COL-C
3945,COL-C
3946,COL-C
3947,COL-C
3948,WH-C
3949,WH-C
3950,EH-E
3951,FH-A
3952,WH-A
3953,COL-D
3954,COL-D
3955,COL-A
3956,COL-A
3957,COL-E
3958,COL-E
3959,COL-D
3960,COL-E
3961,WCT-B
3962,EH-D
3963,EH-C
3964,TH-B
3965,FH-A
3966,WH-D
3967,WH-C
3968,WH-A
3969,EH-D
3970,FH-C
3971,EH-D
3972,FH-B
3973,WH-C
3974,EH-E
3975,FH-A
3976,WH-D
3977,CH-A
3978,CH-A
3979,CH-A
3980,CH-A
3981,CH-A
3982,CH-A
3983,CH-A
3984,EH-C
3985,EH-C
3986,TH-B
3987,AM-E
3988,AM-B
3989,TH-A
3990,CH-B
3991,CH-B
3992,COL-C
3993,COL-C
3994,COL-C
3995,WH-C
3996,WH-D
3997,WH-B
3998,COL-E
3999,CH-B
4000,EH-B
4001,AM-E
4002,TH-A
4003,AM-E
4004,AM-B
4005,AM-B
4006,CH-B
4007,EH-B
4008,AM-E
4009,AM-A
4010,CH-B
4011,EH-B
4012,AM-C
4013,AM-C
4014,AM-C
4015,AM-D
4016,AM-D
4017,AM-E
4018,AM-E
4019,AM-E
4020,AM-A
4021,AM-A
4022,COL-C
4023,EH-B
4024,EH-B
4025,AM-D
4026,AM-C
4027,EH-B
4028,AM-D
4029,AM-E
4030,AM-A
4031,AM-A
4032,AM-C
4033,AM-C
4034,COL-C
4035,AM-A
4036,AM-B
4037,AM-D
4038,AM-E
4039,AM-B
4040,AM-C
4041,AM-C
4042,AM-D
4043,AM-A
4044,AM-C
4045,COL-C
4046,AM-C
4047,AM-D
4048,AM-E
4049,AM-E
4050,AM-A
4051,AM-A
4052,AM-C
4053,COL-C
4054,COL-C
4055,AM-E
4056,AM-C
4057,AM-C
4058,AM-C
4059,AM-D
4060,AM-E
4061,AM-A
4062,AM-A
4063,AM-C
4064,AM-C
4065,AM-C
4066,COL-D
4067,COL-F
4068,AM-E
4069,AM-B
4070,AM-B
4071,WH-A
4072,CH-A
4073,TH-A
4074,AM-B
4075,TH-A
4076,AM-B
4077,AM-B
4078,EH-B
4079,EH-B
4080,AM-E
4081,AM-A
4082,CH-B
4083,EH-B
4084,FH-C
4085,TH-C
4086,AM-B
4087,EH-B
4088,TH-A
4089,COL-B
4090,AM-B
4091,AM-B
4092,CH-B
4093,CH-B
4094,CH-B
4095,EH-B
4096,AM-D
4097,AM-D
4098,AM-E
4099,AM-D
4100,COL-C
4101,AM-A
4102,AM-A
4103,AM-B
4104,AM-D
4105,AM-E
4106,AM-A
4107,CH-B
4108,AM-B
4109,AM-B
4110,AM-B
4111,CH-A
4112,TH-A
4113,TH-A
4114,AM-B
4115,AM-B
4116,WH-A
4117,AM-B
4118,WCT-A
4119,AM-A
4120,AM-B
4121,CH-B
4122,CH-B
4123,TH-A
4124,EH-A
4125,EH-C
4126,FH-C
4127,EH-E
4128,EH-C
4129,TH-B
4130,FH-A
4131,AM-E
4132,TH-A
4133,CH-B
4134,CH-B
4135,COL-C
4136,COL-C
4137,WH-B
4138,WH-B
4139,CH-B
4140,CH-A
4141,EH-A
4142,TH-A
4143,TH-A
4144,TH-B
4145,TH-A
4146,TH-A
4147,EH-B
4148,TH-A
4149,WCT-B
4150,WCT-B
4151,COL-B
4152,TH-A
4153,CH-B
4154,COL-D
4155,EH-C
4156,COL-C
4157,WH-D
4158,WH-B
4159,WCT-A
4160,WCT-A
4161,WCT-A
4162,WCT-A
4163,WCT-A
4164,COL-D
4165,COL-D
4166,EH-C
4167,EH-C
4168,COL-A
4169,COL-C
4170,WCT-B
4171,COL-C
4172,COL-D
4173,COL-D
4174,COL-A
4175,COL-A
4176,COL-F
4177,COL-A
4178,EH-E
4179,EH-A
4180,EH-C
4181,TH-B
4182,FH-A
4183,COL-B
4184,WH-C
4185,COL-E
4186,CH-A
4187,WH-B
4188,EH-A
4189,EH-A
4190,EH-A
4191,EH-A
4192,EH-C
4193,EH-D
4194,COL-F
4195,FH-C
4196,EH-C
4197,FH-C
4198,EH-D
4199,COL-D
4200,COL-F
4201,COL-A
4202,COL-A
4203,COL-A
4204,WH-D
4205,WH-B
4206,COL-E
4207,COL-D
4208,COL-F
4209,COL-B
4210,COL-D
4211,COL-F
4212,WCT-B
4213,COL-D
4214,COL-F
4215,COL-F
4216,TH-B
4217,FH-B
4218,WH-C
4219,WH-C
4220,COL-E
4221,EH-A
4222,WCT-B
4223,COL-A
4224,FH-A
4225,WH-D
4226,WH-D
4227,WH-B
4228,CH-A
4229,WH-A
4230,WCT-A
4231,WCT-A
4232,FH-B
4233,EH-D
4234,COL-F
4235,FH-C
4236,EH-A
4237,EH-A
4238,EH-A
4239,EH-A
4240,EH-C
4241,FH-C
4242,FH-B
4243,COL-B
4244,EH-D
4245,FH-B
4246,EH-D
4247,TH-B
4248,EH-D
4249,COL-A
4250,COL-A
4251,COL-A
4252,COL-A
4253,COL-B
4254,COL-A
4255,WCT-B
4256,COL-B
4257,COL-D
4258,COL-F
4259,COL-F
4260,COL-F
4261,COL-F
4262,COL-A
4263,FH-C
4264,EH-D
4265,WH-C
4266,WH-C
4267,COL-E
4268,WCT-A
4269,EH-D
4270,FH-B
4271,WH-D
4272,EH-D
4273,FH-B
4274,EH-D
4275,FH-B
4276,EH-D
4277,COL-F
4278,COL-F
4279,WCT-B
4280,WCT-B
4281,TH-A
4282,CH-B
4283,EH-A
4284,EH-A
4285,EH-C
4286,TH-C
4287,TH-C
4288,TH-C
4289,TH-C
4290,WH-A
4291,WH-B
4292,CH-A
4293,EH-A
4294,EH-C
4295,EH-E
4296,EH-E
4297,EH-A
4298,EH-C
4299,TH-A
4300,FH-A
4301,WH-A
4302,CH-A
4303,CH-A
4304,EH-A
4305,EH-A
4306,EH-E
4307,EH-E
4308,TH-C
4309,TH-C
4310,TH-C
4311,TH-C
4312,EH-C
4313,TH-A
4314,TH-B
4315,COL-B
4316,TH-A
4317,WCT-A
4318,WCT-A
4319,COL-D
4320,WCT-A
4321,WCT-B
4322,WCT-B
4323,COL-B
4324,WCT-A
4325,WCT-A
4326,WCT-B
4327,WH-D
4328,WH-B
4329,COL-E
4330,WCT-A
4331,TH-A
4332,WCT-A
4333,COL-B
4334,WH-A
4335,CH-A
4336,CH-B
4337,EH-A
4338,TH-A
4339,TH-A
4340,CH-B
4341,TH-A
4342,TH-A
4343,WH-A
4344,COL-E
4345,EH-A
4346,EH-A
4347,EH-C
4348,FH-A
4349,WH-D
4350,WH-C
4351,CH-A
4352,TH-A
4353,TH-A
4354,TH-A
4355,FH-A
4356,WH-A
4357,CH-B
4358,CH-B
4359,CH-B
4360,CH-B
4361,CH-B
4362,CH-B
4363,EH-B
4364,EH-B
4365,TH-A
4366,AM-A
4367,CH-B
4368,CH-B
4369,EH-B
4370,AM-D
4371,AM-D
4372,CH-B
4373,CH-B
4374,WCT-B
4375,FH-A
4376,WH-C
4377,EH-E
4378,FH-B
4379,AM-B
4380,WH-A
4381,WH-C
4382,WH-B
4383,COL-E
4384,AM-B
4385,AM-B
4386,EH-B
4387,AM-E
4388,AM-B
4389,AM-B
4390,AM-E
4391,AM-A
4392,AM-C
4393,AM-D
4394,AM-E
4395,AM-A
4396,AM-A
4397,COL-E
4398,TH-A
4399,WH-A
4400,AM-B
4401,WH-A
4402,AM-B
4403,AM-B
4404,WH-A
4405,TH-C
4406,TH-C
4407,AM-B
4408,AM-B
4409,EH-B
4410,AM-D
4411,AM-E
4412,AM-C
4413,AM-C
4414,AM-C
4415,AM-D
4416,AM-D
4417,AM-B
4418,AM-D
4419,AM-E
4420,AM-B
4421,AM-A
4422,AM-A
4423,COL-C
4424,COL-C
4425,COL-C
4426,AM-E
4427,AM-E
4428,AM-A
4429,AM-B
4430,TH-A
4431,CH-B
4432,EH-B
4433,TH-A
4434,WH-A
4435,WH-B
4436,WH-B
4437,WH-B
4438,COL-E
4439,COL-F
4440,FH-C
4441,FH-C
4442,COL-B
4443,WH-B
4444,EH-C
4445,TH-A
4446,TH-C
4447,AM-B
4448,EH-B
4449,EH-B
4450,CH-B
4451,EH-B
4452,AM-D
4453,AM-E
4454,AM-B
4455,EH-B
4456,EH-B
4457,AM-E
4458,AM-B
4459,AM-B
4460,AM-E
4461,AM-B
4462,AM-D
4463,AM-E
4464,AM-E
4465,AM-A
4466,AM-B
4467,CH-B
4468,EH-B
4469,AM-D
4470,AM-E
4471,AM-B
4472,AM-B
4473,AM-B
4474,TH-A
4475,TH-A
4476,CH-B
4477,EH-B
4478,AM-E
4479,AM-E
4480,CH-B
4481,WH-B
4482,COL-E
4483,EH-C
4484,EH-E
4485,TH-A
4486,WH-A
4487,WH-A
4488,TH-A
4489,TH-C
4490,TH-A
4491,CH-B
4492,EH-B
4493,EH-C
4494,EH-C
4495,TH-A
4496,WCT-A
4497,FH-A
4498,WH-C
4499,COL-E
4500,WH-A
4501,WCT-A
4502,WCT-A
4503,WCT-B
4504,FH-A
4505,COL-B
4506,COL-D
4507,COL-F
4508,EH-A
4509,EH-C
4510,FH-C
4511,TH-C
4512,TH-C
4513,WH-A
4514,CH-A
4515,WH-A
4516,CH-A
4517,COL-E
4518,EH-A
4519,EH-A
4520,EH-E
4521,EH-E
4522,EH-E
4523,TH-C
4524,WH-A
4525,CH-A
4526,COL-F
4527,FH-A
4528,WH-D
4529,WH-C
4530,COL-E
4531,FH-A
4532,FH-A
4533,COL-B
4534,WH-B
4535,COL-E
4536,CH-B
4537,COL-D
4538,CH-B
4539,CH-B
4540,COL-D
4541,EH-C
4542,EH-C
4543,EH-A
4544,COL-D
4545,EH-C
4546,COL-F
4547,FH-C
4548,EH-D
4549,EH-D
4550,TH-B
4551,FH-A
4552,FH-A
4553,COL-A
4554,COL-A
4555,COL-A
4556,COL-A
4557,WCT-A
4558,COL-A
4559,COL-A
4560,COL-A
4561,COL-A
4562,COL-A
4563,COL-A
4564,WH-D
4565,WH-D
4566,WH-B
4567,WH-B
4568,FH-C
4569,COL-B
4570,COL-D
4571,EH-C
4572,WCT-B
4573,COL-A
4574,COL-A
4575,COL-A
4576,COL-A
4577,WH-D
4578,COL-D
4579,COL-A
4580,COL-D
4581,COL-D
4582,COL-A
4583,WH-B
4584,COL-D
4585,COL-F
4586,COL-A
4587,EH-D
4588,EH-D
4589,COL-F
4590,EH-E
4591,EH-D
4592,EH-D
4593,EH-E
4594,COL-B
4595,WH-B
4596,COL-E
4597,EH-D
4598,EH-D
4599,FH-B
4600,COL-E
4601,EH-E
4602,FH-B
4603,WH-C
4604,WH-C
4605,WH-B
4606,EH-E
4607,TH-B
4608,FH-B
4609,WH-C
4610,COL-E
4611,COL-E
4612,CH-A
4613,CH-A
4614,WCT-A
4615,WCT-A
4616,COL-B
4617,COL-B
4618,COL-D
4619,COL-C
4620,WCT-B
4621,WCT-B
4622,WCT-B
4623,COL-B
4624,CH-A
4625,EH-E
4626,EH-E
4627,TH-A
4628,TH-B
4629,FH-B
4630,FH-B
4631,FH-A
4632,WH-D
4633,CH-A
4634,EH-E
4635,CH-A
4636,COL-B
4637,WH-D
4638,WH-C
4639,EH-E
4640,TH-B
4641,WH-D
4642,EH-D
4643,COL-F
4644,EH-E
4645,FH-C
4646,EH-D
4647,FH-C
4648,WH-C
4649,WCT-A
4650,WCT-A
4651,WCT-B
4652,WCT-B
4653,COL-A
4654,WH-D
4655,COL-A
4656,TH-B
4657,FH-A
4658,WH-D
4659,COL-E
4660,WCT-B
4661,FH-A
4662,COL-C
4663,COL-C
4664,COL-A
4665,COL-A
4666,COL-C
4667,COL-D
4668,COL-D
4669,WCT-B
4670,COL-F
4671,FH-C
4672,COL-B
4673,COL-E
4674,EH-A
4675,EH-E
4676,WCT-A
4677,WH-A
4678,WH-B
4679,WH-B
4680,COL-E
4681,EH-C
4682,TH-B
4683,TH-B
4684,FH-A
4685,WH-D
4686,COL-C
4687,COL-C
4688,COL-B
4689,WH-B
4690,COL-E
4691,COL-E
4692,WH-B
4693,COL-E
4694,WCT-A
4695,WCT-B
4696,COL-B
4697,CH-B
4698,EH-B
4699,TH-C
4700,AM-B
4701,TH-A
4702,TH-A
4703,TH-C
4704,AM-B
4705,AM-B
4706,AM-A
4707,WCT-B
4708,FH-C
4709,COL-C
4710,WCT-A
4711,FH-B
4712,FH-B
4713,WH-C
4714,AM-B
4715,EH-C
4716,TH-B
4717,AM-E
4718,WH-A
4719,AM-B
4720,AM-B
4721,AM-B
4722,AM-A
4723,AM-C
4724,AM-C
4725,AM-A
4726,AM-A
4727,COL-E
4728,COL-C
4729,COL-C
4730,COL-C
4731,WH-B
4732,WH-B
4733,WH-B
4734,COL-D
4735,COL-D
4736,COL-F
4737,FH-C
4738,COL-B
4739,WCT-B
4740,COL-C
4741,TH-C
4742,FH-A
4743,TH-C
4744,FH-B
4745,WH-C
4746,WH-A
4747,AM-B
4748,TH-A
4749,WH-A
4750,CH-B
4751,CH-B
4752,CH-B
4753,CH-B
4754,EH-B
4755,EH-B
4756,AM-D
4757,COL-C
4758,AM-A
4759,AM-A
4760,AM-A
4761,EH-B
4762,AM-D
4763,AM-D
4764,AM-E
4765,AM-E
4766,AM-A
4767,AM-A
4768,AM-B
4769,EH-B
4770,EH-B
4771,AM-B
4772,EH-B
4773,COL-C
4774,COL-C
4775,AM-D
4776,AM-D
4777,AM-E
4778,EH-B
4779,EH-B
4780,AM-D
4781,AM-E
4782,AM-B
4783,EH-B
4784,EH-B
4785,TH-A
4786,WCT-A
4787,CH-B
4788,WH-A
4789,CH-B
4790,EH-B
4791,EH-B
4792,EH-B
4793,TH-A
4794,TH-A
4795,EH-B
4796,EH-B
4797,AM-B
4798,EH-B
4799,AM-D
4800,AM-E
4801,AM-B
4802,AM-B
4803,AM-B
4804,AM-E
4805,AM-B
4806,EH-B
4807,EH-B
4808,AM-D
4809,AM-E
4810,AM-C
4811,AM-D
4812,AM-E
4813,AM-A
4814,AM-E
4815,AM-A
4816,AM-B
4817,AM-E
4818,AM-E
4819,AM-A
4820,AM-A
4821,COL-E
4822,EH-B
4823,AM-D
4824,AM-E
4825,AM-E
4826,AM-B
4827,AM-A
4828,AM-B
4829,AM-B
4830,AM-B
4831,EH-B
4832,EH-B
4833,EH-B
4834,AM-E
4835,AM-B
4836,AM-B
4837,AM-B
4838,AM-B
4839,WH-A
4840,TH-A
4841,FH-A
4842,AM-B
4843,CH-A
4844,EH-A
4845,TH-A
4846,TH-A
4847,CH-B
4848,EH-A
4849,COL-D
4850,COL-F
4851,COL-F
4852,FH-B
4853,WH-D
4854,WH-D
4855,WH-C
4856,WH-B
4857,COL-D
4858,COL-D
4859,COL-B
4860,WH-B
4861,EH-A
4862,EH-A
4863,EH-A
4864,TH-A
4865,EH-A
4866,EH-A
4867,EH-A
4868,EH-C
4869,EH-C
4870,TH-B
4871,TH-A
4872,EH-B
4873,WCT-B
4874,WCT-B
4875,EH-C
4876,EH-C
4877,TH-B
4878,COL-B
4879,EH-D
4880,WH-C
4881,TH-C
4882,FH-A
4883,WH-D
4884,WH-C
4885,WH-A
4886,CH-A
4887,CH-A
4888,EH-D
4889,WH-A
4890,WH-B
4891,EH-D
4892,TH-C
4893,EH-D
4894,WCT-A
4895,COL-B
4896,COL-D
4897,COL-A
4898,COL-A
4899,COL-A
4900,FH-B
4901,EH-D
4902,EH-E
4903,EH-E
4904,EH-C
4905,TH-B
4906,WCT-A
4907,COL-B
4908,COL-E
4909,CH-A
4910,EH-A
4911,EH-A
4912,EH-E
4913,EH-E
4914,TH-B
4915,TH-A
4916,WH-A
4917,WH-A
4918,WCT-A
4919,FH-A
4920,WH-B
4921,COL-E
4922,EH-A
4923,FH-C
4924,EH-A
4925,EH-C
4926,EH-C
4927,EH-C
4928,TH-B
4929,EH-C
4930,TH-B
4931,FH-B
4932,EH-D
4933,EH-E
4934,CH-A
4935,EH-A
4936,EH-A
4937,EH-C
4938,FH-C
4939,FH-C
4940,FH-C
4941,COL-B
4942,TH-C
4943,WH-C
4944,CH-A
4945,CH-A
4946,EH-A
4947,EH-E
4948,TH-A
4949,TH-C
4950,COL-C
4951,WH-B
4952,COL-E
4953,COL-E
4954,FH-C
4955,WH-D
4956,WH-C
4957,COL-E
4958,TH-A
4959,EH-C
4960,TH-B
4961,TH-C
4962,FH-B
4963,COL-B
4964,COL-C
4965,WH-B
4966,COL-D
4967,COL-D
4968,COL-D
4969,COL-F
4970,FH-A
4971,WCT-B
4972,FH-A
4973,FH-A
4974,WCT-B
4975,COL-B
4976,COL-D
4977,COL-F
4978,COL-A
4979,EH-D
4980,COL-F
4981,FH-C
4982,EH-D
4983,COL-F
4984,EH-D
4985,EH-D
4986,EH-E
4987,EH-A
4988,EH-C
4989,WCT-A
4990,WCT-B
4991,FH-A
4992,WH-A
4993,EH-A
4994,TH-B
4995,FH-A
4996,EH-D
4997,EH-C
4998,COL-B
4999,EH-D
5000,TH-C
5001,TH-C
5002,WH-A
5003,WCT-A
5004,COL-F
5005,FH-A
5006,WH-D
5007,WH-C
5008,CH-A
5009,EH-A
5010,TH-B
5011,TH-C
5012,CH-A
5013,CH-A
5014,EH-E
5015,EH-D
5016,FH-B
5017,WH-A
5018,TH-C
5019,WH-A
5020,CH-A
5021,WH-C
5022,WCT-A
5023,WCT-A
5024,WCT-A
5025,WCT-B
5026,WCT-B
5027,TH-B
5028,FH-A
5029,WH-C
5030,WH-C
5031,CH-B
5032,TH-A
5033,TH-A
5034,FH-A
5035,WH-A
5036,CH-A
5037,CH-B
5038,EH-A
5039,COL-D
5040,TH-A
5041,WCT-A
5042,WCT-A
5043,WCT-B
5044,FH-A
5045,TH-C
5046,TH-C
5047,WH-A
5048,EH-C
5049,TH-A
5050,EH-D
5051,WCT-A
5052,WCT-A
5053,WCT-B
5054,EH-D
5055,WCT-A
5056,COL-A
5057,COL-A
5058,COL-F
5059,COL-A
5060,FH-A
5061,WH-D
5062,WH-D
5063,WH-B
5064,COL-E
5065,EH-C
5066,TH-A
5067,WH-A
5068,COL-E
5069,EH-A
5070,WCT-B
5071,FH-C
5072,WH-A
5073,TH-A
5074,TH-A
5075,WH-A
5076,WH-B
5077,COL-E
5078,WCT-A
5079,WCT-A
5080,WCT-B
5081,WCT-B
5082,COL-D
5083,COL-C
5084,COL-C
5085,COL-C
5086,WCT-A
5087,WCT-B
5088,WCT-B
5089,COL-B
5090,EH-B
5091,TH-A
5092,TH-A
5093,AM-D
5094,AM-E
5095,AM-A
5096,AM-A
5097,WH-B
5098,CH-B
5099,EH-B
5100,EH-B
5101,EH-C
5102,AM-D
5103,AM-D
5104,AM-E
5105,AM-B
5106,AM-B
5107,CH-B
5108,EH-B
5109,EH-C
5110,WCT-A
5111,FH-A
5112,AM-A
5113,AM-B
5114,EH-B
5115,TH-A
5116,AM-B
5117,AM-B
5118,AM-C
5119,AM-C
5120,AM-C
5121,EH-B
5122,AM-D
5123,AM-B
5124,AM-D
5125,AM-E
5126,AM-D
5127,AM-E
5128,AM-B
5129,AM-A
5130,AM-A
5131,AM-C
5132,AM-C
5133,AM-C
5134,AM-C
5135,AM-C
5136,AM-C
5137,AM-D
5138,AM-E
5139,AM-D
5140,AM-E
5141,AM-E
5142,AM-A
5143,AM-B
5144,WH-A
5145,WH-A
5146,AM-B
5147,AM-A
5148,AM-B
5149,AM-B
5150,AM-D
5151,AM-D
5152,AM-C
5153,AM-A
5154,AM-A
5155,AM-C
5156,AM-D
5157,COL-A
5158,AM-E
5159,AM-B
5160,AM-B
5161,CH-B
5162,EH-B
5163,AM-D
5164,COL-C
5165,AM-D
5166,COL-C
5167,AM-A
5168,COL-C
5169,COL-C
5170,COL-C
5171,EH-B
5172,AM-B
5173,EH-A
5174,EH-B
5175,TH-A
5176,TH-A
5177,EH-C
5178,TH-B
5179,TH-A
5180,WH-A
5181,EH-B
5182,EH-C
5183,TH-B
5184,TH-C
5185,TH-A
5186,FH-A
5187,WH-D
5188,WH-B
5189,TH-A
5190,TH-A
5191,COL-C
5192,COL-C
5193,WH-B
5194,WH-B
5195,CH-B
5196,COL-E
5197,EH-B
5198,COL-E
5199,COL-E
5200,COL-F
5201,WH-C
5202,AM-B
5203,WCT-A
5204,TH-B
5205,TH-C
5206,AM-B
5207,TH-A
5208,WH-C
5209,WH-A
5210,WH-C
5211,COL-E
5212,EH-E
5213,EH-C
5214,TH-B
5215,FH-A
5216,TH-C
5217,TH-C
5218,WH-A
5219,WH-A
5220,CH-A
5221,EH-E
5222,TH-B
5223,WH-A
5224,CH-B
5225,CH-B
5226,CH-B
5227,CH-B
5228,EH-A
5229,COL-C
5230,WH-A
5231,WH-B
5232,COL-E
5233,COL-E
5234,WCT-B
5235,FH-A
5236,FH-A
5237,COL-B
5238,EH-D
5239,FH-B
5240,EH-D
5241,EH-D
5242,FH-C
5243,CH-A
5244,CH-A
5245,EH-D
5246,EH-E
5247,WCT-A
5248,EH-C
5249,WCT-B
5250,TH-C
5251,WH-D
5252,WH-C
5253,WH-B
5254,COL-E
5255,FH-C
5256,CH-A
5257,CH-A
5258,CH-A
5259,CH-A
5260,EH-E
5261,TH-B
5262,FH-A
5263,FH-A
5264,WH-D
5265,WH-C
5266,WCT-A
5267,COL-E
5268,EH-C
5269,EH-C
5270,TH-B
5271,WCT-B
5272,WCT-B
5273,COL-B
5274,COL-B
5275,COL-D
5276,COL-F
5277,COL-F
5278,FH-C
5279,TH-A
5280,WCT-A
5281,TH-B
5282,FH-A
5283,WH-A
5284,COL-E
5285,TH-A
5286,CH-B
5287,WCT-B
5288,FH-A
5289,CH-B
5290,CH-B
5291,CH-B
5292,TH-A
5293,WCT-B
5294,FH-A
5295,WH-D
5296,TH-C
5297,TH-C
5298,TH-C
5299,WH-C
5300,COL-E
5301,COL-E
5302,CH-A
5303,CH-A
5304,CH-A
5305,EH-E
5306,TH-C
5307,WH-C
5308,COL-D
5309,COL-D
5310,COL-D
5311,COL-D
5312,COL-F
5313,COL-F
5314,COL-F
5315,COL-A
5316,COL-A
5317,FH-A
5318,WH-D
5319,WH-C
5320,WH-D
5321,WH-B
5322,COL-E
5323,EH-A
5324,EH-C
5325,FH-C
5326,FH-A
5327,WH-A
5328,CH-A
5329,CH-A
5330,COL-E
5331,CH-A
5332,EH-A
5333,FH-C
5334,FH-A
5335,WH-D
5336,WH-B
5337,WH-C
5338,TH-A
5339,TH-A
5340,EH-C
5341,FH-A
5342,FH-A
5343,WH-D
5344,TH-C
5345,WH-C
5346,WH-C
5347,WH-B
5348,COL-D
5349,COL-F
5350,COL-F
5351,EH-C
5352,EH-C
5353,FH-C
5354,FH-C
5355,COL-B
5356,COL-B
5357,COL-C
5358,COL-E
5359,COL-D
5360,COL-D
5361,WCT-B
5362,COL-D
5363,COL-C
5364,COL-E
5365,WCT-B
5366,WCT-B
5367,WCT-B
5368,COL-A
5369,COL-A
5370,FH-A
5371,COL-B
5372,COL-D
5373,COL-F
5374,TH-B
5375,FH-A
5376,WH-D
5377,WH-D
5378,WCT-A
5379,COL-D
5380,EH-A
5381,FH-C
5382,TH-B
5383,FH-A
5384,FH-A
5385,FH-A
5386,WH-D
5387,WH-A
5388,WH-B
5389,WH-B
5390,COL-E
5391,COL-E
5392,COL-E
5393,COL-E
5394,WCT-A
5395,WCT-B
5396,WCT-B
5397,WCT-B
5398,FH-C
5399,WCT-B
5400,COL-B
5401,FH-A
5402,WH-A
5403,COL-B
5404,COL-B
5405,WH-A
5406,COL-E
5407,CH-A
5408,EH-A
5409,TH-B
5410,TH-C
5411,WH-A
5412,WCT-A
5413,WCT-B
5414,WCT-B
5415,WCT-B
5416,COL-B
5417,WH-D
5418,WH-B
5419,COL-D
5420,COL-F
5421,WCT-B
5422,WCT-B
5423,WCT-B
5424,EH-B
5425,COL-C
5426,COL-C
5427,COL-C
5428,COL-C
5429,WH-B
5430,WH-B
5431,COL-E
5432,COL-E
5433,EH-A
5434,EH-A
5435,EH-E
5436,EH-E
5437,CH-A
5438,TH-A
5439,FH-A
5440,WH-D
5441,EH-D
5442,TH-B
5443,FH-B
5444,FH-B
5445,WCT-A
5446,FH-A
5447,CH-B
5448,EH-B
5449,TH-A
5450,CH-B
5451,CH-B
5452,CH-B
5453,CH-B
5454,CH-B
5455,EH-B
5456,TH-A
5457,TH-A
5458,FH-A
5459,FH-A
5460,WH-A
5461,WH-A
5462,WH-B
5463,COL-C
5464,AM-E
5465,WH-D
5466,WH-C
5467,TH-A
5468,TH-A
5469,TH-A
5470,WCT-B
5471,FH-A
5472,TH-C
5473,EH-C
5474,COL-F
5475,FH-C
5476,FH-C
5477,TH-C
5478,AM-B
5479,AM-B
5480,AM-B
5481,EH-B
5482,COL-F
5483,FH-C
5484,AM-B
5485,EH-B
5486,AM-E
5487,AM-A
5488,AM-B
5489,AM-E
5490,WH-D
5491,WH-C
5492,AM-E
5493,AM-A
5494,AM-B
5495,EH-B
5496,AM-D
5497,AM-E
5498,AM-E
5499,AM-E
5500,AM-A
5501,AM-C
5502,AM-C
5503,AM-C
5504,AM-C
5505,AM-E
5506,AM-A
5507,AM-C
5508,AM-C
5509,AM-C
5510,EH-B
5511,EH-B
5512,AM-D
5513,AM-B
5514,AM-D
5515,AM-E
5516,AM-A
5517,AM-C
5518,AM-C
5519,AM-C
5520,AM-A
5521,AM-C
5522,AM-A
5523,AM-A
5524,AM-C
5525,AM-C
5526,AM-C
5527,AM-D
5528,AM-E
5529,AM-D
5530,AM-E
5531,AM-A
5532,AM-C
5533,AM-A
5534,AM-B
5535,AM-C
5536,AM-C
5537,AM-C
5538,AM-C
5539,AM-E
5540,AM-A
5541,AM-B
5542,AM-D
5543,AM-E
5544,AM-A
5545,AM-A
5546,AM-A
5547,EH-B
5548,EH-B
5549,EH-B
5550,AM-D
5551,AM-D
5552,AM-D
5553,AM-D
5554,AM-E
5555,AM-B
5556,TH-A
5557,TH-C
5558,WH-A
5559,WH-C
5560,COL-E
5561,WCT-A
5562,TH-A
5563,TH-A
5564,TH-A
5565,WH-A
5566,AM-B
5567,CH-B
5568,CH-B
5569,TH-A
5570,EH-C
5571,FH-A
5572,WH-A
5573,COL-E
5574,COL-E
5575,TH-C
5576,CH-A
5577,EH-C
5578,EH-C
5579,TH-B
5580,WCT-B
5581,COL-B
5582,EH-C
5583,TH-A
5584,EH-C
5585,EH-A
5586,EH-E
5587,TH-C
5588,TH-C
5589,WH-A
5590,EH-A
5591,CH-A
5592,WH-C
5593,COL-E
5594,EH-E
5595,EH-E
5596,TH-C
5597,CH-A
5598,EH-A
5599,EH-A
5600,EH-E
5601,TH-C
5602,TH-A
5603,COL-B
5604,COL-B
5605,EH-D
5606,EH-E
5607,TH-B
5608,WCT-B
5609,FH-A
5610,WH-A
5611,CH-B
5612,EH-A
5613,EH-C
5614,EH-C
5615,TH-B
5616,TH-C
5617,TH-C
5618,WH-B
5619,EH-A
5620,EH-A
5621,COL-F
5622,FH-C
5623,COL-C
5624,COL-D
5625,COL-F
5626,COL-F
5627,FH-C
5628,FH-C
5629,CH-A
5630,EH-A
5631,EH-E
5632,CH-A
5633,EH-A
5634,EH-C
5635,EH-A
5636,EH-A
5637,EH-C
5638,FH-C
5639,EH-C
5640,EH-C
5641,TH-B
5642,FH-C
5643,FH-C
5644,EH-D
5645,COL-E
5646,CH-B
5647,COL-B
5648,COL-D
5649,FH-C
5650,TH-A
5651,COL-B
5652,WH-B
5653,EH-A
5654,EH-C
5655,TH-B
5656,FH-C
5657,EH-B
5658,FH-C
5659,WH-B
5660,COL-D
5661,COL-F
5662,COL-F
5663,FH-C
5664,COL-F
5665,FH-C
5666,FH-C
5667,COL-B
5668,COL-A
5669,COL-A
5670,COL-B
5671,COL-B
5672,COL-B
5673,EH-D
5674,TH-B
5675,FH-B
5676,WH-C
5677,CH-A
5678,EH-E
5679,EH-A
5680,EH-C
5681,COL-F
5682,FH-C
5683,CH-A
5684,EH-A
5685,EH-C
5686,TH-B
5687,FH-C
5688,WH-C
5689,WH-A
5690,WH-B
5691,COL-F
5692,FH-C
5693,FH-C
5694,EH-E
5695,CH-B
5696,EH-C
5697,COL-D
5698,COL-A
5699,WH-D
5700,WH-C
5701,WH-A
5702,WH-A
5703,CH-A
5704,EH-A
5705,EH-C
5706,WCT-B
5707,WCT-B
5708,COL-B
5709,COL-B
5710,COL-C
5711,COL-F
5712,FH-C
5713,COL-A
5714,COL-F
5715,COL-A
5716,COL-B
5717,EH-D
5718,EH-D
5719,CH-A
5720,COL-F
5721,EH-D
5722,EH-D
5723,COL-F
5724,FH-C
5725,COL-B
5726,COL-B
5727,COL-F
5728,FH-C
5729,EH-E
5730,FH-C
5731,WH-D
5732,EH-D
5733,FH-C
5734,COL-B
5735,COL-C
5736,COL-C
5737,WCT-B
5738,FH-C
5739,WH-B
5740,WH-B
5741,EH-D
5742,FH-C
5743,TH-C
5744,EH-D
5745,FH-C
5746,TH-C
5747,TH-C
5748,FH-C
5749,TH-C
5750,WH-C
5751,WCT-A
5752,WH-A
5753,WCT-A
5754,EH-C
5755,WCT-B
5756,FH-A
5757,WH-C
5758,WCT-A
5759,WCT-B
5760,COL-B
5761,COL-B
5762,CH-A
5763,COL-B
5764,EH-D
5765,EH-E
5766,EH-E
5767,TH-C
5768,WH-A
5769,CH-A
5770,EH-A
5771,EH-A
5772,EH-A
5773,EH-A
5774,EH-C
5775,FH-C
5776,EH-D
5777,FH-B
5778,FH-B
5779,WH-C
5780,WH-A
5781,CH-A
5782,EH-E
5783,TH-C
5784,WCT-A
5785,FH-A
5786,WH-D
5787,COL-E
5788,CH-B
5789,CH-B
5790,CH-B
5791,EH-A
5792,EH-A
5793,EH-E
5794,EH-E
5795,WH-A
5796,COL-D
5797,COL-F
5798,COL-F
5799,FH-C
5800,FH-C
5801,FH-C
5802,FH-C
5803,WH-C
5804,WH-C
5805,WH-C
5806,COL-B
5807,WH-B
5808,EH-D
5809,FH-C
5810,TH-A
5811,WH-A
5812,WH-A
5813,CH-B
5814,AM-A
5815,CH-B
5816,CH-B
5817,CH-B
5818,CH-B
5819,EH-B
5820,EH-B
5821,AM-D
5822,AM-E
5823,AM-E
5824,AM-A
5825,AM-B
5826,WH-C
5827,WH-C
5828,TH-C
5829,WH-D
5830,WH-B
5831,EH-B
5832,EH-B
5833,EH-B
5834,COL-D
5835,COL-F
5836,EH-B
5837,EH-B
5838,FH-C
5839,FH-B
5840,FH-B
5841,WH-D
5842,WH-C
5843,WH-C
5844,AM-B
5845,AM-B
5846,AM-B
5847,EH-B
5848,EH-B
5849,AM-D
5850,AM-D
5851,AM-D
5852,AM-E
5853,AM-E
5854,AM-B
5855,AM-B
5856,AM-B
5857,EH-B
5858,AM-C
5859,EH-B
5860,AM-C
5861,AM-C
5862,AM-D
5863,AM-A
5864,AM-C
5865,AM-D
5866,AM-E
5867,AM-E
5868,AM-B
5869,AM-D
5870,AM-E
5871,AM-C
5872,AM-D
5873,AM-D
5874,AM-E
5875,AM-A
5876,AM-B
5877,AM-D
5878,AM-D
5879,AM-B
5880,AM-B
5881,AM-A
5882,AM-C
5883,AM-C
5884,AM-B
5885,EH-B
5886,AM-C
5887,AM-C
5888,AM-D
5889,AM-C
5890,AM-D
5891,AM-D
5892,AM-D
5893,AM-D
5894,AM-E
5895,AM-B
5896,AM-D
5897,AM-E
5898,AM-E
5899,AM-A
5900,AM-A
5901,AM-A
5902,AM-E
5903,AM-E
5904,AM-E
5905,AM-E
5906,AM-A
5907,AM-B
5908,AM-C
5909,AM-C
5910,AM-D
5911,COL-C
5912,COL-C
5913,COL-C
5914,WCT-B
5915,EH-D
5916,EH-D
5917,EH-D
5918,EH-E
5919,EH-C
5920,TH-B
5921,TH-C
5922,TH-A
5923,TH-A
5924,TH-A
5925,TH-A
5926,CH-B
5927,EH-B
5928,TH-A
5929,TH-B
5930,FH-C
5931,FH-A
5932,WH-D
5933,WH-C
5934,EH-E
5935,TH-B
5936,TH-C
5937,FH-A
5938,WH-C
5939,TH-C
5940,AM-E
5941,WH-A
5942,COL-E
5943,EH-A
5944,EH-C
5945,FH-C
5946,TH-A
5947,EH-C
5948,COL-A
5949,COL-A
5950,COL-A
5951,COL-A
5952,COL-A
5953,FH-B
5954,WH-C
5955,WH-C
5956,WH-C
5957,FH-B
5958,TH-B
5959,FH-B
5960,FH-A
5961,FH-A
5962,FH-A
5963,COL-C
5964,COL-A
5965,FH-A
5966,WH-D
5967,WH-C
5968,WH-C
5969,CH-A
5970,TH-A
5971,EH-C
5972,TH-B
5973,TH-C
5974,AM-E
5975,AM-A
5976,WH-B
5977,COL-D
5978,COL-D
5979,COL-E
5980,FH-C
5981,WH-D
5982,WH-B
5983,COL-E
5984,COL-E
5985,WCT-A
5986,FH-A
5987,WH-D
5988,WH-C
5989,WH-C
5990,WH-D
5991,WH-C
5992,WH-B
5993,EH-D
5994,EH-E
5995,FH-B
5996,WH-D
5997,COL-D
5998,COL-A
5999,WH-D
6000,WH-C
6001,COL-E
6002,EH-A
6003,EH-C
6004,EH-C
6005,EH-D
6006,EH-C
6007,EH-C
6008,TH-B
6009,FH-B
6010,CH-A
6011,EH-A
6012,EH-C
6013,WCT-B
6014,TH-C
6015,COL-B
6016,CH-B
6017,COL-E
6018,COL-E
6019,COL-E
6020,WCT-A
6021,WCT-A
6022,WCT-A
6023,WCT-A
6024,WCT-A
6025,WCT-B
6026,WCT-B
6027,WCT-B
6028,COL-B
6029,COL-B
6030,EH-D
6031,COL-F
6032,FH-C
6033,CH-A
6034,TH-A
6035,FH-C
6036,COL-B
6037,CH-A
6038,EH-E
6039,WCT-A
6040,WCT-B
6041,FH-C
6042,TH-C
6043,TH-C
6044,COL-C
6045,WH-A
6046,WH-B
6047,COL-D
6048,COL-F
6049,FH-C
6050,EH-D
6051,EH-D
6052,FH-B
6053,EH-D
6054,TH-B
6055,FH-B
6056,WH-C
6057,WH-C
6058,FH-B
6059,WH-C
6060,WH-C
6061,EH-E
6062,TH-B
6063,COL-A
6064,WH-D
6065,WH-C
6066,WH-C
6067,COL-B
6068,FH-C
6069,COL-B
6070,COL-E
6071,COL-F
6072,TH-B
6073,TH-B
6074,FH-A
6075,WH-D
6076,WH-B
6077,COL-E
6078,COL-A
6079,COL-A
6080,FH-B
6081,FH-B
6082,FH-B
6083,FH-B
6084,WH-C
6085,COL-E
6086,EH-E
6087,EH-E
6088,EH-E
6089,FH-B
6090,EH-D
6091,FH-B
6092,WH-A
6093,WH-C
6094,CH-A
6095,EH-A
6096,EH-C
6097,TH-B
6098,FH-B
6099,FH-B
6100,FH-B
6101,WH-C
6102,CH-A
6103,CH-A
6104,EH-E
6105,FH-C
6106,WH-D
6107,WH-C
6108,EH-C
6109,TH-B
6110,WH-D
6111,WH-B
6112,COL-E
6113,TH-A
6114,TH-B
6115,FH-B
6116,WH-D
6117,WH-D
6118,WH-C
6119,WCT-A
6120,WCT-A
6121,TH-B
6122,FH-B
6123,WH-D
6124,WH-C
6125,WH-C
6126,TH-A
6127,FH-C
6128,CH-A
6129,CH-A
6130,EH-A
6131,EH-C
6132,EH-E
6133,EH-E
6134,EH-D
6135,EH-D
6136,EH-D
6137,FH-B
6138,WH-C
6139,WH-C
6140,FH-B
6141,WH-D
6142,WH-C
6143,WCT-A
6144,WH-A
6145,WH-C
6146,EH-C
6147,TH-B
6148,FH-A
6149,COL-B
6150,EH-E
6151,TH-A
6152,WCT-B
6153,COL-B
6154,WH-B
6155,COL-E
6156,EH-D
6157,FH-C
6158,FH-C
6159,EH-D
6160,FH-B
6161,WH-D
6162,WH-C
6163,CH-A
6164,EH-D
6165,WH-C
6166,FH-B
6167,FH-B
6168,WH-C
6169,TH-B
6170,WH-D
6171,WH-D
6172,WH-C
6173,WH-C
6174,FH-B
6175,WH-D
6176,WH-C
6177,TH-A
6178,WH-A
6179,WH-A
6180,WH-A
6181,COL-C
6182,WH-B
6183,COL-E
6184,WCT-A
6185,WCT-B
6186,COL-B
6187,WH-C
6188,TH-A
6189,TH-A
6190,TH-A
6191,TH-A
6192,AM-D
6193,FH-A
6194,COL-C
6195,AM-E
6196,COL-C
6197,AM-B
6198,EH-B
6199,AM-D
6200,FH-C
6201,AM-E
6202,WH-B
6203,WH-B
6204,COL-C
6205,EH-B
6206,COL-C
6207,AM-B
6208,AM-B
6209,AM-B
6210,AM-B
6211,AM-E
6212,AM-A
6213,AM-B
6214,AM-B
6215,AM-B
6216,AM-E
6217,AM-A
6218,EH-B
6219,AM-D
6220,AM-E
6221,EH-C
6222,FH-C
6223,TH-C
6224,FH-C
6225,TH-B
6226,AM-E
6227,AM-B
6228,AM-B
6229,EH-B
6230,FH-C
6231,EH-B
6232,EH-E
6233,FH-A
6234,TH-C
6235,TH-A
6236,AM-B
6237,EH-B
6238,AM-D
6239,EH-B
6240,CH-B
6241,EH-B
6242,AM-D
6243,AM-D
6244,AM-C
6245,AM-D
6246,AM-C
6247,AM-C
6248,AM-C
6249,AM-C
6250,COL-C
6251,COL-C
6252,AM-D
6253,AM-D
6254,AM-B
6255,AM-C
6256,EH-B
6257,AM-D
6258,AM-D
6259,AM-D
6260,AM-E
6261,AM-C
6262,AM-C
6263,AM-E
6264,AM-E
6265,AM-A
6266,CH-B
6267,AM-B
6268,AM-B
6269,EH-B
6270,AM-E
6271,AM-A
6272,AM-B
6273,AM-B
6274,CH-B
6275,CH-B
6276,WCT-A
6277,EH-C
6278,TH-B
6279,TH-C
6280,TH-B
6281,FH-A
6282,WH-A
6283,CH-B
6284,EH-B
6285,AM-D
6286,FH-A
6287,WH-A
6288,CH-B
6289,EH-A
6290,CH-B
6291,WCT-B
6292,COL-B
6293,COL-B
6294,COL-B
6295,AM-B
6296,AM-E
6297,AM-B
6298,COL-C
6299,COL-C
6300,COL-E
6301,COL-E
6302,TH-A
6303,TH-C
6304,CH-A
6305,EH-E
6306,EH-C
6307,TH-B
6308,TH-B
6309,FH-B
6310,FH-B
6311,WH-A
6312,CH-B
6313,EH-A
6314,TH-A
6315,COL-C
6316,FH-C
6317,WH-B
6318,WH-C
6319,WH-C
6320,CH-A
6321,EH-C
6322,TH-A
6323,FH-C
6324,TH-C
6325,WH-A
6326,EH-C
6327,TH-A
6328,TH-A
6329,WH-A
6330,WH-B
6331,TH-A
6332,TH-A
6333,CH-B
6334,EH-A
6335,EH-C
6336,EH-C
6337,EH-E
6338,TH-A
6339,FH-A
6340,WH-A
6341,CH-B
6342,COL-B
6343,CH-B
6344,COL-D
6345,COL-D
6346,COL-D
6347,COL-F
6348,FH-B
6349,WH-D
6350,COL-F
6351,FH-A
6352,COL-B
6353,EH-E
6354,FH-C
6355,TH-A
6356,FH-A
6357,COL-B
6358,WH-B
6359,WH-B
6360,WH-B
6361,COL-E
6362,CH-B
6363,CH-B
6364,COL-D
6365,COL-F
6366,COL-F
6367,COL-A
6368,FH-C
6369,TH-C
6370,WCT-A
6371,COL-B
6372,EH-D
6373,COL-D
6374,WCT-B
6375,COL-F
6376,WCT-B
6377,FH-C
6378,EH-A
6379,EH-A
6380,COL-F
6381,FH-C
6382,TH-C
6383,CH-A
6384,CH-A
6385,CH-A
6386,EH-E
6387,EH-E
6388,EH-E
6389,EH-D
6390,EH-D
6391,EH-E
6392,TH-B
6393,FH-A
6394,WH-D
6395,CH-A
6396,TH-C
6397,CH-A
6398,CH-A
6399,TH-B
6400,TH-B
6401,FH-A
6402,TH-C
6403,EH-E
6404,TH-C
6405,EH-E
6406,EH-E
6407,EH-C
6408,TH-B
6409,FH-A
6410,WH-D
6411,WH-B
6412,WH-B
6413,CH-A
6414,EH-E
6415,TH-A
6416,EH-C
6417,EH-D
6418,EH-E
6419,TH-C
6420,CH-A
6421,EH-D
6422,EH-E
6423,FH-B
6424,WH-C
6425,TH-B
6426,FH-A
6427,WH-D
6428,WH-D
6429,WH-C
6430,TH-A
6431,WCT-A
6432,TH-C
6433,WH-A
6434,WH-B
6435,EH-A
6436,EH-A
6437,EH-A
6438,FH-C
6439,CH-A
6440,EH-A
6441,EH-C
6442,FH-C
6443,EH-D
6444,EH-C
6445,EH-C
6446,TH-A
6447,WCT-B
6448,WCT-B
6449,COL-B
6450,EH-D
6451,TH-A
6452,WCT-A
6453,WCT-B
6454,FH-B
6455,WH-C
6456,FH-B
6457,WH-D
6458,WH-D
6459,WH-C
6460,TH-A
6461,FH-B
6462,WH-D
6463,WCT-A
6464,WCT-A
6465,WH-D
6466,WH-B
6467,COL-E
6468,COL-E
6469,COL-E
6470,WH-A
6471,WH-C
6472,WH-A
6473,WH-C
6474,WH-C
6475,COL-E
6476,COL-E
6477,COL-F
6478,TH-A
6479,TH-A
6480,CH-A
6481,TH-A
6482,TH-A
6483,FH-C
6484,FH-C
6485,TH-C
6486,WCT-A
6487,WH-A
6488,WCT-A
6489,WCT-A
6490,WCT-B
6491,FH-C
6492,TH-C
6493,EH-E
6494,TH-C
6495,TH-C
6496,WH-A
6497,CH-A
6498,TH-A
6499,CH-B
6500,TH-A
6501,WH-A
6502,CH-B
6503,CH-B
6504,CH-B
6505,WCT-A
6506,WCT-B
6507,COL-B
6508,CH-B
6509,TH-A
6510,TH-A
6511,COL-C
6512,COL-C
6513,COL-C
6514,COL-C
6515,COL-C
6516,WCT-B
6517,FH-A
6518,WH-D
6519,COL-D
6520,COL-C
6521,WH-B
6522,CH-A
6523,CH-A
6524,EH-A
6525,TH-A
6526,TH-C
6527,FH-A
6528,WH-D
6529,COL-B
6530,WH-B
6531,WH-B
6532,WH-B
6533,EH-A
6534,EH-A
6535,EH-C
6536,FH-C
6537,TH-C
6538,WH-A
6539,WH-B
6540,COL-E
6541,COL-C
6542,COL-C
6543,FH-A
6544,WH-D
6545,WH-B
6546,COL-E
6547,WH-A
6548,WH-A
6549,WH-B
6550,WCT-A
6551,WCT-A
6552,WCT-A
6553,WCT-B
6554,COL-B
6555,COL-C
6556,COL-C
6557,WH-B
6558,EH-B
6559,AM-D
6560,AM-D
6561,AM-E
6562,AM-E
6563,WH-C
6564,AM-E
6565,AM-A
6566,AM-A
6567,AM-B
6568,AM-B
6569,AM-B
6570,AM-E
6571,AM-E
6572,AM-A
6573,AM-A
6574,AM-A
6575,AM-A
6576,COL-C
6577,COL-C
6578,COL-C
6579,COL-C
6580,EH-B
6581,EH-B
6582,AM-D
6583,FH-A
6584,COL-B
6585,COL-B
6586,WH-B
6587,COL-D
6588,EH-B
6589,AM-D
6590,TH-C
6591,TH-C
6592,TH-A
6593,AM-B
6594,AM-B
6595,EH-B
6596,FH-C
6597,AM-E
6598,COL-C
6599,COL-C
6600,AM-B
6601,EH-B
6602,AM-D
6603,AM-B
6604,AM-E
6605,AM-C
6606,AM-C
6607,AM-C
6608,AM-B
6609,AM-B
6610,AM-B
6611,EH-B
6612,AM-D
6613,AM-E
6614,AM-B
6615,AM-B
6616,AM-C
6617,AM-D
6618,AM-D
6619,AM-E
6620,AM-A
6621,COL-C
6622,AM-E
6623,AM-E
6624,WH-A
6625,CH-A
6626,TH-A
6627,AM-B
6628,CH-B
6629,TH-A
6630,AM-B
6631,AM-B
6632,CH-B
6633,EH-B
6634,AM-D
6635,AM-D
6636,AM-E
6637,AM-A
6638,AM-B
6639,COL-C
6640,COL-C
6641,COL-C
6642,FH-A
6643,WH-D
6644,WH-B
6645,COL-E
6646,EH-A
6647,EH-C
6648,TH-B
6649,TH-A
6650,TH-A
6651,COL-B
6652,AM-A
6653,WH-B
6654,COL-C
6655,COL-D
6656,EH-B
6657,COL-E
6658,FH-C
6659,WH-A
6660,WH-A
6661,WH-B
6662,COL-E
6663,COL-E
6664,TH-A
6665,AM-E
6666,WH-A
6667,WH-C
6668,WH-A
6669,WH-A
6670,WH-A
6671,CH-B
6672,EH-A
6673,EH-C
6674,TH-B
6675,TH-C
6676,CH-A
6677,EH-E
6678,EH-E
6679,EH-E
6680,TH-A
6681,FH-A
6682,TH-B
6683,TH-B
6684,TH-B
6685,FH-A
6686,WH-D
6687,AM-E
6688,WH-D
6689,WH-C
6690,WH-C
6691,WH-C
6692,COL-E
6693,EH-C
6694,TH-B
6695,FH-A
6696,WH-A
6697,COL-E
6698,COL-E
6699,WH-B
6700,COL-E
6701,COL-F
6702,WCT-B
6703,WCT-B
6704,EH-D
6705,EH-C
6706,TH-B
6707,FH-A
6708,FH-B
6709,WH-C
6710,WH-C
6711,COL-E
6712,COL-E
6713,WH-B
6714,WH-B
6715,EH-A
6716,EH-A
6717,EH-A
6718,EH-A
6719,EH-A
6720,FH-C
6721,COL-B
6722,EH-A
6723,COL-D
6724,COL-D
6725,COL-F
6726,COL-F
6727,COL-A
6728,WH-B
6729,COL-E
6730,WCT-B
6731,EH-C
6732,TH-B
6733,FH-C
6734,COL-B
6735,COL-D
6736,COL-F
6737,COL-A
6738,COL-A
6739,COL-A
6740,WH-B
6741,COL-E
6742,EH-C
6743,FH-C
6744,TH-B
6745,COL-B
6746,EH-D
6747,EH-C
6748,TH-B
6749,TH-B
6750,FH-B
6751,EH-D
6752,EH-D
6753,EH-D
6754,FH-B
6755,WH-C
6756,EH-D
6757,COL-F
6758,FH-C
6759,WH-C
6760,EH-D
6761,TH-B
6762,FH-A
6763,WH-A
6764,WH-C
6765,WH-B
6766,COL-E
6767,COL-E
6768,FH-C
6769,FH-C
6770,FH-C
6771,FH-B
6772,WH-D
6773,WH-C
6774,CH-A
6775,EH-E
6776,CH-A
6777,EH-D
6778,FH-B
6779,FH-B
6780,WH-C
6781,EH-A
6782,EH-E
6783,EH-E
6784,TH-C
6785,COL-A
6786,COL-A
6787,WH-D
6788,WH-C
6789,CH-A
6790,CH-A
6791,COL-E
6792,EH-A
6793,EH-C
6794,FH-B
6795,TH-C
6796,TH-C
6797,WH-C
6798,WH-C
6799,WH-A
6800,CH-A
6801,WH-B
6802,COL-D
6803,COL-F
6804,COL-F
6805,COL-A
6806,COL-A
6807,FH-C
6808,COL-B
6809,COL-B
6810,COL-D
6811,COL-A
6812,WH-D
6813,WH-C
6814,WH-D
6815,WH-C
6816,CH-A
6817,EH-E
6818,TH-B
6819,TH-B
6820,FH-B
6821,FH-B
6822,WCT-A
6823,WCT-A
6824,WCT-A
6825,WH-D
6826,WH-B
6827,COL-E
6828,EH-E
6829,FH-B
6830,FH-A
6831,WH-D
6832,WH-C
6833,WCT-A
6834,WCT-A
6835,WCT-A
6836,WCT-B
6837,WCT-B
6838,WCT-B
6839,COL-D
6840,COL-D
6841,COL-F
6842,WCT-B
6843,WCT-B
6844,COL-B
6845,COL-D
6846,COL-D
6847,EH-D
6848,EH-D
6849,EH-D
6850,COL-A
6851,FH-B
6852,EH-D
6853,FH-B
6854,FH-B
6855,WH-C
6856,TH-A
6857,FH-A
6858,TH-C
6859,WH-A
6860,WH-C
6861,COL-E
6862,EH-E
6863,FH-C
6864,TH-C
6865,FH-B
6866,TH-C
6867,WH-C
6868,WH-B
6869,COL-E
6870,CH-B
6871,EH-B
6872,COL-F
6873,TH-B
6874,FH-A
6875,WH-B
6876,COL-C
6877,WH-B
6878,COL-E
6879,COL-E
6880,COL-F
6881,COL-F
6882,FH-A
6883,FH-C
6884,COL-C
6885,COL-C
6886,COL-C
6887,COL-B
6888,COL-D
6889,COL-C
6890,COL-C
6891,FH-C
6892,TH-C
6893,COL-C
6894,WH-A
6895,CH-B
6896,EH-B
6897,WCT-B
6898,TH-A
6899,EH-B
6900,TH-A
6901,FH-A
6902,WH-A
6903,AM-B
6904,FH-C
6905,AM-E
6906,AM-E
6907,TH-C
6908,TH-C
6909,AM-B
6910,TH-A
6911,FH-A
6912,AM-A
6913,AM-B
6914,AM-C
6915,AM-C
6916,AM-C
6917,AM-C
6918,COL-C
6919,COL-C
6920,COL-C
6921,FH-C
6922,AM-B
6923,TH-A
6924,TH-A
6925,FH-A
6926,WH-C
6927,TH-C
6928,TH-C
6929,AM-B
6930,AM-A
6931,AM-B
6932,AM-D
6933,AM-D
6934,AM-E
6935,AM-A
6936,AM-A
6937,AM-C
6938,COL-C
6939,COL-C
6940,COL-C
6941,COL-C
6942,COL-C
6943,COL-F
6944,COL-F
6945,COL-F
6946,TH-A
6947,WH-A
6948,WCT-A
6949,TH-A
6950,AM-B
6951,EH-B
6952,EH-B
6953,FH-C
6954,AM-E
6955,AM-A
6956,AM-B
6957,COL-C
6958,COL-C
6959,AM-C
6960,AM-C
6961,COL-C
6962,COL-C
6963,COL-C
6964,COL-C
6965,AM-E
6966,AM-A
6967,AM-C
6968,AM-C
6969,AM-C
6970,AM-C
6971,AM-C
6972,AM-C
6973,AM-C
6974,AM-C
6975,AM-C
6976,AM-D
6977,AM-E
6978,AM-A
6979,AM-A
6980,COL-C
6981,COL-C
6982,AM-A
6983,AM-B
6984,AM-D
6985,AM-D
6986,AM-D
6987,AM-D
6988,AM-D
6989,AM-E
6990,AM-A
6991,AM-C
6992,CH-B
6993,EH-B
6994,EH-B
6995,AM-C
6996,AM-D
6997,AM-E
6998,AM-C
6999,AM-C
7000,AM-C
7001,EH-B
7002,AM-C
7003,AM-D
7004,AM-C
7005,AM-D
7006,AM-D
7007,AM-D
7008,AM-D
7009,AM-B
7010,AM-D
7011,AM-E
7012,AM-B
7013,AM-B
7014,AM-B
7015,AM-B
7016,CH-B
7017,AM-B
7018,AM-B
7019,TH-A
7020,WH-A
7021,EH-B
7022,AM-D
7023,AM-E
7024,AM-B
7025,EH-C
7026,TH-B
7027,AM-E
7028,CH-B
7029,EH-B
7030,TH-A
7031,EH-B
7032,EH-B
7033,TH-A
7034,EH-B
7035,EH-B
7036,AM-B
7037,EH-B
7038,TH-A
7039,WH-A
7040,CH-B
7041,TH-A
7042,AM-D
7043,AM-D
7044,FH-A
7045,FH-A
7046,WH-D
7047,WH-D
7048,WH-C
7049,WH-A
7050,WH-C
7051,WH-A
7052,FH-A
7053,FH-A
7054,COL-B
7055,COL-B
7056,WH-B
7057,COL-C
7058,WH-C
7059,FH-B
7060,FH-B
7061,WH-D
7062,WH-D
7063,WH-C
7064,WH-C
7065,FH-B
7066,CH-A
7067,WH-A
7068,WH-A
7069,WH-A
7070,WH-B
7071,COL-E
7072,COL-F
7073,WCT-B
7074,WCT-B
7075,FH-C
7076,EH-C
7077,FH-C
7078,FH-C
7079,FH-C
7080,COL-F
7081,COL-F
7082,FH-A
7083,FH-A
7084,FH-A
7085,WCT-B
7086,COL-B
7087,COL-C
7088,COL-D
7089,COL-D
7090,COL-F
7091,FH-A
7092,COL-E
7093,COL-E
7094,TH-A
7095,EH-C
7096,COL-F
7097,COL-B
7098,EH-D
7099,EH-D
7100,FH-C
7101,FH-C
7102,COL-B
7103,EH-A
7104,EH-A
7105,EH-E
7106,EH-E
7107,FH-A
7108,COL-B
7109,EH-D
7110,FH-B
7111,WH-C
7112,WH-C
7113,WH-C
7114,WH-C
7115,WH-C
7116,WH-C
7117,FH-C
7118,COL-B
7119,EH-D
7120,COL-F
7121,FH-C
7122,WCT-A
7123,EH-E
7124,FH-C
7125,EH-E
7126,FH-C
7127,CH-A
7128,CH-A
7129,EH-A
7130,FH-C
7131,TH-A
7132,WCT-B
7133,TH-B
7134,TH-B
7135,TH-C
7136,COL-C
7137,WH-D
7138,WH-C
7139,TH-A
7140,FH-C
7141,COL-B
7142,COL-D
7143,COL-D
7144,COL-F
7145,FH-C
7146,COL-B
7147,COL-D
7148,EH-D
7149,EH-D
7150,COL-A
7151,EH-D
7152,COL-A
7153,COL-B
7154,COL-F
7155,TH-C
7156,FH-B
7157,FH-A
7158,WH-D
7159,FH-A
7160,FH-A
7161,WH-D
7162,WH-D
7163,WCT-A
7164,COL-B
7165,COL-D
7166,COL-F
7167,FH-C
7168,FH-C
7169,FH-A
7170,COL-B
7171,COL-B
7172,TH-B
7173,COL-B
7174,WH-D
7175,WH-B
7176,COL-D
7177,COL-A
7178,COL-A
7179,WH-D
7180,WH-B
7181,COL-E
7182,COL-E
7183,WCT-B
7184,COL-B
7185,CH-A
7186,EH-E
7187,EH-E
7188,EH-D
7189,FH-B
7190,FH-B
7191,WH-D
7192,WH-B
7193,EH-A
7194,TH-A
7195,WCT-B
7196,COL-B
7197,COL-D
7198,COL-F
7199,COL-A
7200,COL-A
7201,COL-A
7202,WH-D
7203,COL-A
7204,COL-A
7205,EH-D
7206,COL-A
7207,WH-D
7208,WH-C
7209,EH-D
7210,FH-B
7211,EH-D
7212,EH-D
7213,COL-A
7214,WH-C
7215,EH-D
7216,COL-F
7217,TH-B
7218,FH-B
7219,COL-A
7220,WH-D
7221,WH-C
7222,CH-A
7223,EH-E
7224,TH-B
7225,COL-A
7226,WH-D
7227,WH-B
7228,COL-D
7229,COL-D
7230,COL-D
7231,COL-F
7232,COL-A
7233,WCT-B
7234,WH-D
7235,COL-E
7236,TH-B
7237,FH-A
7238,WH-C
7239,CH-A
7240,EH-E
7241,EH-E
7242,TH-C
7243,EH-A
7244,EH-C
7245,FH-C
7246,TH-C
7247,TH-B
7248,FH-A
7249,WH-B
7250,COL-C
7251,COL-C
7252,COL-C
7253,WCT-B
7254,WCT-B
7255,WCT-B
7256,COL-C
7257,COL-C
7258,COL-F
7259,WCT-B
7260,WH-D
7261,COL-A
7262,WH-D
7263,WH-D
7264,WCT-A
7265,WCT-A
7266,WCT-A
7267,COL-C
7268,WCT-B
7269,CH-B
7270,CH-B
7271,CH-B
7272,EH-B
7273,EH-B
7274,FH-C
7275,EH-B
7276,AM-E
7277,TH-A
7278,AM-B
7279,AM-B
7280,EH-B
7281,TH-B
7282,FH-A
7283,WH-D
7284,AM-B
7285,AM-E
7286,AM-A
7287,AM-B
7288,AM-B
7289,AM-A
7290,AM-C
7291,EH-B
7292,COL-C
7293,FH-A
7294,COL-B
7295,COL-B
7296,FH-A
7297,AM-E
7298,FH-A
7299,AM-E
7300,AM-B
7301,AM-E
7302,AM-E
7303,WH-D
7304,AM-A
7305,AM-A
7306,CH-B
7307,AM-C
7308,AM-C
7309,AM-D
7310,AM-C
7311,AM-C
7312,AM-C
7313,AM-C
7314,AM-C
7315,AM-A
7316,AM-C
7317,EH-B
7318,AM-C
7319,AM-C
7320,AM-C
7321,AM-C
7322,EH-B
7323,AM-D
7324,AM-D
7325,AM-A
7326,WH-B
7327,AM-B
7328,AM-D
7329,AM-E
7330,COL-B
7331,CH-B
7332,EH-B
7333,CH-B
7334,EH-B
7335,TH-A
7336,TH-A
7337,AM-A
7338,AM-B
7339,EH-B
7340,AM-D
7341,AM-B
7342,AM-B
7343,EH-B
7344,EH-B
7345,AM-D
7346,AM-D
7347,AM-E
7348,AM-A
7349,AM-C
7350,AM-C
7351,COL-C
7352,AM-A
7353,AM-A
7354,AM-A
7355,WH-B
7356,WH-B
7357,EH-A
7358,EH-A
7359,EH-B
7360,AM-B
7361,AM-D
7362,AM-D
7363,AM-C
7364,AM-C
7365,AM-C
7366,AM-C
7367,AM-C
7368,AM-C
7369,AM-C
7370,AM-D
7371,AM-D
7372,AM-D
7373,AM-E
7374,AM-A
7375,AM-B
7376,AM-B
7377,WH-A
7378,AM-B
7379,AM-B
7380,EH-B
7381,TH-A
7382,AM-B
7383,AM-B
7384,AM-B
7385,AM-E
7386,AM-B
7387,COL-F
7388,COL-F
7389,WCT-B
7390,WCT-B
7391,COL-A
7392,FH-C
7393,FH-C
7394,CH-A
7395,CH-A
7396,EH-A
7397,EH-A
7398,TH-C
7399,WH-C
7400,EH-C
7401,TH-B
7402,WCT-B
7403,FH-A
7404,WH-B
7405,EH-B
7406,FH-C
7407,CH-A
7408,EH-B
7409,CH-B
7410,EH-A
7411,EH-A
7412,EH-C
7413,EH-C
7414,TH-B
7415,TH-B
7416,WH-D
7417,WH-B
7418,WH-B
7419,COL-E
7420,EH-E
7421,CH-A
7422,EH-E
7423,CH-A
7424,CH-A
7425,EH-E
7426,EH-E
7427,CH-A
7428,EH-E
7429,EH-E
7430,TH-A
7431,TH-A
7432,EH-C
7433,TH-A
7434,TH-C
7435,CH-A
7436,WH-B
7437,COL-F
7438,TH-B
7439,FH-C
7440,FH-C
7441,WH-C
7442,CH-A
7443,CH-A
7444,COL-E
7445,EH-A
7446,TH-A
7447,CH-A
7448,EH-A
7449,EH-A
7450,CH-A
7451,EH-A
7452,EH-A
7453,EH-A
7454,EH-C
7455,EH-C
7456,TH-B
7457,TH-B
7458,TH-C
7459,TH-C
7460,EH-E
7461,EH-A
7462,TH-A
7463,CH-A
7464,EH-E
7465,TH-C
7466,CH-A
7467,EH-A
7468,EH-A
7469,EH-C
7470,EH-C
7471,TH-A
7472,EH-A
7473,TH-A
7474,EH-A
7475,COL-B
7476,COL-D
7477,TH-A
7478,WCT-B
7479,COL-F
7480,COL-F
7481,COL-A
7482,COL-A
7483,COL-A
7484,WH-D
7485,WH-D
7486,WH-B
7487,COL-D
7488,COL-F
7489,COL-A
7490,WH-D
7491,WH-D
7492,WH-B
7493,COL-D
7494,COL-A
7495,COL-A
7496,COL-A
7497,FH-C
7498,COL-A
7499,FH-B
7500,WH-D
7501,WH-C
7502,EH-E
7503,EH-E
7504,FH-B
7505,WH-D
7506,WH-C
7507,WH-C
7508,EH-C
7509,TH-B
7510,TH-C
7511,TH-C
7512,CH-A
7513,WCT-B
7514,FH-C
7515,EH-C
7516,WCT-B
7517,WCT-B
7518,COL-B
7519,COL-D
7520,COL-A
7521,FH-A
7522,COL-A
7523,COL-A
7524,COL-A
7525,FH-B
7526,WH-D
7527,WH-B
7528,COL-E
7529,COL-E
7530,EH-A
7531,WCT-B
7532,COL-D
7533,COL-F
7534,WCT-B
7535,COL-F
7536,COL-F
7537,TH-B
7538,FH-B
7539,EH-D
7540,EH-D
7541,EH-D
7542,EH-D
7543,EH-D
7544,TH-B
7545,COL-B
7546,WH-C
7547,CH-A
7548,EH-E
7549,EH-E
7550,EH-E
7551,EH-E
7552,EH-E
7553,FH-B
7554,FH-B
7555,WH-C
7556,WH-C
7557,EH-E
7558,TH-B
7559,FH-B
7560,WH-C
7561,EH-E
7562,EH-E
7563,EH-E
7564,FH-B
7565,WH-C
7566,CH-A
7567,EH-E
7568,TH-A
7569,TH-C
7570,FH-B
7571,WH-A
7572,WH-A
7573,WH-A
7574,WH-A
7575,CH-B
7576,CH-B
7577,EH-C
7578,EH-C
7579,COL-A
7580,COL-A
7581,FH-A
7582,FH-B
7583,WCT-A
7584,COL-F
7585,TH-B
7586,WCT-A
7587,FH-A
7588,WH-D
7589,WH-B
7590,COL-E
7591,COL-E
7592,WH-B
7593,CH-B
7594,EH-A
7595,EH-E
7596,EH-E
7597,TH-C
7598,TH-C
7599,TH-C
7600,TH-A
7601,TH-A
7602,WH-A
7603,CH-B
7604,EH-A
7605,EH-C
7606,TH-B
7607,WH-A
7608,WCT-A
7609,TH-A
7610,WH-A
7611,COL-F
7612,FH-C
7613,FH-C
7614,FH-C
7615,WH-C
7616,TH-C
7617,FH-A
7618,WH-D
7619,WH-D
7620,WH-A
7621,WH-A
7622,CH-B
7623,EH-A
7624,EH-A
7625,FH-C
7626,FH-C
7627,TH-A
7628,TH-C
7629,COL-E
7630,CH-B
7631,CH-B
7632,COL-B
7633,WH-A
7634,CH-B
7635,CH-B
7636,EH-B
7637,EH-A
7638,EH-B
7639,TH-A
7640,WH-A
7641,CH-B
7642,EH-A
7643,WCT-B
7644,FH-C
7645,WH-A
7646,AM-B
7647,CH-A
7648,CH-A
7649,CH-A
7650,CH-A
7651,EH-B
7652,TH-A
7653,TH-C
7654,AM-B
7655,WH-C
7656,EH-D
7657,EH-E
7658,EH-E
7659,EH-E
7660,TH-C
7661,FH-B
7662,WH-C
7663,WCT-A
7664,COL-F
7665,TH-C
7666,EH-D
7667,TH-C
7668,WH-A
7669,AM-B
7670,EH-E
7671,EH-E
7672,AM-E
7673,AM-B
7674,AM-B
7675,WH-A
7676,AM-B
7677,AM-B
7678,AM-E
7679,AM-A
7680,TH-A
7681,AM-D
7682,WH-D
7683,WH-D
7684,WH-A
7685,CH-A
7686,EH-B
7687,TH-A
7688,EH-B
7689,AM-D
7690,AM-E
7691,EH-B
7692,AM-D
7693,AM-E
7694,AM-B
7695,AM-B
7696,AM-C
7697,AM-D
7698,AM-E
7699,AM-D
7700,AM-E
7701,AM-B
7702,AM-E
7703,AM-E
7704,AM-E
7705,AM-D
7706,AM-E
7707,AM-B
7708,AM-B
7709,AM-E
7710,AM-C
7711,EH-B
7712,EH-B
7713,AM-D
7714,AM-E
7715,AM-B
7716,EH-B
7717,AM-D
7718,AM-E
7719,AM-A
7720,CH-B
7721,EH-B
7722,AM-D
7723,AM-B
7724,EH-B
7725,EH-B
7726,AM-D
7727,AM-E
7728,AM-B
7729,COL-C
7730,COL-C
7731,AM-B
7732,AM-B
7733,AM-B
7734,EH-B
7735,AM-E
7736,AM-A
7737,TH-A
7738,EH-D
7739,AM-D
7740,AM-E
7741,WH-A
7742,AM-B
7743,COL-E
7744,AM-D
7745,AM-D
7746,AM-E
7747,AM-A
7748,AM-B
7749,AM-B
7750,CH-B
7751,CH-B
7752,EH-B
7753,TH-A
7754,AM-D
7755,AM-E
7756,AM-A
7757,AM-A
7758,AM-A
7759,WH-B
7760,TH-A
7761,FH-B
7762,TH-C
7763,TH-B
7764,TH-C
7765,TH-C
7766,WH-A
7767,CH-B
7768,CH-B
7769,EH-A
7770,EH-C
7771,EH-C
7772,EH-C
7773,TH-A
7774,COL-B
7775,EH-C
7776,COL-A
7777,COL-A
7778,WH-D
7779,WH-C
7780,WH-C
7781,WH-B
7782,CH-A
7783,EH-C
7784,TH-B
7785,FH-A
7786,COL-B
7787,EH-D
7788,FH-B
7789,WH-A
7790,COL-B
7791,COL-C
7792,COL-C
7793,COL-A
7794,FH-B
7795,TH-B
7796,FH-B
7797,EH-D
7798,TH-B
7799,EH-D
7800,EH-D
7801,EH-D
7802,WCT-A
7803,FH-A
7804,WH-C
7805,CH-A
7806,CH-A
7807,CH-A
7808,EH-A
7809,EH-A
7810,EH-C
7811,TH-B
7812,TH-C
7813,EH-E
7814,TH-A
7815,CH-A
7816,WCT-A
7817,WCT-A
7818,EH-C
7819,EH-C
7820,TH-B
7821,FH-B
7822,WH-D
7823,WH-C
7824,WH-A
7825,WH-A
7826,WCT-A
7827,COL-D
7828,COL-D
7829,COL-A
7830,COL-D
7831,COL-B
7832,COL-D
7833,COL-C
7834,FH-A
7835,WH-B
7836,COL-F
7837,EH-B
7838,EH-B
7839,EH-C
7840,TH-B
7841,COL-B
7842,EH-D
7843,TH-B
7844,FH-B
7845,WH-D
7846,CH-A
7847,EH-A
7848,EH-A
7849,EH-C
7850,TH-B
7851,EH-D
7852,FH-B
7853,TH-C
7854,CH-A
7855,EH-C
7856,EH-C
7857,EH-C
7858,EH-C
7859,AM-D
7860,AM-D
7861,FH-C
7862,TH-C
7863,TH-A
7864,EH-C
7865,TH-B
7866,FH-A
7867,COL-B
7868,COL-D
7869,COL-A
7870,EH-D
7871,EH-D
7872,EH-D
7873,EH-A
7874,EH-C
7875,TH-B
7876,TH-C
7877,EH-D
7878,TH-B
7879,TH-B
7880,TH-B
7881,FH-B
7882,FH-B
7883,WH-C
7884,EH-A
7885,EH-D
7886,COL-A
7887,COL-A
7888,FH-A
7889,WH-D
7890,WH-B
7891,EH-D
7892,COL-F
7893,FH-C
7894,COL-F
7895,FH-C
7896,TH-B
7897,FH-A
7898,COL-B
7899,WH-B
7900,COL-E
7901,COL-F
7902,FH-C
7903,FH-C
7904,TH-A
7905,WH-A
7906,COL-C
7907,COL-C
7908,COL-B
7909,COL-C
7910,WH-C
7911,EH-D
7912,TH-B
7913,FH-A
7914,WH-D
7915,WH-C
7916,WH-D
7917,WH-C
7918,CH-A
7919,EH-A
7920,EH-C
7921,FH-C
7922,EH-D
7923,TH-B
7924,FH-A
7925,WH-D
7926,WH-B
7927,EH-D
7928,FH-C
7929,EH-E
7930,TH-B
7931,COL-B
7932,WCT-A
7933,WCT-B
7934,WCT-B
7935,WCT-B
7936,COL-D
7937,EH-D
7938,FH-B
7939,WH-C
7940,EH-E
7941,EH-E
7942,FH-A
7943,CH-A
7944,CH-A
7945,EH-A
7946,FH-C
7947,TH-C
7948,CH-A
7949,EH-E
7950,TH-B
7951,FH-A
7952,WH-A
7953,WH-D
7954,WH-C
7955,COL-E
7956,WCT-A
7957,WCT-A
7958,WCT-B
7959,COL-A
7960,FH-A
7961,FH-A
7962,COL-B
7963,COL-E
7964,COL-E
7965,WCT-B
7966,WCT-B
7967,WCT-B
7968,WCT-B
7969,COL-B
7970,COL-B
7971,WCT-A
7972,COL-A
7973,COL-A
7974,WCT-A
7975,WCT-A
7976,WCT-B
7977,COL-D
7978,COL-C
7979,COL-C
7980,COL-F
7981,AM-D
7982,WCT-B
7983,AM-E
7984,FH-A
7985,WH-D
7986,WH-B
7987,COL-E
7988,TH-A
7989,AM-B
7990,AM-B
7991,AM-B
7992,AM-B
7993,AM-E
7994,AM-A
7995,AM-B
7996,AM-B
7997,AM-C
7998,AM-C
7999,AM-C
8000,AM-C
8001,EH-B
8002,COL-C
8003,WCT-A
8004,WCT-B
8005,FH-A
8006,WH-D
8007,WH-C
8008,TH-C
8009,AM-E
8010,AM-B
8011,EH-A
8012,EH-B
8013,TH-A
8014,EH-B
8015,EH-B
8016,AM-D
8017,AM-D
8018,AM-E
8019,AM-A
8020,AM-A
8021,AM-C
8022,AM-C
8023,AM-D
8024,AM-E
8025,AM-A
8026,AM-A
8027,TH-A
8028,AM-B
8029,AM-B
8030,AM-D
8031,AM-D
8032,AM-D
8033,AM-E
8034,AM-A
8035,AM-A
8036,AM-B
8037,AM-D
8038,AM-E
8039,AM-A
8040,AM-A
8041,AM-C
8042,AM-C
8043,AM-D
8044,AM-E
8045,AM-C
8046,AM-C
8047,AM-C
8048,AM-C
8049,AM-C
8050,AM-D
8051,AM-C
8052,AM-C
8053,AM-D
8054,AM-E
8055,AM-C
8056,AM-C
8057,AM-C
8058,AM-D
8059,AM-C
8060,AM-C
8061,AM-D
8062,AM-C
8063,AM-C
8064,AM-C
8065,AM-D
8066,AM-E
8067,AM-A
8068,AM-C
8069,AM-D
8070,AM-E
8071,AM-A
8072,AM-A
8073,AM-B
8074,EH-B
8075,AM-D
8076,AM-D
8077,AM-E
8078,AM-A
8079,AM-C
8080,AM-D
8081,AM-D
8082,AM-E
8083,AM-A
8084,AM-C
8085,EH-B
8086,AM-D
8087,COL-C
8088,AM-B
8089,AM-B
8090,AM-B
8091,AM-C
8092,AM-C
8093,EH-B
8094,AM-D
8095,AM-C
8096,AM-C
8097,AM-C
8098,AM-C
8099,AM-C
8100,AM-C
8101,AM-C
8102,AM-C
8103,AM-C
8104,AM-D
8105,AM-A
8106,AM-A
8107,AM-A
8108,AM-C
8109,AM-C
8110,EH-B
8111,AM-D
8112,AM-C
8113,EH-B
8114,AM-C
8115,AM-C
8116,COL-C
8117,EH-B
8118,COL-B
8119,EH-B
8120,EH-C
8121,TH-B
8122,TH-C
8123,COL-E
8124,TH-A
8125,TH-A
8126,FH-B
8127,WH-A
8128,WH-A
8129,TH-A
8130,FH-A
8131,WH-A
8132,WH-A
8133,CH-B
8134,EH-B
8135,COL-C
8136,WH-B
8137,WH-B
8138,COL-D
8139,COL-F
8140,FH-C
8141,COL-B
8142,COL-B
8143,COL-D
8144,EH-B
8145,EH-B
8146,EH-B
8147,AM-D
8148,COL-C
8149,AM-B
8150,AM-D
8151,AM-D
8152,FH-A
8153,WH-D
8154,WH-B
8155,WH-B
8156,COL-E
8157,EH-A
8158,EH-C
8159,TH-B
8160,FH-A
8161,CH-B
8162,EH-A
8163,EH-C
8164,WCT-A
8165,WCT-A
8166,WCT-A
8167,WCT-B
8168,FH-A
8169,COL-B
8170,COL-B
8171,COL-D
8172,COL-D
8173,COL-F
8174,COL-F
8175,FH-A
8176,WH-B
8177,WH-B
8178,COL-D
8179,COL-F
8180,COL-F
8181,COL-F
8182,WCT-B
8183,COL-F
8184,FH-C
8185,EH-D
8186,EH-D
8187,TH-B
8188,FH-C
8189,COL-D
8190,COL-F
8191,FH-C
8192,WH-D
8193,WH-B
8194,COL-E
8195,COL-E
8196,COL-E
8197,COL-E
8198,CH-B
8199,COL-E
8200,COL-E
8201,FH-C
8202,EH-E
8203,EH-E
8204,WH-A
8205,WH-A
8206,WCT-A
8207,WCT-A
8208,WCT-A
8209,WCT-A
8210,WCT-A
8211,EH-C
8212,COL-A
8213,COL-A
8214,FH-A
8215,COL-B
8216,WH-B
8217,COL-D
8218,COL-F
8219,WCT-B
8220,FH-A
8221,WH-D
8222,WH-B
8223,WH-B
8224,COL-D
8225,COL-F
8226,COL-D
8227,COL-D
8228,COL-D
8229,EH-C
8230,EH-D
8231,EH-D
8232,COL-A
8233,COL-A
8234,EH-D
8235,FH-B
8236,WH-C
8237,EH-D
8238,FH-B
8239,EH-D
8240,TH-B
8241,FH-B
8242,WH-C
8243,COL-E
8244,COL-F
8245,COL-A
8246,COL-A
8247,COL-A
8248,COL-A
8249,COL-A
8250,COL-D
8251,COL-F
8252,COL-F
8253,FH-C
8254,EH-D
8255,EH-D
8256,COL-A
8257,COL-B
8258,EH-D
8259,TH-B
8260,FH-B
8261,WH-C
8262,WH-C
8263,EH-E
8264,FH-C
8265,FH-B
8266,WH-D
8267,EH-D
8268,COL-F
8269,WCT-B
8270,WCT-B
8271,COL-B
8272,COL-D
8273,COL-C
8274,COL-C
8275,COL-C
8276,COL-B
8277,COL-C
8278,COL-E
8279,TH-A
8280,TH-B
8281,FH-A
8282,WH-D
8283,WH-C
8284,WH-C
8285,CH-A
8286,CH-A
8287,EH-E
8288,EH-E
8289,COL-A
8290,FH-B
8291,WH-D
8292,WH-B
8293,COL-E
8294,WCT-A
8295,COL-D
8296,FH-C
8297,WH-D
8298,WH-A
8299,WH-C
8300,WH-A
8301,COL-C
8302,WH-B
8303,COL-E
8304,COL-E
8305,WCT-B
8306,TH-B
8307,FH-A
8308,TH-C
8309,TH-C
8310,TH-A
8311,WCT-B
8312,COL-B
8313,WCT-A
8314,COL-F
8315,FH-C
8316,FH-C
8317,FH-C
8318,EH-D
8319,FH-A
8320,WH-C
8321,TH-A
8322,TH-B
8323,TH-C
8324,WH-B
8325,WH-B
8326,COL-F
8327,COL-F
8328,COL-F
8329,FH-C
8330,EH-D
8331,FH-A
8332,WH-D
8333,WH-C
8334,EH-E
8335,EH-A
8336,EH-C
8337,TH-B
8338,FH-A
8339,COL-B
8340,COL-D
8341,COL-F
8342,COL-C
8343,COL-B
8344,COL-E
8345,FH-C
8346,FH-C
8347,FH-B
8348,FH-B
8349,WCT-A
8350,WH-A
8351,WH-A
8352,WH-B
8353,COL-E
8354,AM-D
8355,AM-E
8356,AM-C
8357,AM-C
8358,WCT-B
8359,AM-D
8360,FH-C
8361,FH-C
8362,COL-F
8363,FH-A
8364,AM-E
8365,WH-B
8366,WH-B
8367,WH-B
8368,WH-B
8369,EH-D
8370,FH-B
8371,WH-D
8372,WH-C
8373,TH-C
8374,TH-A
8375,CH-A
8376,COL-F
8377,FH-C
8378,WH-D
8379,WH-D
8380,WH-C
8381,COL-E
8382,TH-A
8383,TH-C
8384,TH-C
8385,AM-E
8386,AM-E
8387,WH-D
8388,WH-B
8389,AM-B
8390,EH-B
8391,AM-D
8392,COL-C
8393,COL-C
8394,COL-C
8395,FH-A
8396,WH-D
8397,AM-A
8398,AM-A
8399,AM-B
8400,AM-B
8401,AM-E
8402,AM-E
8403,AM-E
8404,COL-C
8405,COL-C
8406,AM-D
8407,COL-A
8408,AM-E
8409,AM-A
8410,AM-A
8411,AM-A
8412,AM-A
8413,AM-C
8414,AM-C
8415,AM-C
8416,AM-C
8417,AM-C
8418,AM-D
8419,AM-D
8420,AM-D
8421,AM-E
8422,AM-E
8423,AM-E
8424,WH-D
8425,WH-B
8426,EH-B
8427,EH-B
8428,EH-B
8429,EH-B
8430,TH-A
8431,AM-B
8432,AM-B
8433,AM-B
8434,CH-A
8435,EH-B
8436,EH-B
8437,AM-D
8438,AM-E
8439,WH-A
8440,AM-B
8441,AM-E
8442,AM-E
8443,AM-A
8444,AM-C
8445,AM-A
8446,AM-C
8447,AM-C
8448,AM-C
8449,AM-C
8450,AM-C
8451,AM-C
8452,AM-C
8453,AM-C
8454,AM-C
8455,AM-C
8456,AM-C
8457,AM-C
8458,EH-B
8459,AM-D
8460,TH-A
8461,AM-E
8462,WH-A
8463,AM-B
8464,TH-A
8465,WH-A
8466,CH-B
8467,CH-B
8468,EH-B
8469,EH-B
8470,COL-C
8471,COL-C
8472,COL-C
8473,FH-A
8474,WH-D
8475,AM-E
8476,AM-E
8477,COL-B
8478,WH-B
8479,COL-D
8480,COL-F
8481,AM-D
8482,AM-E
8483,CH-B
8484,EH-B
8485,AM-D
8486,AM-E
8487,AM-E
8488,AM-A
8489,AM-A
8490,AM-A
8491,WCT-A
8492,AM-D
8493,TH-B
8494,AM-E
8495,WH-A
8496,CH-A
8497,AM-B
8498,TH-A
8499,AM-B
8500,CH-A
8501,EH-A
8502,EH-A
8503,EH-C
8504,TH-A
8505,TH-A
8506,TH-A
8507,TH-A
8508,COL-C
8509,COL-C
8510,COL-C
8511,WH-A
8512,CH-B
8513,CH-B
8514,CH-B
8515,TH-A
8516,WCT-A
8517,WCT-A
8518,FH-A
8519,TH-C
8520,EH-B
8521,EH-B
8522,EH-A
8523,EH-A
8524,EH-C
8525,TH-B
8526,FH-A
8527,TH-C
8528,WH-A
8529,WH-A
8530,CH-A
8531,WH-C
8532,WH-C
8533,WH-C
8534,WH-C
8535,WH-C
8536,WH-C
8537,WH-C
8538,EH-D
8539,EH-E
8540,FH-B
8541,WCT-B
8542,WCT-B
8543,COL-B
8544,COL-B
8545,WH-B
8546,EH-D
8547,TH-B
8548,EH-E
8549,EH-E
8550,TH-B
8551,TH-C
8552,TH-B
8553,FH-B
8554,COL-B
8555,WH-B
8556,COL-E
8557,EH-C
8558,EH-E
8559,CH-A
8560,TH-A
8561,WH-A
8562,WH-B
8563,EH-A
8564,EH-A
8565,EH-A
8566,COL-F
8567,WCT-B
8568,CH-B
8569,CH-B
8570,COL-D
8571,COL-D
8572,COL-C
8573,COL-D
8574,COL-F
8575,COL-F
8576,COL-F
8577,FH-C
8578,TH-C
8579,FH-B
8580,CH-A
8581,EH-A
8582,EH-C
8583,FH-C
8584,COL-B
8585,COL-D
8586,COL-C
8587,COL-B
8588,COL-D
8589,COL-A
8590,COL-A
8591,WCT-A
8592,COL-A
8593,COL-A
8594,WH-D
8595,WH-C
8596,COL-E
8597,EH-E
8598,TH-B
8599,COL-A
8600,COL-A
8601,EH-D
8602,FH-B
8603,FH-B
8604,FH-B
8605,FH-B
8606,EH-D
8607,EH-E
8608,TH-B
8609,EH-C
8610,TH-B
8611,WH-A
8612,WCT-A
8613,WCT-B
8614,FH-A
8615,WH-D
8616,WH-D
8617,WH-B
8618,EH-A
8619,EH-C
8620,TH-A
8621,FH-A
8622,WH-A
8623,WH-B
8624,COL-E
8625,COL-E
8626,EH-A
8627,EH-A
8628,COL-F
8629,COL-A
8630,WCT-B
8631,COL-B
8632,COL-B
8633,COL-B
8634,COL-C
8635,COL-E
8636,WCT-A
8637,WCT-B
8638,COL-B
8639,COL-C
8640,WH-D
8641,WH-C
8642,WCT-A
8643,TH-A
8644,FH-A
8645,COL-B
8646,WH-B
8647,COL-E
8648,EH-A
8649,EH-C
8650,TH-B
8651,WH-A
8652,TH-C
8653,EH-E
8654,TH-B
8655,TH-C
8656,TH-C
8657,EH-C
8658,TH-B
8659,FH-A
8660,COL-B
8661,WCT-A
8662,WCT-A
8663,COL-A
8664,FH-A
8665,WH-B
8666,EH-A
8667,EH-C
8668,TH-B
8669,FH-A
8670,FH-A
8671,FH-A
8672,COL-B
8673,COL-C
8674,COL-C
8675,COL-E
8676,COL-E
8677,WCT-B
8678,TH-B
8679,FH-A
8680,COL-B
8681,COL-C
8682,COL-A
8683,FH-A
8684,WH-D
8685,WH-C
8686,WH-A
8687,WCT-A
8688,WCT-A
8689,WCT-A
8690,WCT-B
8691,WCT-B
8692,WCT-B
8693,COL-C
8694,COL-C
8695,CH-B
8696,COL-B
8697,COL-C
8698,COL-D
8699,COL-F
8700,TH-A
8701,WCT-B
8702,WCT-B
8703,COL-B
8704,COL-D
8705,COL-F
8706,FH-A
8707,COL-C
8708,COL-C
8709,WH-B
8710,COL-E
8711,TH-A
8712,FH-C
8713,TH-C
8714,TH-C
8715,TH-A
8716,EH-C
8717,FH-C
8718,TH-C
8719,EH-C
8720,WCT-B
8721,TH-A
8722,WCT-B
8723,COL-B
8724,EH-D
8725,COL-F
8726,FH-C
8727,FH-B
8728,WH-D
8729,WH-C
8730,EH-A
8731,EH-E
8732,TH-C
8733,TH-A
8734,EH-B
8735,AM-D
8736,AM-E
8737,AM-B
8738,EH-B
8739,AM-D
8740,AM-E
8741,AM-E
8742,AM-B
8743,AM-C
8744,AM-D
8745,AM-E
8746,AM-B
8747,AM-D
8748,AM-D
8749,AM-E
8750,AM-A
8751,AM-A
8752,AM-C
8753,AM-C
8754,AM-C
8755,AM-B
8756,CH-B
8757,EH-B
8758,EH-B
8759,EH-B
8760,EH-B
8761,AM-D
8762,AM-E
8763,TH-C
8764,TH-A
8765,EH-B
8766,AM-B
8767,AM-D
8768,AM-E
8769,AM-A
8770,AM-C
8771,AM-C
8772,AM-C
8773,AM-A
8774,AM-C
8775,AM-C
8776,AM-C
8777,AM-D
8778,AM-C
8779,AM-A
8780,AM-C
8781,AM-D
8782,AM-D
8783,AM-E
8784,AM-A
8785,AM-C
8786,AM-C
8787,AM-C
8788,AM-C
8789,AM-A
8790,AM-A
8791,CH-B
8792,CH-B
8793,EH-B
8794,EH-B
8795,TH-A
8796,WH-A
8797,AM-B
8798,AM-B
8799,AM-C
8800,AM-C
8801,AM-C
8802,AM-D
8803,AM-C
8804,AM-C
8805,AM-C
8806,AM-C
8807,AM-C
8808,AM-D
8809,AM-E
8810,AM-B
8811,AM-D
8812,AM-D
8813,AM-E
8814,AM-B
8815,AM-C
8816,AM-C
8817,AM-C
8818,AM-C
8819,AM-C
8820,EH-B
8821,AM-D
8822,AM-E
8823,AM-B
8824,AM-E
8825,AM-A
8826,AM-C
8827,AM-C
8828,AM-C
8829,AM-D
8830,COL-C
8831,COL-C
8832,EH-B
8833,AM-D
8834,AM-A
8835,AM-B
8836,AM-C
8837,EH-B
8838,AM-D
8839,AM-D
8840,AM-E
8841,AM-D
8842,AM-E
8843,AM-E
8844,AM-A
8845,AM-A
8846,CH-B
8847,CH-B
8848,AM-B
8849,EH-B
8850,COL-C
8851,COL-C
8852,COL-C
8853,FH-C
8854,COL-E
8855,EH-E
8856,TH-B
8857,TH-C
8858,TH-A
8859,FH-A
8860,WH-A
8861,WH-A
8862,COL-E
8863,CH-B
8864,CH-B
8865,CH-B
8866,EH-A
8867,EH-C
8868,TH-B
8869,EH-C
8870,TH-B
8871,TH-B
8872,AM-E
8873,WH-A
8874,AM-B
8875,TH-A
8876,WH-A
8877,CH-A
8878,EH-A
8879,TH-A
8880,WH-A
8881,WH-A
8882,WH-A
8883,WH-A
8884,WH-B
8885,EH-A
8886,EH-C
8887,EH-E
8888,FH-A
8889,TH-C
8890,COL-E
8891,CH-B
8892,CH-B
8893,CH-B
8894,CH-B
8895,TH-A
8896,CH-B
8897,EH-A
8898,EH-A
8899,EH-A
8900,TH-B
8901,FH-A
8902,WH-A
8903,WH-C
8904,CH-A
8905,TH-A
8906,TH-A
8907,TH-C
8908,WH-D
8909,WH-C
8910,WH-C
8911,TH-C
8912,CH-A
8913,EH-E
8914,EH-E
8915,EH-E
8916,TH-B
8917,FH-B
8918,WH-C
8919,WH-C
8920,CH-A
8921,EH-E
8922,FH-B
8923,WH-D
8924,WH-B
8925,CH-A
8926,CH-A
8927,CH-A
8928,EH-E
8929,WH-A
8930,CH-A
8931,CH-A
8932,WH-B
8933,COL-E
8934,EH-A
8935,EH-A
8936,COL-F
8937,FH-C
8938,COL-F
8939,TH-B
8940,FH-A
8941,WCT-B
8942,FH-A
8943,COL-B
8944,WH-B
8945,COL-D
8946,COL-D
8947,COL-F
8948,COL-F
8949,FH-C
8950,WH-C
8951,WH-C
8952,CH-A
8953,FH-C
8954,EH-E
8955,CH-A
8956,CH-A
8957,CH-A
8958,CH-B
8959,CH-B
8960,WCT-A
8961,COL-E
8962,EH-A
8963,EH-A
8964,EH-A
8965,EH-E
8966,WCT-A
8967,WCT-A
8968,EH-A
8969,EH-E
8970,FH-B
8971,FH-A
8972,COL-C
8973,COL-C
8974,WCT-B
8975,FH-C
8976,EH-D
8977,FH-B
8978,WH-D
8979,WH-C
8980,WH-B
8981,WCT-A
8982,COL-A
8983,COL-B
8984,COL-D
8985,COL-F
8986,FH-C
8987,COL-E
8988,COL-E
8989,COL-E
8990,COL-D
8991,COL-F
8992,COL-F
8993,WCT-B
8994,FH-C
8995,EH-E
8996,EH-E
8997,TH-C
8998,FH-A
8999,FH-A
9000,COL-B
9001,WH-B
9002,COL-E
9003,COL-E
9004,EH-A
9005,WCT-A
9006,WCT-B
9007,COL-A
9008,WCT-B
9009,WCT-B
9010,COL-A
9011,COL-C
9012,WCT-A
9013,COL-F
9014,COL-C
9015,COL-F
9016,FH-A
9017,WH-D
9018,WH-B
9019,COL-E
9020,COL-E
9021,COL-E
9022,COL-E
9023,FH-C
9024,COL-B
9025,EH-A
9026,EH-E
9027,FH-B
9028,FH-A
9029,COL-B
9030,COL-C
9031,WH-A
9032,COL-D
9033,EH-A
9034,COL-F
9035,FH-C
9036,WCT-B
9037,WCT-B
9038,FH-A
9039,WCT-A
9040,WCT-B
9041,COL-A
9042,COL-A
9043,FH-A
9044,WH-D
9045,WH-B
9046,WH-B
9047,COL-C
9048,COL-E
9049,COL-E
9050,WCT-B
9051,WCT-B
9052,COL-C
9053,COL-C
9054,COL-C
9055,COL-D
9056,COL-D
9057,COL-F
9058,COL-C
9059,WH-D
9060,WH-C
9061,WCT-A
9062,WCT-A
9063,COL-E
9064,WCT-B
9065,COL-C
9066,COL-C
9067,COL-C
9068,COL-C
9069,AM-D
9070,FH-A
9071,COL-C
9072,COL-B
9073,WH-B
9074,COL-E
9075,WCT-A
9076,WCT-A
9077,WCT-B
9078,WCT-B
9079,WCT-B
9080,COL-A
9081,COL-A
9082,TH-B
9083,FH-A
9084,WH-D
9085,WH-B
9086,COL-E
9087,COL-C
9088,COL-C
9089,COL-C
9090,COL-C
9091,COL-D
9092,COL-C
9093,COL-C
9094,COL-C
9095,COL-C
9096,COL-D
9097,COL-F
9098,COL-A
9099,WH-D
9100,WH-C
9101,FH-C
9102,FH-B
9103,WH-D
9104,WH-C
9105,AM-B
9106,EH-D
9107,EH-D
9108,FH-B
9109,FH-B
9110,FH-B
9111,WH-D
9112,WH-C
9113,AM-E
9114,FH-A
9115,AM-A
9116,WH-B
9117,AM-B
9118,AM-B
9119,EH-B
9120,EH-C
9121,FH-C
9122,FH-C
9123,TH-C
9124,AM-E
9125,WH-A
9126,WH-C
9127,WH-C
9128,WCT-A
9129,EH-B
9130,TH-B
9131,AM-E
9132,WH-B
9133,COL-E
9134,EH-B
9135,EH-B
9136,EH-B
9137,AM-C
9138,EH-B
9139,AM-D
9140,AM-B
9141,AM-B
9142,AM-B
9143,AM-D
9144,AM-E
9145,AM-C
9146,AM-C
9147,AM-C
9148,COL-D
9149,AM-D
9150,AM-D
9151,AM-E
9152,AM-A
9153,AM-A
9154,AM-A
9155,AM-B
9156,EH-B
9157,EH-B
9158,EH-B
9159,AM-B
9160,AM-B
9161,AM-B
9162,WH-A
9163,AM-B
9164,EH-B
9165,AM-D
9166,AM-E
9167,AM-A
9168,EH-B
9169,AM-D
9170,AM-E
9171,AM-B
9172,AM-D
9173,AM-D
9174,AM-E
9175,AM-E
9176,AM-B
9177,AM-B
9178,AM-D
9179,AM-C
9180,AM-C
9181,AM-C
9182,AM-C
9183,COL-C
9184,COL-C
9185,COL-C
9186,COL-C
9187,AM-A
9188,AM-C
9189,AM-C
9190,EH-B
9191,EH-B
9192,AM-B
9193,AM-D
9194,AM-E
9195,AM-A
9196,AM-B
9197,AM-C
9198,AM-C
9199,AM-D
9200,AM-E
9201,AM-A
9202,AM-B
9203,AM-E
9204,AM-E
9205,AM-B
9206,AM-E
9207,AM-B
9208,EH-B
9209,AM-B
9210,AM-D
9211,AM-E
9212,EH-B
9213,COL-C
9214,FH-A
9215,COL-B
9216,COL-C
9217,COL-C
9218,COL-A
9219,FH-B
9220,WH-A
9221,WH-C
9222,TH-A
9223,TH-C
9224,WH-C
9225,FH-B
9226,WH-D
9227,WH-A
9228,WH-A
9229,COL-E
9230,COL-E
9231,TH-A
9232,CH-B
9233,WH-A
9234,AM-B
9235,AM-B
9236,AM-E
9237,AM-B
9238,AM-B
9239,AM-B
9240,TH-A
9241,TH-A
9242,CH-B
9243,CH-B
9244,CH-B
9245,CH-A
9246,EH-A
9247,TH-A
9248,WH-A
9249,CH-A
9250,CH-A
9251,EH-A
9252,FH-C
9253,TH-A
9254,WCT-B
9255,COL-B
9256,COL-B
9257,COL-F
9258,FH-A
9259,WH-A
9260,COL-D
9261,COL-D
9262,COL-A
9263,COL-B
9264,CH-B
9265,COL-D
9266,EH-C
9267,COL-F
9268,COL-F
9269,COL-C
9270,FH-A
9271,WH-D
9272,COL-A
9273,WCT-B
9274,COL-A
9275,COL-A
9276,WCT-B
9277,FH-A
9278,WH-D
9279,WH-C
9280,WH-A
9281,WH-B
9282,WH-B
9283,COL-E
9284,EH-A
9285,EH-A
9286,EH-C
9287,TH-B
9288,FH-C
9289,CH-B
9290,COL-E
9291,COL-E
9292,COL-E
9293,WCT-A
9294,WCT-A
9295,WCT-A
9296,COL-A
9297,COL-A
9298,COL-A
9299,FH-A
9300,WH-B
9301,COL-E
9302,EH-A
9303,EH-B
9304,FH-C
9305,COL-B
9306,WH-B
9307,COL-F
9308,FH-C
9309,WH-C
9310,WH-C
9311,WH-B
9312,COL-E
9313,COL-F
9314,FH-C
9315,CH-A
9316,EH-A
9317,EH-E
9318,EH-A
9319,EH-A
9320,EH-C
9321,FH-C
9322,TH-C
9323,TH-A
9324,WH-A
9325,WH-B
9326,WH-B
9327,COL-E
9328,COL-F
9329,COL-F
9330,FH-C
9331,EH-C
9332,TH-B
9333,COL-A
9334,WH-D
9335,WH-D
9336,WH-B
9337,WH-B
9338,WH-B
9339,WH-B
9340,COL-D
9341,COL-F
9342,FH-C
9343,COL-D
9344,COL-F
9345,FH-C
9346,FH-C
9347,FH-C
9348,COL-B
9349,EH-D
9350,EH-D
9351,FH-C
9352,EH-E
9353,TH-B
9354,FH-B
9355,WCT-A
9356,COL-E
9357,CH-A
9358,CH-A
9359,EH-E
9360,TH-C
9361,EH-D
9362,FH-B
9363,FH-B
9364,EH-D
9365,FH-C
9366,EH-E
9367,TH-B
9368,FH-B
9369,WCT-A
9370,TH-B
9371,FH-A
9372,WH-A
9373,CH-B
9374,EH-B
9375,WCT-B
9376,WH-B
9377,COL-E
9378,TH-A
9379,COL-B
9380,FH-C
9381,FH-A
9382,COL-B
9383,COL-C
9384,COL-C
9385,WH-D
9386,WH-B
9387,WH-B
9388,COL-E
9389,COL-F
9390,COL-F
9391,FH-C
9392,CH-A
9393,EH-A
9394,EH-E
9395,FH-B
9396,WH-A
9397,EH-A
9398,EH-C
9399,TH-A
9400,WCT-A
9401,WCT-A
9402,WCT-A
9403,COL-D
9404,WCT-A
9405,WCT-B
9406,COL-A
9407,COL-A
9408,COL-B
9409,WH-B
9410,EH-A
9411,EH-C
9412,FH-C
9413,EH-D
9414,TH-B
9415,TH-A
9416,FH-A
9417,WH-D
9418,WH-A
9419,WH-A
9420,WH-A
9421,WH-A
9422,WH-A
9423,WH-C
9424,WCT-A
9425,CH-B
9426,CH-B
9427,EH-A
9428,EH-A
9429,EH-E
9430,EH-E
9431,TH-A
9432,WCT-A
9433,WCT-A
9434,WCT-A
9435,FH-C
9436,WH-A
9437,EH-E
9438,FH-B
9439,WH-D
9440,COL-E
9441,COL-B
9442,EH-D
9443,TH-B
9444,WH-D
9445,WH-D
9446,WH-C
9447,TH-A
9448,WH-A
9449,WH-B
9450,COL-E
9451,TH-A
9452,TH-C
9453,COL-C
9454,WH-A
9455,WH-A
9456,COL-E
9457,WCT-A
9458,WCT-A
9459,EH-C
9460,TH-A
9461,TH-A
9462,TH-A
9463,COL-B
9464,COL-C
9465,AM-D
9466,FH-B
9467,WH-D
9468,WH-C
9469,CH-A
9470,CH-A
9471,CH-A
9472,EH-A
9473,TH-A
9474,CH-B
9475,COL-D
9476,EH-B
9477,TH-A
9478,AM-E
9479,WH-A
9480,AM-A
9481,AM-B
9482,AM-A
9483,AM-A
9484,EH-B
9485,AM-C
9486,AM-C
9487,AM-C
9488,AM-D
9489,AM-D
9490,AM-E
9491,AM-A
9492,WH-B
9493,COL-E
9494,TH-A
9495,WCT-B
9496,TH-A
9497,WH-A
9498,COL-C
9499,EH-B
9500,AM-D
9501,AM-E
9502,AM-A
9503,AM-B
9504,AM-B
9505,AM-E
9506,AM-A
9507,CH-B
9508,TH-A
9509,FH-A
9510,FH-A
9511,WH-D
9512,TH-A
9513,AM-B
9514,TH-A
9515,EH-B
9516,AM-E
9517,AM-E
9518,AM-D
9519,AM-E
9520,AM-E
9521,AM-E
9522,AM-A
9523,AM-A
9524,AM-C
9525,AM-D
9526,AM-A
9527,AM-C
9528,AM-C
9529,AM-D
9530,AM-C
9531,AM-A
9532,AM-C
9533,COL-C
9534,COL-C
9535,AM-E
9536,AM-E
9537,AM-E
9538,AM-A
9539,AM-B
9540,AM-B
9541,EH-B
9542,TH-A
9543,AM-B
9544,CH-B
9545,EH-B
9546,TH-A
9547,AM-B
9548,AM-B
9549,AM-B
9550,AM-D
9551,AM-A
9552,AM-C
9553,AM-E
9554,AM-A
9555,AM-B
9556,CH-B
9557,CH-B
9558,CH-B
9559,EH-A
9560,EH-E
9561,EH-E
9562,EH-E
9563,TH-C
9564,EH-E
9565,TH-B
9566,TH-C
9567,TH-C
9568,EH-B
9569,TH-A
9570,AM-B
9571,CH-B
9572,CH-B
9573,CH-B
9574,EH-B
9575,COL-C
9576,CH-B
9577,CH-B
9578,COL-E
9579,AM-E
9580,AM-A
9581,WH-D
9582,WCT-A
9583,FH-A
9584,WH-A
9585,WH-B
9586,AM-B
9587,AM-B
9588,AM-D
9589,EH-D
9590,EH-C
9591,AM-E
9592,AM-E
9593,AM-C
9594,AM-C
9595,COL-C
9596,COL-C
9597,WH-B
9598,COL-E
9599,EH-B
9600,TH-A
9601,TH-A
9602,FH-C
9603,COL-E
9604,COL-E
9605,COL-E
9606,FH-C
9607,FH-C
9608,WH-C
9609,WH-C
9610,WH-A
9611,WH-B
9612,COL-E
9613,TH-C
9614,TH-C
9615,FH-B
9616,TH-C
9617,EH-A
9618,EH-C
9619,TH-A
9620,TH-A
9621,COL-B
9622,EH-C
9623,TH-B
9624,FH-A
9625,WH-D
9626,WH-B
9627,COL-E
9628,COL-E
9629,WCT-A
9630,WCT-A
9631,WCT-B
9632,WCT-B
9633,COL-B
9634,COL-D
9635,COL-F
9636,COL-F
9637,COL-F
9638,FH-C
9639,FH-C
9640,WH-C
9641,EH-E
9642,EH-E
9643,FH-B
9644,FH-B
9645,WH-A
9646,CH-B
9647,EH-A
9648,EH-B
9649,COL-C
9650,COL-C
9651,COL-C
9652,COL-C
9653,COL-C
9654,COL-C
9655,WCT-B
9656,WCT-B
9657,FH-C
9658,COL-B
9659,WH-B
9660,COL-D
9661,COL-F
9662,FH-C
9663,COL-B
9664,COL-D
9665,COL-D
9666,COL-F
9667,COL-F
9668,COL-F
9669,COL-A
9670,WCT-A
9671,WCT-A
9672,WCT-B
9673,WCT-B
9674,WCT-B
9675,WCT-B
9676,WCT-B
9677,WCT-B
9678,COL-B
9679,COL-C
9680,WH-B
9681,WH-C
9682,WH-A
9683,WCT-A
9684,WCT-A
9685,AM-A
9686,AM-A
9687,WH-B
9688,WH-B
9689,FH-C
9690,EH-D
9691,EH-D
9692,TH-B
9693,FH-B
9694,EH-D
9695,EH-D
9696,COL-A
9697,COL-A
9698,COL-A
9699,WH-D
9700,WH-C
9701,COL-F
9702,FH-C
9703,WH-D
9704,WH-C
9705,EH-E
9706,EH-E
9707,TH-B
9708,TH-C
9709,TH-C
9710,WH-C
9711,EH-E
9712,TH-A
9713,FH-A
9714,WH-D
9715,WH-B
9716,WH-B
9717,WH-C
9718,FH-B
9719,WH-A
9720,COL-E
9721,COL-E
9722,TH-A
9723,WCT-A
9724,COL-F
9725,FH-C
9726,FH-C
9727,WH-C
9728,WH-C
9729,WH-B
9730,EH-A
9731,TH-A
9732,TH-A
9733,CH-A
9734,COL-E
9735,EH-A
9736,TH-A
9737,TH-A
9738,EH-C
9739,WCT-B
9740,COL-F
9741,FH-A
9742,FH-B
9743,WH-D
9744,WH-D
9745,WH-A
9746,WH-B
9747,COL-F
9748,TH-B
9749,TH-B
9750,FH-A
9751,WH-D
9752,COL-E
9753,COL-E
9754,COL-F
9755,FH-A
9756,COL-B
9757,COL-D
9758,COL-F
9759,FH-C
9760,COL-B
9761,COL-D
9762,WCT-A
9763,WCT-B
9764,FH-A
9765,WH-D
9766,WH-B
9767,CH-A
9768,EH-E
9769,EH-E
9770,TH-B
9771,TH-C
9772,WH-A
9773,WH-C
9774,FH-C
9775,FH-C
9776,EH-E
9777,EH-E
9778,TH-C
9779,EH-E
9780,FH-B
9781,WH-A
9782,WH-C
9783,EH-E
9784,FH-B
9785,WH-B
9786,WH-B
9787,COL-E
9788,CH-A
9789,EH-E
9790,EH-E
9791,TH-B
9792,TH-C
9793,TH-C
9794,FH-A
9795,FH-A
9796,WH-A
9797,WH-A
9798,WH-A
9799,WH-A
9800,WH-B
9801,CH-B
9802,CH-B
9803,WCT-B
9804,WCT-B
9805,COL-B
9806,COL-C
9807,COL-C
9808,WH-B
9809,COL-C
9810,COL-C
9811,COL-E
9812,CH-B
9813,CH-B
9814,EH-A
9815,TH-A
9816,TH-B
9817,FH-A
9818,WH-D
9819,WH-C
9820,WH-A
9821,WH-A
9822,CH-A
9823,WCT-A
9824,TH-B
9825,FH-A
9826,TH-C
9827,TH-A
9828,FH-A
9829,WH-A
9830,AM-B
9831,TH-B
9832,FH-A
9833,WH-D
9834,WH-B
9835,WH-B
9836,COL-E
9837,COL-E
9838,EH-B
9839,FH-C
9840,FH-C
9841,COL-B
9842,COL-C
9843,COL-C
9844,COL-C
9845,COL-C
9846,AM-A
9847,WH-B
9848,WH-B
9849,COL-E
9850,WCT-A
9851,WCT-A
9852,WCT-B
9853,WCT-B
9854,COL-B
9855,COL-C
9856,COL-C
9857,AM-B
9858,AM-B
9859,AM-B
9860,AM-B
9861,AM-B
9862,AM-B
9863,EH-B
9864,AM-D
9865,AM-E
9866,AM-B
9867,AM-E
9868,AM-B
9869,AM-E
9870,AM-E
9871,AM-B
9872,AM-B
9873,AM-C
9874,AM-C
9875,AM-B
9876,AM-D
9877,AM-E
9878,AM-B
9879,AM-D
9880,AM-E
9881,AM-A
9882,AM-C
9883,AM-C
9884,AM-D
9885,AM-E
9886,AM-A
9887,AM-C
9888,EH-B
9889,AM-D
9890,AM-B
9891,AM-B
9892,AM-D
9893,AM-E
9894,AM-E
9895,AM-A
9896,AM-B
9897,AM-C
9898,AM-C
9899,EH-B
9900,EH-B
9901,AM-B
9902,AM-B
9903,AM-B
9904,TH-A
9905,WH-A
9906,WH-A
9907,WH-B
9908,CH-B
9909,CH-B
9910,EH-B
9911,AM-D
9912,AM-D
9913,AM-D
9914,AM-E
9915,AM-C
9916,AM-D
9917,AM-C
9918,AM-C
9919,AM-C
9920,AM-C
9921,AM-C
9922,AM-A
9923,AM-C
9924,AM-A
9925,AM-A
9926,AM-C
9927,AM-E
9928,AM-B
9929,AM-B
9930,AM-D
9931,AM-C
9932,AM-C
9933,COL-D
9934,COL-D
9935,AM-D
9936,AM-E
9937,AM-B
9938,TH-A
9939,TH-B
9940,FH-C
9941,TH-C
9942,TH-C
9943,WH-C
9944,COL-E
9945,TH-A
9946,WH-A
9947,EH-A
9948,EH-C
9949,TH-B
9950,FH-C
9951,TH-C
9952,TH-B
9953,FH-B
9954,FH-B
9955,WH-A
9956,WH-C
9957,WH-A
9958,CH-B
9959,CH-B
9960,CH-B
9961,COL-E
9962,EH-A
9963,TH-A
9964,TH-A
9965,EH-C
9966,TH-B
9967,AM-E
9968,AM-A
9969,COL-D
9970,COL-A
9971,COL-A
9972,WH-D
9973,WH-A
9974,WCT-A
9975,EH-E
9976,FH-B
9977,CH-A
9978,CH-A
9979,CH-A
9980,EH-A
9981,TH-B
9982,FH-A
9983,WH-A
9984,WH-B
9985,EH-B
9986,EH-B
9987,COL-C
9988,COL-E
9989,COL-C
9990,WH-A
9991,WH-B
9992,COL-E
9993,CH-B
9994,COL-E
9995,COL-E
9996,EH-A
9997,EH-C
9998,FH-C
9999,EH-A
10000,EH-C
10001,TH-B
10002,WCT-B
10003,FH-A
10004,FH-A
10005,WH-A
10006,TH-A
10007,WH-D
10008,COL-E
10009,CH-A
10010,CH-A
10011,CH-A
10012,EH-A
10013,EH-C
10014,TH-B
10015,TH-B
10016,FH-A
10017,COL-B
10018,COL-B
10019,COL-D
10020,FH-C
10021,EH-D
10022,EH-D
10023,FH-C
10024,TH-C
10025,TH-C
10026,WH-C
10027,EH-E
10028,FH-B
10029,TH-C
10030,CH-A
10031,EH-A
10032,TH-C
10033,CH-A
10034,EH-E
10035,TH-C
10036,TH-B
10037,FH-B
10038,FH-B
10039,COL-B
10040,COL-D
10041,COL-A
10042,COL-A
10043,WH-B
10044,COL-E
10045,FH-C
10046,FH-C
10047,EH-D
10048,TH-B
10049,FH-B
10050,WH-C
10051,EH-D
10052,EH-E
10053,TH-C
10054,CH-A
10055,EH-E
10056,EH-E
10057,EH-E
10058,FH-B
10059,CH-A
10060,EH-E
10061,TH-B
10062,FH-A
10063,WH-D
10064,WH-D
10065,WCT-B
10066,FH-C
10067,WH-A
10068,WH-B
10069,COL-E
10070,EH-C
10071,TH-B
10072,AM-E
10073,AM-A
10074,COL-E
10075,COL-E
10076,TH-A
10077,WCT-B
10078,WCT-B
10079,COL-A
10080,COL-A
10081,WH-D
10082,WH-D
10083,WH-C
10084,WH-C
10085,COL-E
10086,EH-E
10087,TH-A
10088,WCT-A
10089,WCT-A
10090,WCT-B
10091,COL-A
10092,WH-D
10093,WH-C
10094,CH-A
10095,EH-A
10096,EH-A
10097,TH-B
10098,FH-C
10099,COL-B
10100,COL-C
10101,COL-C
10102,FH-A
10103,WH-B
10104,COL-E
10105,EH-E
10106,TH-B
10107,FH-A
10108,WH-D
10109,WH-D
10110,WH-D
10111,EH-D
10112,EH-D
10113,FH-A
10114,WH-D
10115,WH-C
10116,WH-C
10117,COL-F
10118,EH-E
10119,TH-B
10120,WH-A
10121,CH-A
10122,WCT-A
10123,WCT-A
10124,WCT-A
10125,WCT-B
10126,WCT-B
10127,WCT-B
10128,TH-B
10129,FH-A
10130,FH-A
10131,COL-B
10132,COL-B
10133,WH-B
10134,EH-A
10135,EH-C
10136,COL-B
10137,EH-C
10138,FH-C
10139,FH-C
10140,WH-D
10141,COL-F
10142,COL-A
10143,FH-B
10144,FH-B
10145,WH-D
10146,WH-C
10147,FH-C
10148,TH-C
10149,TH-C
10150,TH-C
10151,TH-C
10152,TH-C
10153,TH-A
10154,WCT-B
10155,COL-B
10156,COL-B
10157,EH-D
10158,TH-C
10159,TH-A
10160,WH-A
10161,WH-A
10162,WH-B
10163,EH-E
10164,TH-A
10165,WH-A
10166,TH-A
10167,TH-A
10168,TH-A
10169,WH-A
10170,WH-A
10171,WCT-A
10172,WCT-A
10173,EH-C
10174,EH-C
10175,FH-A
10176,WCT-A
10177,WCT-A
10178,WCT-B
10179,COL-B
10180,EH-D
10181,COL-F
10182,COL-F
10183,TH-B
10184,FH-A
10185,WCT-A
10186,WCT-A
10187,COL-B
10188,COL-B
10189,EH-D
10190,WH-C
10191,WH-C
10192,WH-C
10193,CH-A
10194,CH-A
10195,TH-C
10196,WH-C
10197,EH-D
10198,TH-B
10199,WH-D
10200,EH-D
10201,TH-B
10202,TH-C
10203,TH-C
10204,WH-C
10205,WH-C
10206,TH-B
10207,WH-D
10208,FH-B
10209,FH-B
10210,WH-D
10211,WH-D
10212,COL-E
10213,CH-A
10214,TH-A
10215,TH-C
10216,WH-C
10217,WH-A
10218,WH-C
10219,AM-B
10220,AM-B
10221,TH-A
10222,EH-B
10223,TH-A
10224,AM-E
10225,AM-A
10226,AM-C
10227,AM-D
10228,AM-D
10229,AM-E
10230,AM-E
10231,AM-C
10232,AM-C
10233,AM-D
10234,AM-D
10235,COL-C
10236,COL-C
10237,COL-C
10238,COL-C
10239,COL-C
10240,WH-B
10241,COL-E
10242,EH-B
10243,AM-E
10244,WH-C
10245,WH-B
10246,AM-B
10247,AM-B
10248,AM-A
10249,AM-B
10250,AM-E
10251,AM-A
10252,AM-B
10253,AM-E
10254,AM-E
10255,AM-E
10256,AM-E
10257,AM-E
10258,AM-E
10259,AM-A
10260,AM-A
10261,AM-E
10262,AM-A
10263,AM-C
10264,AM-A
10265,AM-C
10266,AM-D
10267,AM-D
10268,AM-D
10269,AM-E
10270,AM-D
10271,AM-E
10272,AM-E
10273,AM-D
10274,AM-D
10275,AM-D
10276,AM-E
10277,AM-E
10278,AM-A
10279,EH-B
10280,AM-E
10281,AM-B
10282,EH-B
10283,FH-C
10284,TH-C
10285,COL-C
10286,EH-B
10287,FH-C
10288,COL-C
10289,AM-E
10290,AM-B
10291,AM-B
10292,TH-A
10293,CH-B
10294,CH-B
10295,EH-B
10296,EH-B
10297,AM-D
10298,AM-D
10299,AM-E
10300,WH-C
10301,CH-A
10302,EH-E
10303,EH-E
10304,AM-B
10305,EH-B
10306,AM-E
10307,AM-B
10308,AM-B
10309,AM-B
10310,AM-B
10311,AM-B
10312,AM-B
10313,WH-A
10314,WH-B
10315,CH-A
10316,COL-E
10317,EH-B
10318,FH-C
10319,EH-D
10320,COL-F
10321,FH-C
10322,CH-A
10323,EH-A
10324,EH-A
10325,EH-C
10326,TH-A
10327,FH-C
10328,TH-C
10329,TH-C
10330,EH-E
10331,TH-B
10332,TH-C
10333,TH-B
10334,TH-B
10335,TH-B
10336,EH-C
10337,TH-B
10338,FH-A
10339,FH-B
10340,WH-D
10341,WH-A
10342,WH-A
10343,COL-E
10344,COL-E
10345,CH-A
10346,EH-A
10347,CH-A
10348,EH-A
10349,EH-C
10350,EH-A
10351,EH-C
10352,TH-A
10353,TH-C
10354,TH-C
10355,TH-B
10356,FH-C
10357,COL-C
10358,WH-D
10359,FH-C
10360,EH-E
10361,EH-E
10362,FH-A
10363,WH-A
10364,COL-E
10365,WH-A
10366,WH-A
10367,CH-A
10368,EH-E
10369,FH-B
10370,FH-B
10371,WCT-A
10372,WCT-B
10373,COL-B
10374,COL-D
10375,COL-D
10376,COL-F
10377,COL-C
10378,COL-D
10379,COL-D
10380,COL-F
10381,FH-C
10382,COL-F
10383,COL-F
10384,WCT-B
10385,WCT-B
10386,FH-A
10387,WH-B
10388,COL-E
10389,EH-A
10390,TH-A
10391,EH-C
10392,TH-B
10393,FH-B
10394,WH-D
10395,CH-A
10396,COL-E
10397,COL-E
10398,EH-A
10399,EH-E
10400,TH-A
10401,EH-D
10402,TH-B
10403,TH-B
10404,FH-B
10405,WH-D
10406,COL-D
10407,COL-F
10408,FH-C
10409,WH-D
10410,WH-C
10411,WH-D
10412,COL-E
10413,COL-E
10414,WH-A
10415,WH-B
10416,COL-D
10417,COL-D
10418,EH-C
10419,WCT-B
10420,WCT-B
10421,FH-A
10422,COL-B
10423,COL-F
10424,FH-C
10425,EH-D
10426,COL-F
10427,FH-C
10428,WH-B
10429,COL-E
10430,EH-A
10431,EH-A
10432,EH-C
10433,EH-C
10434,TH-B
10435,FH-A
10436,WH-D
10437,WH-B
10438,EH-D
10439,COL-F
10440,FH-C
10441,CH-A
10442,EH-E
10443,EH-E
10444,TH-B
10445,COL-B
10446,EH-D
10447,EH-E
10448,EH-E
10449,TH-C
10450,WH-C
10451,CH-A
10452,FH-B
10453,WH-B
10454,EH-A
10455,EH-E
10456,TH-B
10457,FH-A
10458,COL-B
10459,EH-D
10460,FH-B
10461,FH-B
10462,WH-D
10463,WH-B
10464,COL-D
10465,FH-C
10466,EH-D
10467,EH-D
10468,EH-D
10469,FH-B
10470,WH-C
10471,WH-C
10472,EH-D
10473,FH-C
10474,EH-D
10475,EH-E
10476,EH-E
10477,FH-B
10478,WH-D
10479,WH-C
10480,EH-E
10481,WH-C
10482,EH-D
10483,TH-B
10484,FH-B
10485,EH-D
10486,FH-B
10487,WH-D
10488,WH-C
10489,WH-C
10490,WH-C
10491,WH-C
10492,EH-E
10493,EH-E
10494,FH-B
10495,CH-A
10496,CH-A
10497,EH-E
10498,EH-E
10499,FH-B
10500,FH-B
10501,FH-B
10502,WH-C
10503,COL-F
10504,TH-B
10505,TH-C
10506,TH-C
10507,WH-C
10508,COL-F
10509,FH-A
10510,FH-A
10511,COL-B
10512,COL-B
10513,COL-E
10514,TH-A
10515,WCT-A
10516,WCT-B
10517,WCT-B
10518,COL-A
10519,COL-A
10520,EH-D
10521,TH-B
10522,TH-C
10523,TH-C
10524,TH-A
10525,FH-A
10526,FH-A
10527,AM-A
10528,COL-E
10529,WH-A
10530,WH-C
10531,WCT-A
10532,WCT-A
10533,WCT-A
10534,WCT-B
10535,COL-B
10536,COL-B
10537,COL-E
10538,COL-E
10539,COL-E
10540,EH-B
10541,TH-A
10542,EH-D
10543,TH-B
10544,WH-A
10545,EH-A
10546,FH-C
10547,TH-B
10548,FH-B
10549,TH-C
10550,EH-E
10551,CH-A
10552,CH-B
10553,CH-B
10554,EH-A
10555,EH-C
10556,TH-A
10557,WCT-A
10558,COL-B
10559,COL-C
10560,WCT-B
10561,WCT-B
10562,FH-A
10563,WH-D
10564,WH-C
10565,EH-B
10566,TH-A
10567,EH-A
10568,TH-A
10569,TH-A
10570,TH-B
10571,FH-B
10572,TH-C
10573,FH-A
10574,WH-D
10575,COL-C
10576,COL-C
10577,WH-B
10578,WH-B
10579,COL-F
10580,FH-C
10581,EH-E
10582,FH-C
10583,TH-C
10584,AM-D
10585,EH-B
10586,EH-B
10587,COL-F
10588,FH-C
10589,COL-B
10590,EH-B
10591,EH-B
10592,AM-E
10593,EH-B
10594,AM-E
10595,AM-B
10596,AM-B
10597,CH-B
10598,EH-B
10599,AM-D
10600,AM-D
10601,AM-E
10602,AM-B
10603,AM-C
10604,AM-D
10605,AM-D
10606,AM-E
10607,AM-C
10608,AM-D
10609,AM-D
10610,AM-E
10611,AM-B
10612,AM-E
10613,AM-A
10614,AM-B
10615,AM-B
10616,AM-D
10617,AM-E
10618,AM-A
10619,AM-C
10620,AM-C
10621,AM-C
10622,AM-C
10623,AM-C
10624,AM-D
10625,AM-D
10626,AM-A
10627,AM-C
10628,AM-C
10629,AM-C
10630,AM-D
10631,AM-E
10632,AM-A
10633,AM-B
10634,AM-D
10635,AM-D
10636,AM-D
10637,AM-D
10638,AM-E
10639,AM-E
10640,AM-A
10641,AM-A
10642,AM-C
10643,AM-C
10644,AM-C
10645,AM-D
10646,AM-D
10647,EH-B
10648,AM-D
10649,AM-D
10650,AM-C
10651,AM-C
10652,AM-C
10653,AM-E
10654,AM-A
10655,EH-B
10656,EH-C
10657,AM-D
10658,AM-E
10659,AM-E
10660,AM-A
10661,AM-B
10662,TH-A
10663,CH-B
10664,AM-B
10665,WH-C
10666,CH-A
10667,TH-C
10668,TH-A
10669,FH-B
10670,FH-B
10671,WH-C
10672,TH-A
10673,TH-C
10674,FH-A
10675,WH-B
10676,EH-B
10677,EH-A
10678,TH-A
10679,TH-A
10680,TH-A
10681,TH-A
10682,EH-C
10683,FH-C
10684,TH-B
10685,EH-C
10686,FH-C
10687,TH-C
10688,TH-A
10689,TH-A
10690,COL-B
10691,CH-A
10692,COL-F
10693,FH-C
10694,FH-C
10695,WH-C
10696,WH-C
10697,WH-C
10698,WH-C
10699,EH-E
10700,TH-C
10701,CH-A
10702,CH-A
10703,EH-E
10704,CH-A
10705,WH-A
10706,WH-B
10707,EH-E
10708,FH-C
10709,WH-B
10710,COL-E
10711,TH-A
10712,EH-E
10713,TH-B
10714,TH-C
10715,EH-E
10716,TH-A
10717,WH-A
10718,WH-C
10719,WH-C
10720,WH-A
10721,WH-C
10722,CH-A
10723,EH-A
10724,EH-E
10725,EH-E
10726,TH-A
10727,TH-A
10728,WH-A
10729,CH-B
10730,CH-B
10731,EH-A
10732,EH-C
10733,EH-C
10734,COL-C
10735,COL-C
10736,COL-D
10737,COL-D
10738,COL-A
10739,COL-A
10740,COL-A
10741,COL-A
10742,COL-A
10743,COL-B
10744,COL-D
10745,COL-A
10746,COL-B
10747,COL-B
10748,COL-D
10749,COL-D
10750,COL-A
10751,COL-A
10752,FH-A
10753,WH-D
10754,COL-A
10755,FH-C
10756,FH-C
10757,COL-E
10758,COL-F
10759,FH-C
10760,FH-C
10761,TH-C
10762,TH-B
10763,TH-B
10764,FH-A
10765,COL-B
10766,COL-D
10767,COL-D
10768,COL-A
10769,COL-A
10770,COL-A
10771,FH-B
10772,FH-B
10773,FH-B
10774,WH-D
10775,WH-C
10776,WH-D
10777,COL-E
10778,WH-A
10779,WH-B
10780,COL-E
10781,COL-F
10782,COL-F
10783,FH-C
10784,FH-C
10785,FH-C
10786,EH-E
10787,EH-E
10788,TH-C
10789,EH-E
10790,TH-B
10791,TH-B
10792,COL-B
10793,COL-B
10794,COL-A
10795,COL-A
10796,FH-B
10797,WH-C
10798,FH-B
10799,COL-A
10800,FH-C
10801,EH-D
10802,COL-F
10803,EH-D
10804,COL-F
10805,EH-D
10806,EH-D
10807,EH-D
10808,FH-C
10809,EH-D
10810,EH-D
10811,FH-C
10812,COL-B
10813,COL-D
10814,COL-F
10815,COL-A
10816,COL-A
10817,COL-B
10818,EH-D
10819,COL-A
10820,FH-B
10821,WH-C
10822,EH-D
10823,COL-A
10824,WH-D
10825,WH-C
10826,COL-E
10827,EH-D
10828,FH-C
10829,FH-C
10830,COL-B
10831,COL-D
10832,COL-F
10833,FH-C
10834,WH-C
10835,WH-C
10836,CH-A
10837,CH-A
10838,CH-A
10839,EH-A
10840,EH-E
10841,EH-E
10842,EH-E
10843,EH-E
10844,EH-E
10845,TH-C
10846,WH-C
10847,CH-A
10848,EH-E
10849,CH-A
10850,EH-D
10851,EH-D
10852,FH-B
10853,CH-A
10854,EH-C
10855,FH-C
10856,FH-B
10857,FH-B
10858,WH-C
10859,WH-C
10860,TH-B
10861,WH-D
10862,COL-E
10863,EH-E
10864,EH-E
10865,FH-B
10866,FH-B
10867,WH-D
10868,WH-C
10869,EH-D
10870,EH-E
10871,TH-C
10872,EH-E
10873,FH-B
10874,TH-C
10875,CH-A
10876,EH-E
10877,TH-B
10878,COL-B
10879,EH-D
10880,CH-A
10881,EH-A
10882,FH-C
10883,FH-C
10884,COL-C
10885,COL-C
10886,WH-B
10887,COL-E
10888,EH-A
10889,EH-E
10890,EH-C
10891,TH-B
10892,TH-C
10893,TH-C
10894,WH-A
10895,CH-A
10896,EH-C
10897,EH-C
10898,TH-A
10899,FH-A
10900,AM-A
10901,WCT-A
10902,WCT-B
10903,WCT-B
10904,WCT-B
10905,COL-B
10906,WH-B
10907,WCT-A
10908,COL-C
10909,COL-C
10910,AM-A
10911,CH-B
10912,CH-B
10913,COL-E
10914,TH-A
10915,TH-A
10916,EH-D
10917,TH-B
10918,FH-C
10919,COL-C
10920,COL-D
10921,COL-F
10922,COL-A
10923,COL-A
10924,AM-E
10925,COL-C
10926,COL-D
10927,EH-B
10928,COL-D
10929,COL-F
10930,FH-B
10931,FH-B
10932,WH-A
10933,COL-E
10934,AM-B
10935,EH-B
10936,FH-B
10937,FH-A
10938,AM-A
10939,EH-B
10940,EH-B
10941,AM-E
10942,AM-D
10943,AM-E
10944,AM-E
10945,AM-B
10946,TH-A
10947,AM-E
10948,AM-B
10949,AM-B
10950,AM-B
10951,AM-C
10952,COL-C
10953,COL-C
10954,COL-C
10955,WCT-A
10956,WCT-B
10957,FH-A
10958,WH-C
10959,WH-A
10960,WCT-A
10961,EH-C
10962,TH-B
10963,FH-C
10964,WH-C
10965,AM-B
10966,TH-A
10967,AM-D
10968,AM-E
10969,AM-B
10970,AM-B
10971,EH-B
10972,AM-D
10973,AM-C
10974,EH-B
10975,AM-D
10976,AM-E
10977,AM-E
10978,AM-C
10979,EH-B
10980,AM-D
10981,AM-E
10982,AM-A
10983,AM-C
10984,AM-D
10985,AM-E
10986,AM-E
10987,AM-A
10988,AM-B
10989,AM-C
10990,AM-C
10991,CH-B
10992,EH-B
10993,AM-D
10994,AM-E
10995,AM-E
10996,AM-E
10997,AM-B
10998,AM-C
10999,AM-D
11000,AM-D
11001,AM-D
11002,FH-A
11003,AM-E
11004,AM-E
11005,AM-A
11006,EH-B
11007,AM-D
11008,TH-C
11009,TH-A
11010,AM-E
11011,AM-B
11012,AM-E
11013,AM-A
11014,AM-C
11015,AM-E
11016,AM-A
11017,AM-C
11018,AM-C
11019,AM-D
11020,AM-D
11021,AM-D
11022,AM-E
11023,AM-E
11024,AM-B
11025,AM-E
11026,AM-A
11027,AM-B
11028,EH-B
11029,AM-D
11030,AM-D
11031,AM-E
11032,WH-A
11033,AM-B
11034,AM-B
11035,AM-D
11036,AM-D
11037,AM-D
11038,AM-E
11039,AM-B
11040,AM-D
11041,AM-C
11042,AM-C
11043,CH-B
11044,CH-B
11045,EH-B
11046,TH-A
11047,TH-A
11048,FH-A
11049,WH-A
11050,AM-B
11051,WH-A
11052,AM-B
11053,AM-B
11054,EH-B
11055,FH-C
11056,EH-B
11057,TH-A
11058,TH-A
11059,FH-C
11060,TH-C
11061,TH-A
11062,TH-C
11063,TH-A
11064,CH-A
11065,TH-A
11066,TH-C
11067,EH-E
11068,FH-C
11069,TH-C
11070,FH-A
11071,FH-A
11072,WH-D
11073,WH-D
11074,WH-B
11075,WH-B
11076,EH-A
11077,EH-A
11078,EH-E
11079,FH-B
11080,FH-B
11081,FH-B
11082,WH-D
11083,WH-B
11084,WCT-A
11085,EH-E
11086,CH-A
11087,EH-D
11088,CH-A
11089,CH-A
11090,COL-E
11091,EH-E
11092,EH-E
11093,EH-E
11094,TH-C
11095,FH-B
11096,CH-A
11097,WH-B
11098,COL-E
11099,COL-E
11100,WCT-A
11101,TH-A
11102,TH-C
11103,TH-B
11104,FH-A
11105,TH-C
11106,FH-B
11107,WH-C
11108,CH-A
11109,COL-D
11110,EH-C
11111,COL-F
11112,EH-A
11113,EH-A
11114,EH-A
11115,EH-C
11116,TH-B
11117,FH-C
11118,FH-C
11119,COL-B
11120,COL-D
11121,COL-F
11122,COL-A
11123,COL-A
11124,FH-C
11125,FH-B
11126,FH-B
11127,WH-D
11128,WH-B
11129,WH-B
11130,EH-A
11131,COL-F
11132,COL-F
11133,FH-C
11134,FH-C
11135,EH-D
11136,FH-C
11137,FH-C
11138,TH-B
11139,FH-C
11140,COL-D
11141,COL-F
11142,FH-C
11143,COL-F
11144,COL-B
11145,FH-C
11146,FH-C
11147,FH-C
11148,CH-A
11149,CH-B
11150,EH-A
11151,EH-A
11152,EH-C
11153,EH-C
11154,WCT-B
11155,WCT-A
11156,COL-D
11157,COL-D
11158,WCT-B
11159,TH-B
11160,FH-C
11161,TH-C
11162,EH-E
11163,EH-D
11164,EH-E
11165,FH-A
11166,WH-C
11167,WH-C
11168,COL-E
11169,EH-D
11170,EH-E
11171,TH-C
11172,EH-E
11173,EH-E
11174,EH-A
11175,EH-C
11176,EH-C
11177,FH-A
11178,WH-A
11179,TH-C
11180,TH-C
11181,EH-D
11182,FH-C
11183,TH-C
11184,CH-A
11185,EH-A
11186,EH-A
11187,EH-E
11188,EH-E
11189,TH-C
11190,CH-A
11191,EH-E
11192,TH-C
11193,CH-A
11194,CH-A
11195,EH-E
11196,EH-E
11197,TH-C
11198,WH-A
11199,WCT-A
11200,TH-B
11201,FH-B
11202,FH-B
11203,WH-C
11204,TH-A
11205,WH-A
11206,WH-C
11207,FH-B
11208,WH-A
11209,COL-E
11210,COL-E
11211,COL-E
11212,EH-A
11213,EH-C
11214,EH-C
11215,TH-B
11216,FH-B
11217,WH-D
11218,CH-A
11219,CH-A
11220,EH-A
11221,EH-C
11222,EH-C
11223,TH-A
11224,WCT-A
11225,COL-B
11226,COL-E
11227,WH-A
11228,WH-B
11229,COL-E
11230,CH-A
11231,EH-E
11232,WCT-A
11233,WCT-A
11234,WCT-A
11235,WCT-B
11236,FH-C
11237,WH-A
11238,CH-A
11239,CH-B
11240,TH-A
11241,WH-A
11242,WH-A
11243,WH-A
11244,COL-E
11245,COL-B
11246,EH-D
11247,COL-F
11248,FH-A
11249,WH-A
11250,WH-B
11251,CH-A
11252,EH-A
11253,COL-F
11254,TH-B
11255,WCT-B
11256,FH-C
11257,TH-C
11258,FH-B
11259,FH-A
11260,WH-B
11261,CH-B
11262,EH-A
11263,EH-C
11264,EH-C
11265,WCT-A
11266,WCT-A
11267,TH-C
11268,TH-C
11269,WH-C
11270,CH-A
11271,CH-A
11272,EH-E
11273,TH-A
11274,TH-A
11275,FH-A
11276,WH-D
11277,WH-A
11278,WH-A
11279,CH-A
11280,CH-A
11281,EH-A
11282,EH-E
11283,EH-E
11284,EH-E
11285,WH-A
11286,WH-C
11287,WCT-A
11288,EH-C
11289,TH-A
11290,TH-A
11291,WH-D
11292,WH-C
11293,FH-A
11294,COL-C
11295,AM-B
11296,COL-C
11297,COL-B
11298,WH-B
11299,COL-D
11300,COL-D
11301,COL-D
11302,COL-F
11303,FH-C
11304,TH-C
11305,TH-C
11306,TH-C
11307,TH-C
11308,WH-A
11309,CH-B
11310,CH-B
11311,COL-E
11312,TH-A
11313,CH-B
11314,WCT-A
11315,CH-B
11316,EH-B
11317,EH-B
11318,WCT-A
11319,WCT-B
11320,TH-C
11321,AM-D
11322,AM-E
11323,AM-E
11324,AM-A
11325,AM-B
11326,AM-A
11327,AM-B
11328,EH-B
11329,AM-E
11330,AM-E
11331,AM-A
11332,AM-A
11333,AM-A
11334,AM-C
11335,CH-B
11336,AM-B
11337,AM-B
11338,AM-A
11339,CH-B
11340,EH-B
11341,TH-A
11342,EH-B
11343,TH-A
11344,AM-E
11345,AM-B
11346,COL-F
11347,FH-A
11348,TH-C
11349,TH-C
11350,TH-C
11351,AM-B
11352,EH-C
11353,TH-B
11354,TH-C
11355,TH-C
11356,EH-A
11357,EH-C
11358,EH-C
11359,EH-C
11360,TH-B
11361,TH-C
11362,FH-B
11363,TH-C
11364,AM-B
11365,TH-C
11366,TH-A
11367,TH-C
11368,TH-B
11369,WH-A
11370,AM-B
11371,AM-B
11372,EH-B
11373,AM-D
11374,AM-E
11375,AM-B
11376,AM-D
11377,AM-D
11378,AM-E
11379,AM-B
11380,AM-C
11381,AM-C
11382,AM-C
11383,AM-C
11384,AM-D
11385,AM-D
11386,AM-D
11387,AM-E
11388,AM-E
11389,AM-A
11390,EH-B
11391,AM-D
11392,AM-E
11393,AM-E
11394,AM-B
11395,AM-A
11396,AM-C
11397,AM-C
11398,AM-C
11399,AM-C
11400,AM-C
11401,AM-C
11402,COL-C
11403,AM-A
11404,AM-A
11405,CH-B
11406,CH-B
11407,CH-B
11408,EH-B
11409,TH-A
11410,WH-A
11411,WCT-A
11412,WCT-A
11413,WCT-A
11414,WCT-B
11415,WH-A
11416,WH-D
11417,WH-B
11418,WCT-A
11419,EH-C
11420,TH-B
11421,FH-A
11422,WH-D
11423,WH-A
11424,AM-B
11425,CH-B
11426,CH-B
11427,EH-B
11428,EH-B
11429,EH-B
11430,FH-C
11431,EH-B
11432,TH-B
11433,FH-A
11434,FH-A
11435,CH-B
11436,COL-B
11437,WH-B
11438,EH-B
11439,AM-B
11440,AM-B
11441,CH-B
11442,EH-B
11443,EH-B
11444,COL-D
11445,COL-C
11446,WH-C
11447,EH-A
11448,EH-E
11449,CH-A
11450,CH-A
11451,CH-A
11452,CH-A
11453,EH-E
11454,TH-B
11455,TH-C
11456,FH-B
11457,WH-C
11458,EH-E
11459,EH-E
11460,FH-C
11461,TH-C
11462,EH-E
11463,TH-A
11464,AM-E
11465,AM-B
11466,CH-B
11467,EH-A
11468,EH-C
11469,FH-C
11470,WH-B
11471,WH-B
11472,COL-E
11473,EH-A
11474,EH-C
11475,EH-C
11476,EH-C
11477,FH-C
11478,TH-B
11479,FH-A
11480,WH-B
11481,WH-C
11482,WH-D
11483,WH-C
11484,WH-A
11485,WH-A
11486,WH-A
11487,CH-B
11488,EH-A
11489,EH-A
11490,EH-C
11491,EH-C
11492,FH-C
11493,EH-D
11494,TH-A
11495,CH-A
11496,CH-B
11497,COL-D
11498,COL-D
11499,COL-D
11500,COL-D
11501,COL-A
11502,COL-A
11503,COL-A
11504,WH-B
11505,COL-E
11506,TH-A
11507,COL-B
11508,COL-B
11509,WH-B
11510,COL-D
11511,COL-F
11512,TH-B
11513,FH-A
11514,TH-C
11515,WH-C
11516,TH-C
11517,TH-C
11518,TH-C
11519,EH-E
11520,EH-E
11521,WH-A
11522,WH-C
11523,WH-C
11524,CH-A
11525,EH-A
11526,EH-C
11527,EH-C
11528,TH-B
11529,FH-A
11530,COL-B
11531,COL-B
11532,COL-C
11533,WH-D
11534,WH-A
11535,WH-B
11536,EH-A
11537,EH-A
11538,EH-C
11539,EH-E
11540,TH-C
11541,TH-C
11542,WH-C
11543,CH-A
11544,CH-A
11545,EH-C
11546,EH-C
11547,TH-B
11548,FH-A
11549,COL-B
11550,COL-B
11551,EH-D
11552,EH-D
11553,EH-D
11554,FH-C
11555,EH-D
11556,EH-C
11557,TH-B
11558,FH-A
11559,COL-B
11560,COL-D
11561,EH-D
11562,COL-F
11563,FH-C
11564,WH-C
11565,EH-D
11566,TH-B
11567,FH-B
11568,COL-A
11569,WCT-B
11570,COL-A
11571,COL-A
11572,COL-A
11573,WH-B
11574,COL-F
11575,WH-D
11576,WCT-A
11577,WCT-A
11578,COL-B
11579,COL-F
11580,EH-E
11581,TH-C
11582,WH-C
11583,EH-E
11584,FH-B
11585,WH-C
11586,EH-E
11587,FH-B
11588,WH-C
11589,COL-E
11590,EH-A
11591,TH-B
11592,FH-B
11593,WH-C
11594,CH-A
11595,EH-E
11596,WH-A
11597,WH-A
11598,COL-B
11599,EH-A
11600,COL-C
11601,COL-E
11602,COL-E
11603,WCT-A
11604,WCT-A
11605,WCT-B
11606,COL-F
11607,WCT-B
11608,FH-C
11609,COL-B
11610,COL-D
11611,COL-C
11612,COL-C
11613,WH-D
11614,WH-B
11615,COL-E
11616,FH-C
11617,EH-A
11618,EH-E
11619,COL-E
11620,COL-F
11621,FH-A
11622,WH-A
11623,TH-C
11624,TH-C
11625,CH-B
11626,TH-A
11627,TH-C
11628,FH-B
11629,WH-B
11630,COL-F
11631,FH-C
11632,COL-A
11633,FH-A
11634,WH-D
11635,WH-C
11636,TH-A
11637,WH-A
11638,WCT-A
11639,FH-A
11640,WH-D
11641,WH-B
11642,WH-B
11643,WCT-A
11644,CH-B
11645,CH-B
11646,EH-B
11647,AM-D
11648,AM-B
11649,TH-A
11650,CH-B
11651,EH-B
11652,EH-B
11653,AM-D
11654,AM-D
11655,AM-E
11656,AM-A
11657,AM-C
11658,AM-C
11659,AM-B
11660,AM-D
11661,AM-E
11662,AM-A
11663,COL-E
11664,EH-B
11665,EH-B
11666,EH-B
11667,FH-C
11668,TH-C
11669,TH-A
11670,TH-C
11671,CH-A
11672,CH-A
11673,EH-B
11674,EH-E
11675,TH-B
11676,TH-C
11677,TH-A
11678,WCT-A
11679,TH-A
11680,WH-A
11681,CH-B
11682,CH-B
11683,EH-B
11684,TH-A
11685,CH-B
11686,CH-B
11687,WCT-B
11688,COL-C
11689,WH-D
11690,AM-B
11691,AM-D
11692,AM-E
11693,AM-B
11694,AM-E
11695,AM-A
11696,AM-C
11697,AM-C
11698,EH-B
11699,AM-C
11700,AM-D
11701,AM-D
11702,FH-A
11703,AM-A
11704,AM-A
11705,AM-B
11706,CH-B
11707,CH-B
11708,AM-B
11709,AM-D
11710,AM-D
11711,AM-E
11712,AM-A
11713,AM-B
11714,AM-B
11715,AM-E
11716,AM-A
11717,WH-B
11718,EH-B
11719,EH-B
11720,EH-B
11721,AM-B
11722,EH-B
11723,AM-E
11724,AM-E
11725,AM-B
11726,CH-B
11727,CH-B
11728,AM-B
11729,AM-E
11730,AM-A
11731,AM-B
11732,AM-D
11733,AM-E
11734,AM-C
11735,AM-D
11736,AM-D
11737,AM-D
11738,AM-E
11739,AM-D
11740,AM-E
11741,AM-B
11742,AM-B
11743,AM-D
11744,AM-E
11745,AM-A
11746,AM-A
11747,CH-B
11748,AM-C
11749,AM-C
11750,EH-B
11751,AM-D
11752,AM-D
11753,AM-E
11754,CH-B
11755,EH-B
11756,FH-C
11757,FH-C
11758,TH-A
11759,FH-A
11760,WH-D
11761,WH-C
11762,COL-F
11763,WCT-B
11764,AM-E
11765,AM-A
11766,CH-B
11767,AM-C
11768,AM-C
11769,AM-D
11770,AM-D
11771,AM-E
11772,WH-D
11773,WH-B
11774,AM-B
11775,TH-B
11776,TH-A
11777,CH-A
11778,EH-A
11779,TH-A
11780,WH-A
11781,WH-A
11782,WH-A
11783,CH-B
11784,CH-B
11785,CH-B
11786,CH-B
11787,EH-B
11788,TH-A
11789,TH-A
11790,TH-A
11791,TH-A
11792,WCT-B
11793,COL-B
11794,TH-C
11795,TH-C
11796,WH-A
11797,TH-A
11798,COL-C
11799,COL-A
11800,WH-D
11801,WH-D
11802,CH-A
11803,CH-A
11804,CH-A
11805,EH-A
11806,EH-A
11807,EH-C
11808,EH-C
11809,TH-B
11810,TH-A
11811,WH-A
11812,CH-B
11813,CH-B
11814,COL-D
11815,COL-F
11816,COL-F
11817,TH-B
11818,FH-C
11819,WH-D
11820,WH-C
11821,CH-A
11822,EH-E
11823,TH-B
11824,EH-D
11825,TH-B
11826,EH-C
11827,EH-C
11828,TH-B
11829,TH-B
11830,WH-D
11831,EH-D
11832,COL-E
11833,EH-A
11834,EH-A
11835,EH-C
11836,FH-C
11837,EH-C
11838,FH-C
11839,TH-C
11840,EH-E
11841,CH-A
11842,CH-A
11843,EH-C
11844,TH-B
11845,FH-A
11846,WH-A
11847,CH-A
11848,CH-A
11849,CH-A
11850,EH-A
11851,EH-E
11852,TH-C
11853,TH-B
11854,TH-C
11855,TH-C
11856,CH-A
11857,EH-A
11858,COL-F
11859,EH-D
11860,TH-B
11861,FH-A
11862,WH-D
11863,WH-C
11864,COL-B
11865,COL-B
11866,COL-C
11867,WH-B
11868,COL-E
11869,COL-F
11870,WH-B
11871,WH-B
11872,COL-D
11873,COL-F
11874,COL-F
11875,COL-A
11876,COL-A
11877,FH-A
11878,WH-D
11879,WH-D
11880,WH-A
11881,CH-B
11882,CH-B
11883,EH-A
11884,EH-C
11885,TH-B
11886,WH-A
11887,WH-A
11888,WCT-A
11889,WCT-B
11890,WCT-B
11891,COL-B
11892,WH-B
11893,EH-A
11894,EH-E
11895,FH-A
11896,COL-C
11897,COL-C
11898,WH-C
11899,WH-C
11900,EH-E
11901,WCT-A
11902,FH-A
11903,WCT-B
11904,WCT-B
11905,COL-A
11906,COL-A
11907,COL-A
11908,COL-A
11909,WH-D
11910,WH-B
11911,WH-B
11912,COL-F
11913,COL-E
11914,COL-D
11915,COL-F
11916,COL-A
11917,WH-D
11918,COL-A
11919,COL-A
11920,COL-A
11921,COL-A
11922,COL-A
11923,FH-B
11924,WH-D
11925,WH-C
11926,WH-C
11927,WH-B
11928,COL-E
11929,FH-C
11930,FH-C
11931,TH-C
11932,FH-B
11933,FH-B
11934,WH-D
11935,EH-D
11936,FH-C
11937,COL-C
11938,COL-C
11939,COL-C
11940,FH-A
11941,WH-D
11942,WH-C
11943,WCT-B
11944,EH-C
11945,TH-B
11946,FH-A
11947,COL-B
11948,COL-C
11949,COL-C
11950,COL-C
11951,WH-A
11952,COL-C
11953,WH-C
11954,WH-A
11955,WH-A
11956,COL-E
11957,WCT-A
11958,WCT-A
11959,CH-B
11960,WCT-B
11961,WCT-B
11962,WCT-B
11963,FH-A
11964,EH-D
11965,EH-D
11966,EH-E
11967,EH-C
11968,EH-C
11969,TH-C
11970,CH-A
11971,CH-A
11972,EH-E
11973,FH-B
11974,TH-C
11975,FH-B
11976,WH-B
11977,WH-B
11978,COL-E
11979,CH-B
11980,CH-B
11981,EH-A
11982,EH-A
11983,EH-E
11984,TH-C
11985,TH-C
11986,EH-D
11987,TH-A
11988,WH-A
11989,CH-B
11990,COL-D
11991,TH-B
11992,FH-C
11993,FH-C
11994,COL-B
11995,CH-B
11996,CH-B
11997,WCT-A
11998,EH-C
11999,EH-C
12000,WCT-B
12001,FH-A
12002,COL-B
12003,COL-B
12004,WH-B
12005,COL-E
12006,COL-E
12007,TH-A
12008,WCT-A
12009,WCT-B
12010,FH-C
12011,TH-C
12012,WH-A
12013,WH-A
12014,WH-B
12015,WCT-A
12016,EH-B
12017,TH-B
12018,FH-A
12019,TH-C
12020,WH-A
12021,WH-C
12022,TH-C
12023,FH-A
12024,WH-A
12025,WH-B
12026,COL-E
12027,COL-D
12028,COL-F
12029,COL-F
12030,COL-F
12031,COL-C
12032,COL-C
12033,COL-C
12034,COL-A
12035,COL-A
12036,COL-C
12037,COL-C
12038,AM-B
12039,AM-E
12040,WH-C
12041,AM-A
12042,AM-A
12043,AM-B
12044,AM-B
12045,AM-B
12046,AM-B
12047,AM-C
12048,COL-D
12049,COL-F
12050,AM-D
12051,AM-D
12052,COL-C
12053,COL-C
12054,COL-C
12055,AM-A
12056,WH-C
12057,WH-A
12058,WH-C
12059,WH-C
12060,WH-A
12061,WH-A
12062,WH-B
12063,COL-E
12064,EH-B
12065,EH-B
12066,AM-D
12067,AM-B
12068,AM-E
12069,AM-A
12070,AM-A
12071,AM-C
12072,WCT-A
12073,COL-F
12074,FH-C
12075,COL-C
12076,EH-B
12077,COL-F
12078,AM-D
12079,TH-C
12080,TH-C
12081,TH-C
12082,TH-A
12083,WH-A
12084,COL-D
12085,EH-B
12086,TH-A
12087,TH-C
12088,TH-C
12089,WH-A
12090,CH-B
12091,AM-C
12092,AM-C
12093,CH-B
12094,EH-B
12095,TH-A
12096,AM-E
12097,AM-B
12098,TH-A
12099,WH-A
12100,AM-B
12101,AM-C
12102,AM-C
12103,AM-C
12104,AM-C
12105,AM-E
12106,AM-A
12107,AM-C
12108,AM-E
12109,AM-A
12110,AM-A
12111,AM-A
12112,AM-E
12113,AM-A
12114,COL-C
12115,AM-A
12116,AM-A
12117,AM-B
12118,AM-D
12119,AM-D
12120,AM-D
12121,AM-D
12122,AM-D
12123,AM-C
12124,EH-B
12125,AM-D
12126,AM-D
12127,EH-B
12128,EH-B
12129,EH-B
12130,EH-B
12131,AM-D
12132,AM-B
12133,EH-B
12134,AM-D
12135,AM-B
12136,AM-B
12137,EH-B
12138,AM-D
12139,AM-B
12140,CH-B
12141,EH-B
12142,TH-A
12143,WH-A
12144,AM-A
12145,CH-B
12146,CH-B
12147,COL-C
12148,COL-C
12149,COL-D
12150,EH-D
12151,EH-D
12152,COL-F
12153,TH-B
12154,TH-B
12155,FH-A
12156,COL-C
12157,COL-C
12158,AM-A
12159,AM-A
12160,AM-A
12161,WH-B
12162,COL-E
12163,CH-B
12164,CH-B
12165,COL-D
12166,EH-B
12167,EH-C
12168,FH-C
12169,EH-D
12170,FH-C
12171,EH-E
12172,TH-A
12173,TH-A
12174,EH-C
12175,TH-A
12176,TH-A
12177,WH-A
12178,WH-A
12179,COL-B
12180,WH-C
12181,WH-C
12182,EH-E
12183,CH-A
12184,EH-C
12185,TH-B
12186,FH-A
12187,COL-B
12188,COL-B
12189,WH-A
12190,WH-B
12191,EH-A
12192,WCT-A
12193,CH-B
12194,TH-A
12195,CH-B
12196,CH-B
12197,EH-A
12198,EH-C
12199,TH-B
12200,TH-B
12201,FH-A
12202,TH-C
12203,TH-C
12204,FH-A
12205,WH-D
12206,WH-D
12207,WH-B
12208,COL-D
12209,COL-D
12210,EH-A
12211,EH-C
12212,TH-C
12213,TH-C
12214,FH-B
12215,WH-C
12216,TH-C
12217,TH-C
12218,FH-C
12219,EH-D
12220,TH-B
12221,FH-C
12222,COL-B
12223,WH-B
12224,COL-D
12225,COL-F
12226,COL-F
12227,EH-D
12228,EH-D
12229,COL-B
12230,EH-D
12231,CH-A
12232,EH-A
12233,EH-E
12234,EH-D
12235,TH-B
12236,WH-A
12237,WH-A
12238,WH-A
12239,CH-B
12240,CH-B
12241,CH-B
12242,EH-B
12243,COL-E
12244,COL-D
12245,COL-F
12246,COL-F
12247,FH-B
12248,FH-B
12249,WH-D
12250,WH-B
12251,COL-E
12252,COL-F
12253,TH-B
12254,FH-B
12255,WH-A
12256,COL-E
12257,EH-C
12258,TH-A
12259,CH-A
12260,COL-F
12261,TH-B
12262,FH-B
12263,WH-B
12264,COL-E
12265,COL-E
12266,EH-A
12267,EH-C
12268,TH-B
12269,FH-B
12270,FH-A
12271,WH-D
12272,WH-B
12273,WH-C
12274,COL-A
12275,FH-C
12276,FH-C
12277,FH-A
12278,COL-B
12279,COL-B
12280,COL-B
12281,COL-B
12282,COL-D
12283,WCT-A
12284,WCT-B
12285,WCT-B
12286,COL-B
12287,COL-B
12288,EH-D
12289,COL-A
12290,EH-D
12291,COL-F
12292,FH-C
12293,TH-C
12294,EH-E
12295,FH-B
12296,WH-D
12297,WH-B
12298,COL-E
12299,COL-E
12300,EH-A
12301,EH-A
12302,CH-A
12303,EH-E
12304,FH-B
12305,COL-B
12306,COL-B
12307,EH-A
12308,COL-B
12309,COL-F
12310,FH-C
12311,WH-C
12312,WH-C
12313,WH-A
12314,WH-B
12315,COL-D
12316,COL-F
12317,COL-F
12318,COL-A
12319,FH-A
12320,WH-D
12321,WH-B
12322,CH-B
12323,CH-B
12324,EH-A
12325,EH-E
12326,TH-C
12327,CH-A
12328,TH-B
12329,TH-C
12330,TH-C
12331,WH-A
12332,CH-A
12333,TH-A
12334,WCT-A
12335,WCT-B
12336,FH-A
12337,WH-A
12338,WCT-A
12339,WCT-B
12340,WCT-B
12341,COL-C
12342,COL-C
12343,WH-D
12344,WH-B
12345,COL-F
12346,COL-F
12347,FH-A
12348,COL-C
12349,WH-B
12350,COL-D
12351,EH-C
12352,EH-C
12353,TH-B
12354,TH-B
12355,WH-D
12356,WH-C
12357,CH-A
12358,CH-B
12359,EH-B
12360,WCT-B
12361,CH-B
12362,COL-B
12363,COL-D
12364,COL-D
12365,COL-C
12366,FH-C
12367,COL-E
12368,EH-A
12369,AM-D
12370,AM-E
12371,TH-C
12372,COL-C
12373,AM-A
12374,COL-E
12375,COL-E
12376,CH-B
12377,WCT-A
12378,COL-D
12379,WCT-B
12380,WCT-B
12381,FH-C
12382,COL-C
12383,COL-C
12384,COL-C
12385,COL-C
12386,WCT-B
12387,WCT-B
12388,WCT-B
12389,WCT-B
12390,WCT-B
12391,COL-C
12392,FH-A
12393,COL-B
12394,COL-B
12395,COL-B
12396,COL-D
12397,COL-C
12398,COL-C
12399,COL-C
12400,COL-F
12401,AM-D
12402,COL-B
12403,COL-C
12404,COL-C
12405,COL-A
12406,COL-A
12407,WH-D
12408,WH-B
12409,WH-B
12410,COL-F
12411,FH-A
12412,WH-D
12413,AM-A
12414,WCT-A
12415,TH-A
12416,AM-E
12417,WH-A
12418,AM-A
12419,AM-A
12420,AM-B
12421,AM-E
12422,AM-A
12423,EH-B
12424,COL-C
12425,CH-B
12426,COL-D
12427,COL-C
12428,COL-C
12429,COL-C
12430,AM-B
12431,AM-D
12432,AM-E
12433,AM-A
12434,AM-B
12435,AM-D
12436,AM-A
12437,AM-C
12438,AM-C
12439,AM-C
12440,AM-C
12441,AM-C
12442,AM-C
12443,AM-C
12444,AM-C
12445,EH-B
12446,AM-D
12447,AM-A
12448,COL-C
12449,AM-E
12450,AM-A
12451,AM-A
12452,AM-E
12453,AM-E
12454,AM-B
12455,EH-B
12456,AM-D
12457,AM-E
12458,AM-B
12459,AM-B
12460,AM-D
12461,AM-D
12462,AM-D
12463,AM-D
12464,AM-D
12465,AM-E
12466,AM-A
12467,AM-A
12468,AM-A
12469,AM-A
12470,CH-B
12471,COL-D
12472,EH-B
12473,COL-C
12474,EH-B
12475,EH-B
12476,FH-C
12477,AM-B
12478,AM-B
12479,EH-B
12480,AM-B
12481,EH-B
12482,AM-D
12483,AM-E
12484,AM-A
12485,WH-A
12486,WH-B
12487,COL-D
12488,FH-C
12489,COL-F
12490,FH-C
12491,TH-C
12492,CH-A
12493,EH-E
12494,CH-A
12495,EH-C
12496,TH-B
12497,TH-C
12498,TH-C
12499,AM-B
12500,CH-B
12501,TH-A
12502,TH-C
12503,WH-A
12504,EH-C
12505,TH-B
12506,COL-B
12507,EH-B
12508,EH-C
12509,TH-A
12510,EH-E
12511,TH-B
12512,WH-A
12513,COL-E
12514,CH-A
12515,WH-A
12516,AM-B
12517,TH-A
12518,WH-A
12519,AM-B
12520,EH-B
12521,TH-B
12522,FH-A
12523,COL-B
12524,COL-B
12525,WH-B
12526,TH-C
12527,WH-A
12528,WH-A
12529,TH-C
12530,FH-B
12531,FH-B
12532,WH-D
12533,WH-D
12534,WH-A
12535,WH-B
12536,CH-B
12537,CH-B
12538,CH-B
12539,CH-B
12540,CH-B
12541,CH-B
12542,EH-B
12543,WCT-B
12544,WCT-B
12545,FH-C
12546,TH-C
12547,TH-C
12548,FH-B
12549,EH-D
12550,FH-A
12551,WCT-A
12552,WCT-B
12553,WCT-B
12554,COL-B
12555,COL-B
12556,COL-D
12557,COL-D
12558,COL-F
12559,WCT-B
12560,FH-A
12561,COL-B
12562,EH-E
12563,EH-C
12564,FH-C
12565,TH-C
12566,CH-A
12567,CH-A
12568,EH-A
12569,CH-A
12570,TH-A
12571,CH-A
12572,CH-A
12573,EH-E
12574,TH-A
12575,TH-C
12576,WH-A
12577,CH-A
12578,CH-A
12579,CH-A
12580,WH-A
12581,CH-B
12582,CH-B
12583,WCT-B
12584,TH-A
12585,FH-A
12586,WH-A
12587,AM-A
12588,WH-B
12589,WH-B
12590,WH-B
12591,COL-D
12592,COL-E
12593,WCT-A
12594,WCT-A
12595,WCT-A
12596,COL-D
12597,WCT-B
12598,WCT-B
12599,WCT-B
12600,FH-C
12601,COL-A
12602,FH-B
12603,WH-D
12604,FH-B
12605,FH-A
12606,WH-D
12607,WH-B
12608,COL-E
12609,COL-E
12610,EH-E
12611,EH-E
12612,TH-B
12613,FH-A
12614,FH-A
12615,COL-B
12616,WH-C
12617,CH-A
12618,EH-A
12619,EH-C
12620,TH-B
12621,FH-A
12622,WCT-A
12623,WH-B
12624,COL-E
12625,CH-A
12626,CH-A
12627,EH-E
12628,EH-E
12629,WCT-A
12630,WCT-A
12631,FH-A
12632,WH-B
12633,CH-A
12634,EH-A
12635,COL-D
12636,COL-F
12637,COL-F
12638,WCT-B
12639,WCT-B
12640,COL-F
12641,WCT-B
12642,WCT-B
12643,WCT-B
12644,COL-B
12645,COL-B
12646,COL-D
12647,COL-F
12648,FH-B
12649,EH-D
12650,EH-D
12651,TH-B
12652,TH-B
12653,FH-C
12654,COL-A
12655,WH-C
12656,EH-D
12657,TH-B
12658,FH-A
12659,WH-D
12660,WH-C
12661,CH-A
12662,CH-A
12663,EH-E
12664,TH-B
12665,FH-B
12666,WH-D
12667,COL-E
12668,COL-E
12669,TH-A
12670,WCT-A
12671,WCT-A
12672,WCT-B
12673,COL-B
12674,COL-D
12675,COL-F
12676,WCT-B
12677,COL-B
12678,COL-F
12679,COL-F
12680,FH-C
12681,FH-B
12682,WH-C
12683,TH-A
12684,FH-C
12685,FH-B
12686,FH-B
12687,WH-A
12688,CH-A
12689,CH-A
12690,TH-A
12691,FH-A
12692,TH-C
12693,WH-C
12694,EH-D
12695,WCT-A
12696,COL-A
12697,WH-D
12698,COL-C
12699,COL-C
12700,COL-C
12701,COL-D
12702,EH-D
12703,TH-B
12704,WH-D
12705,WH-C
12706,EH-D
12707,TH-B
12708,FH-A
12709,WH-D
12710,WH-C
12711,WCT-A
12712,FH-A
12713,WH-D
12714,WH-D
12715,WH-B
12716,WH-B
12717,COL-D
12718,WCT-B
12719,FH-C
12720,TH-B
12721,FH-A
12722,WH-C
12723,CH-A
12724,EH-E
12725,EH-E
12726,TH-B
12727,FH-B
12728,WH-A
12729,AM-B
12730,TH-A
12731,TH-A
12732,CH-B
12733,CH-B
12734,EH-B
12735,FH-C
12736,AM-E
12737,AM-D
12738,FH-A
12739,WH-D
12740,WH-B
12741,COL-E
12742,COL-F
12743,FH-C
12744,WH-C
12745,COL-E
12746,TH-A
12747,WH-A
12748,CH-B
12749,CH-B
12750,WCT-B
12751,EH-C
12752,WCT-B
12753,TH-B
12754,TH-A
12755,TH-C
12756,TH-C
12757,TH-B
12758,FH-A
12759,WH-D
12760,COL-F
12761,FH-A
12762,WH-D
12763,COL-C
12764,WH-B
12765,WH-B
12766,TH-A
12767,FH-A
12768,COL-B
12769,AM-B
12770,WH-A
12771,WH-A
12772,WH-A
12773,WCT-A
12774,WCT-A
12775,WCT-A
12776,WCT-B
12777,TH-A
12778,TH-C
12779,WH-A
12780,EH-B
12781,TH-A
12782,TH-C
12783,TH-C
12784,AM-E
12785,COL-C
12786,COL-C
12787,COL-C
12788,COL-C
12789,AM-A
12790,CH-B
12791,COL-D
12792,COL-C
12793,FH-B
12794,TH-C
12795,AM-E
12796,AM-A
12797,AM-B
12798,AM-E
12799,AM-A
12800,AM-E
12801,AM-B
12802,AM-B
12803,AM-A
12804,AM-C
12805,EH-B
12806,COL-F
12807,FH-C
12808,AM-E
12809,AM-A
12810,AM-A
12811,AM-B
12812,AM-B
12813,AM-E
12814,AM-B
12815,AM-D
12816,AM-A
12817,AM-C
12818,AM-C
12819,EH-B
12820,AM-D
12821,AM-B
12822,AM-B
12823,AM-E
12824,AM-A
12825,AM-B
12826,AM-D
12827,AM-E
12828,AM-C
12829,AM-C
12830,AM-C
12831,EH-B
12832,AM-D
12833,AM-E
12834,AM-E
12835,AM-A
12836,AM-B
12837,AM-E
12838,AM-A
12839,AM-D
12840,AM-E
12841,AM-A
12842,AM-C
12843,AM-C
12844,AM-C
12845,AM-C
12846,AM-D
12847,AM-E
12848,AM-A
12849,WH-A
12850,COL-E
12851,EH-A
12852,TH-A
12853,WH-A
12854,WCT-A
12855,TH-A
12856,EH-C
12857,EH-E
12858,EH-C
12859,TH-B
12860,AM-E
12861,WH-A
12862,WH-B
12863,CH-B
12864,CH-B
12865,EH-C
12866,EH-B
12867,TH-A
12868,TH-A
12869,FH-A
12870,WH-D
12871,WH-B
12872,COL-E
12873,EH-A
12874,EH-E
12875,EH-A
12876,EH-C
12877,FH-A
12878,FH-A
12879,WCT-A
12880,COL-D
12881,COL-D
12882,EH-E
12883,EH-E
12884,TH-B
12885,FH-B
12886,WH-A
12887,CH-A
12888,TH-C
12889,TH-A
12890,TH-A
12891,FH-A
12892,WH-B
12893,COL-E
12894,CH-A
12895,EH-A
12896,EH-A
12897,EH-C
12898,EH-E
12899,FH-B
12900,TH-C
12901,WH-A
12902,EH-A
12903,EH-C
12904,FH-A
12905,WH-D
12906,WH-C
12907,CH-A
12908,CH-A
12909,EH-A
12910,EH-E
12911,EH-C
12912,TH-B
12913,FH-A
12914,FH-A
12915,WCT-B
12916,FH-A
12917,WH-B
12918,COL-B
12919,WH-B
12920,COL-E
12921,COL-E
12922,FH-C
12923,FH-C
12924,TH-C
12925,FH-B
12926,FH-B
12927,FH-B
12928,WH-D
12929,WH-B
12930,COL-E
12931,EH-E
12932,WH-A
12933,CH-A
12934,TH-A
12935,WH-A
12936,WH-A
12937,CH-A
12938,EH-A
12939,EH-C
12940,EH-C
12941,EH-C
12942,TH-B
12943,TH-B
12944,FH-A
12945,WH-A
12946,CH-A
12947,CH-A
12948,EH-A
12949,EH-A
12950,EH-C
12951,EH-C
12952,EH-C
12953,TH-B
12954,COL-A
12955,WH-D
12956,WH-D
12957,EH-D
12958,FH-C
12959,COL-F
12960,COL-E
12961,COL-E
12962,COL-E
12963,WCT-B
12964,EH-A
12965,FH-C
12966,EH-A
12967,COL-F
12968,FH-C
12969,EH-E
12970,EH-E
12971,EH-C
12972,TH-B
12973,TH-C
12974,WH-C
12975,COL-F
12976,COL-F
12977,FH-B
12978,FH-B
12979,FH-B
12980,FH-B
12981,FH-A
12982,COL-B
12983,COL-B
12984,EH-A
12985,EH-A
12986,COL-F
12987,COL-F
12988,FH-C
12989,COL-B
12990,COL-B
12991,EH-A
12992,EH-C
12993,TH-B
12994,COL-A
12995,FH-A
12996,WH-D
12997,WH-C
12998,COL-E
12999,WH-C
13000,CH-A
13001,EH-E
13002,WH-A
13003,CH-B
13004,CH-B
13005,EH-A
13006,EH-A
13007,TH-B
13008,TH-C
13009,FH-B
13010,TH-C
13011,CH-A
13012,CH-A
13013,EH-D
13014,EH-D
13015,TH-B
13016,FH-A
13017,COL-B
13018,WH-C
13019,COL-F
13020,WCT-B
13021,FH-C
13022,FH-C
13023,EH-E
13024,TH-A
13025,WH-A
13026,COL-E
13027,COL-E
13028,WH-A
13029,COL-E
13030,TH-A
13031,WH-A
13032,WH-C
13033,WH-C
13034,WH-A
13035,WH-B
13036,COL-E
13037,CH-A
13038,CH-A
13039,CH-A
13040,CH-A
13041,CH-A
13042,CH-A
13043,EH-E
13044,FH-B
13045,TH-C
13046,CH-A
13047,EH-A
13048,EH-E
13049,EH-E
13050,EH-E
13051,TH-B
13052,TH-B
13053,FH-A
13054,COL-B
13055,WH-B
13056,EH-A
13057,EH-A
13058,EH-E
13059,FH-B
13060,WH-C
13061,FH-B
13062,WH-C
13063,WH-C
13064,WH-C
13065,WH-A
13066,CH-B
13067,CH-B
13068,COL-E
13069,EH-C
13070,TH-B
13071,COL-B
13072,WH-D
13073,WH-B
13074,COL-D
13075,COL-C
13076,COL-C
13077,COL-C
13078,COL-C
13079,COL-C
13080,COL-C
13081,COL-F
13082,FH-A
13083,WH-A
13084,EH-A
13085,EH-E
13086,EH-C
13087,TH-B
13088,FH-A
13089,WH-A
13090,WH-A
13091,CH-A
13092,EH-B
13093,TH-A
13094,WCT-B
13095,COL-C
13096,COL-B
13097,WH-B
13098,COL-C
13099,COL-E
13100,CH-B
13101,WCT-A
13102,WCT-B
13103,FH-C
13104,COL-C
13105,FH-A
13106,FH-B
13107,WH-C
13108,COL-F
13109,TH-B
13110,WH-D
13111,WH-C
13112,COL-E
13113,COL-E
13114,COL-F
13115,COL-A
13116,COL-A
13117,COL-C
13118,WH-B
13119,COL-E
13120,COL-E
13121,COL-B
13122,COL-C
13123,WCT-A
13124,WCT-B
13125,WCT-B
13126,EH-B
13127,FH-C
13128,TH-C
13129,TH-C
13130,EH-B
13131,FH-C
13132,AM-E
13133,AM-B
13134,AM-E
13135,AM-B
13136,AM-C
13137,AM-C
13138,AM-C
13139,AM-C
13140,AM-A
13141,AM-C
13142,AM-D
13143,AM-E
13144,AM-A
13145,AM-B
13146,EH-B
13147,AM-D
13148,AM-E
13149,AM-E
13150,AM-B
13151,AM-B
13152,AM-B
13153,EH-B
13154,TH-A
13155,AM-B
13156,EH-B
13157,TH-C
13158,TH-C
13159,AM-D
13160,AM-E
13161,AM-D
13162,FH-A
13163,AM-E
13164,AM-B
13165,COL-E
13166,COL-F
13167,FH-A
13168,FH-B
13169,TH-C
13170,WH-A
13171,WH-B
13172,WH-B
13173,TH-A
13174,AM-B
13175,TH-A
13176,TH-A
13177,WH-A
13178,AM-A
13179,CH-B
13180,CH-B
13181,CH-B
13182,EH-B
13183,FH-A
13184,AM-A
13185,AM-A
13186,AM-A
13187,COL-E
13188,AM-C
13189,AM-C
13190,AM-C
13191,AM-C
13192,AM-C
13193,AM-C
13194,AM-C
13195,EH-B
13196,AM-B
13197,AM-A
13198,AM-B
13199,AM-B
13200,AM-B
13201,AM-B
13202,CH-B
13203,EH-B
13204,AM-B
13205,AM-B
13206,AM-B
13207,AM-B
13208,AM-B
13209,AM-D
13210,AM-E
13211,AM-B
13212,CH-B
13213,CH-B
13214,EH-B
13215,AM-D
13216,AM-B
13217,AM-E
13218,AM-A
13219,WH-B
13220,CH-B
13221,WH-B
13222,CH-B
13223,EH-A
13224,EH-A
13225,EH-B
13226,EH-B
13227,TH-A
13228,TH-A
13229,CH-B
13230,TH-A
13231,TH-A
13232,EH-B
13233,TH-A
13234,CH-B
13235,AM-C
13236,AM-C
13237,AM-C
13238,AM-C
13239,AM-C
13240,AM-C
13241,EH-B
13242,AM-B
13243,AM-B
13244,AM-B
13245,AM-C
13246,WH-B
13247,EH-B
13248,EH-B
13249,EH-B
13250,FH-C
13251,TH-C
13252,TH-A
13253,WH-A
13254,CH-B
13255,CH-B
13256,TH-A
13257,TH-A
13258,EH-A
13259,EH-C
13260,FH-C
13261,FH-C
13262,EH-D
13263,TH-B
13264,TH-C
13265,CH-B
13266,EH-A
13267,EH-C
13268,COL-F
13269,TH-A
13270,TH-A
13271,WCT-B
13272,WCT-B
13273,WCT-B
13274,COL-B
13275,COL-B
13276,TH-C
13277,FH-C
13278,CH-A
13279,CH-A
13280,EH-A
13281,EH-C
13282,WCT-A
13283,WCT-B
13284,COL-A
13285,WCT-B
13286,COL-D
13287,COL-A
13288,COL-D
13289,COL-D
13290,COL-F
13291,COL-A
13292,COL-B
13293,COL-F
13294,FH-C
13295,FH-B
13296,WH-C
13297,COL-E
13298,EH-A
13299,EH-C
13300,EH-E
13301,EH-C
13302,TH-B
13303,FH-A
13304,COL-B
13305,COL-D
13306,COL-D
13307,COL-F
13308,COL-B
13309,COL-D
13310,EH-D
13311,EH-D
13312,FH-C
13313,FH-C
13314,COL-D
13315,FH-C
13316,EH-D
13317,COL-F
13318,EH-D
13319,FH-B
13320,CH-A
13321,CH-A
13322,EH-A
13323,EH-A
13324,EH-E
13325,WCT-A
13326,FH-A
13327,WH-B
13328,COL-E
13329,CH-B
13330,EH-A
13331,CH-B
13332,EH-A
13333,EH-A
13334,EH-C
13335,COL-B
13336,COL-D
13337,COL-A
13338,FH-B
13339,WH-D
13340,CH-A
13341,EH-E
13342,EH-C
13343,TH-B
13344,FH-B
13345,FH-C
13346,EH-D
13347,FH-C
13348,WCT-B
13349,COL-B
13350,COL-B
13351,COL-D
13352,COL-D
13353,COL-F
13354,FH-B
13355,WH-C
13356,CH-A
13357,EH-E
13358,TH-C
13359,CH-A
13360,CH-A
13361,EH-E
13362,TH-C
13363,FH-B
13364,TH-C
13365,WH-A
13366,WH-A
13367,WH-B
13368,COL-E
13369,COL-E
13370,EH-A
13371,EH-A
13372,EH-C
13373,TH-B
13374,TH-B
13375,EH-C
13376,WCT-A
13377,COL-A
13378,COL-B
13379,COL-A
13380,COL-A
13381,COL-B
13382,COL-B
13383,WH-B
13384,COL-E
13385,EH-D
13386,TH-B
13387,COL-B
13388,WH-B
13389,EH-D
13390,WCT-B
13391,WCT-B
13392,COL-B
13393,FH-A
13394,WH-D
13395,WH-B
13396,EH-E
13397,WCT-A
13398,WCT-A
13399,WCT-B
13400,TH-B
13401,TH-B
13402,WH-D
13403,WH-D
13404,COL-E
13405,EH-E
13406,EH-E
13407,FH-C
13408,COL-B
13409,WH-B
13410,COL-D
13411,COL-F
13412,COL-F
13413,EH-C
13414,FH-B
13415,FH-B
13416,EH-D
13417,EH-D
13418,COL-B
13419,COL-A
13420,COL-A
13421,EH-D
13422,EH-D
13423,EH-D
13424,EH-D
13425,FH-B
13426,FH-B
13427,WH-C
13428,WCT-A
13429,FH-B
13430,WH-C
13431,EH-D
13432,COL-E
13433,EH-D
13434,EH-D
13435,FH-B
13436,WH-C
13437,FH-B
13438,WH-C
13439,WH-C
13440,EH-D
13441,COL-F
13442,FH-B
13443,WH-D
13444,WH-C
13445,CH-A
13446,EH-E
13447,EH-E
13448,TH-C
13449,TH-C
13450,FH-B
13451,WH-C
13452,CH-A
13453,EH-C
13454,TH-B
13455,FH-B
13456,WH-A
13457,WH-B
13458,EH-C
13459,TH-B
13460,FH-B
13461,AM-E
13462,WH-C
13463,EH-B
13464,TH-B
13465,FH-A
13466,WH-A
13467,WH-B
13468,WH-B
13469,COL-C
13470,COL-C
13471,WCT-B
13472,FH-A
13473,COL-B
13474,COL-C
13475,COL-C
13476,COL-C
13477,AM-A
13478,AM-A
13479,COL-C
13480,COL-C
13481,AM-E
13482,AM-A
13483,AM-B
13484,AM-D
13485,AM-D
13486,AM-E
13487,AM-E
13488,WH-A
13489,CH-B
13490,EH-B
13491,AM-D
13492,FH-B
13493,WH-D
13494,AM-B
13495,AM-B
13496,EH-B
13497,AM-D
13498,AM-E
13499,AM-E
13500,AM-D
13501,AM-E
13502,AM-E
13503,AM-A
13504,AM-E
13505,AM-D
13506,AM-E
13507,AM-E
13508,AM-E
13509,AM-A
13510,AM-A
13511,AM-C
13512,AM-C
13513,AM-C
13514,AM-D
13515,AM-D
13516,AM-C
13517,AM-A
13518,COL-C
13519,COL-C
13520,AM-D
13521,AM-D
13522,FH-A
13523,AM-A
13524,WH-B
13525,COL-E
13526,EH-B
13527,EH-B
13528,TH-B
13529,FH-A
13530,TH-C
13531,WH-A
13532,CH-B
13533,WH-B
13534,CH-B
13535,CH-B
13536,CH-B
13537,EH-B
13538,TH-A
13539,AM-D
13540,AM-D
13541,AM-D
13542,AM-E
13543,AM-A
13544,AM-A
13545,AM-C
13546,AM-C
13547,AM-C
13548,AM-C
13549,AM-C
13550,EH-B
13551,AM-D
13552,AM-D
13553,AM-E
13554,AM-A
13555,AM-B
13556,AM-E
13557,AM-B
13558,EH-B
13559,EH-B
13560,EH-B
13561,AM-D
13562,AM-E
13563,AM-A
13564,AM-B
13565,AM-A
13566,COL-E
13567,EH-B
13568,TH-A
13569,WH-A
13570,CH-B
13571,EH-C
13572,EH-C
13573,AM-D
13574,AM-E
13575,EH-B
13576,TH-A
13577,TH-A
13578,TH-A
13579,TH-A
13580,TH-A
13581,AM-E
13582,AM-C
13583,AM-D
13584,AM-C
13585,AM-A
13586,AM-A
13587,AM-A
13588,CH-B
13589,CH-B
13590,EH-B
13591,CH-B
13592,EH-B
13593,AM-D
13594,AM-E
13595,AM-E
13596,WH-A
13597,CH-B
13598,CH-B
13599,CH-B
13600,CH-B
13601,CH-B
13602,CH-B
13603,EH-B
13604,EH-B
13605,EH-C
13606,EH-C
13607,FH-A
13608,FH-A
13609,AM-E
13610,CH-B
13611,CH-B
13612,CH-B
13613,EH-B
13614,COL-C
13615,COL-B
13616,COL-C
13617,EH-D
13618,TH-A
13619,TH-C
13620,TH-C
13621,WH-C
13622,AM-B
13623,AM-B
13624,CH-B
13625,CH-B
13626,EH-B
13627,EH-B
13628,AM-D
13629,AM-B
13630,COL-C
13631,AM-A
13632,CH-B
13633,EH-B
13634,COL-F
13635,COL-F
13636,FH-C
13637,WH-A
13638,CH-B
13639,EH-A
13640,CH-B
13641,EH-A
13642,TH-A
13643,TH-C
13644,TH-C
13645,TH-C
13646,TH-C
13647,CH-A
13648,EH-A
13649,TH-A
13650,EH-C
13651,FH-A
13652,WH-A
13653,EH-C
13654,TH-B
13655,FH-A
13656,WH-A
13657,TH-A
13658,CH-B
13659,EH-A
13660,EH-C
13661,EH-C
13662,FH-A
13663,WCT-A
13664,WCT-A
13665,COL-D
13666,WCT-B
13667,WCT-B
13668,EH-A
13669,TH-A
13670,COL-C
13671,WH-C
13672,FH-A
13673,WH-D
13674,WH-B
13675,WH-B
13676,COL-E
13677,TH-A
13678,WCT-A
13679,WCT-B
13680,WCT-B
13681,FH-A
13682,WH-B
13683,WH-B
13684,EH-A
13685,EH-B
13686,TH-A
13687,COL-B
13688,COL-E
13689,COL-E
13690,TH-A
13691,EH-A
13692,EH-C
13693,TH-B
13694,TH-B
13695,WCT-B
13696,FH-B
13697,FH-B
13698,WH-D
13699,WH-C
13700,WH-D
13701,WH-C
13702,FH-B
13703,FH-A
13704,COL-B
13705,COL-C
13706,COL-F
13707,COL-F
13708,COL-F
13709,WCT-B
13710,FH-A
13711,COL-B
13712,COL-C
13713,COL-D
13714,COL-F
13715,COL-F
13716,WCT-B
13717,COL-B
13718,COL-D
13719,FH-C
13720,EH-A
13721,EH-C
13722,TH-B
13723,FH-B
13724,FH-B
13725,WH-D
13726,WH-C
13727,EH-E
13728,TH-B
13729,FH-A
13730,WH-D
13731,COL-C
13732,WH-C
13733,WH-C
13734,WH-C
13735,CH-A
13736,EH-A
13737,EH-A
13738,COL-F
13739,FH-C
13740,FH-C
13741,COL-B
13742,EH-A
13743,EH-C
13744,FH-B
13745,TH-C
13746,AM-E
13747,WH-B
13748,WH-B
13749,COL-F
13750,COL-A
13751,COL-B
13752,EH-D
13753,COL-A
13754,EH-D
13755,COL-F
13756,FH-C
13757,EH-D
13758,COL-F
13759,FH-C
13760,EH-D
13761,EH-E
13762,EH-D
13763,COL-F
13764,TH-B
13765,FH-B
13766,FH-B
13767,WH-D
13768,WH-D
13769,WH-B
13770,COL-D
13771,COL-F
13772,WCT-B
13773,COL-D
13774,COL-D
13775,COL-A
13776,COL-F
13777,COL-F
13778,FH-C
13779,EH-D
13780,COL-A
13781,WH-D
13782,WH-C
13783,EH-E
13784,EH-C
13785,TH-B
13786,FH-B
13787,COL-B
13788,COL-D
13789,WCT-B
13790,WCT-B
13791,FH-C
13792,EH-D
13793,COL-A
13794,WH-D
13795,WH-C
13796,WH-C
13797,EH-D
13798,COL-A
13799,FH-B
13800,EH-D
13801,FH-B
13802,WH-C
13803,EH-E
13804,TH-B
13805,EH-D
13806,EH-D
13807,COL-E
13808,COL-E
13809,CH-A
13810,TH-A
13811,TH-B
13812,WH-D
13813,WH-D
13814,EH-D
13815,COL-F
13816,TH-B
13817,WH-D
13818,WH-C
13819,CH-A
13820,TH-A
13821,TH-A
13822,FH-A
13823,WH-D
13824,WH-C
13825,WH-A
13826,WCT-A
13827,WCT-A
13828,WCT-A
13829,WCT-A
13830,WCT-A
13831,WCT-A
13832,WCT-A
13833,WCT-B
13834,WH-A
13835,WH-B
13836,CH-B
13837,EH-B
13838,AM-B
13839,AM-D
13840,AM-E
13841,AM-C
13842,AM-C
13843,AM-C
13844,EH-B
13845,AM-D
13846,AM-D
13847,AM-B
13848,AM-D
13849,FH-A
13850,WH-B
13851,EH-B
13852,FH-C
13853,EH-B
13854,EH-B
13855,EH-B
13856,AM-D
13857,AM-D
13858,FH-A
13859,AM-A
13860,AM-A
13861,AM-A
13862,CH-B
13863,EH-B
13864,AM-D
13865,AM-D
13866,AM-E
13867,AM-A
13868,WCT-A
13869,EH-C
13870,EH-C
13871,EH-C
13872,TH-B
13873,WH-A
13874,WH-B
13875,COL-D
13876,CH-A
13877,EH-B
13878,FH-C
13879,TH-C
13880,EH-E
13881,AM-E
13882,WH-A
13883,EH-B
13884,AM-D
13885,AM-B
13886,CH-B
13887,EH-B
13888,AM-D
13889,AM-D
13890,AM-E
13891,AM-B
13892,CH-B
13893,CH-B
13894,COL-D
13895,COL-F
13896,AM-E
13897,AM-B
13898,AM-A
13899,AM-B
13900,EH-B
13901,AM-D
13902,AM-E
13903,AM-B
13904,AM-D
13905,AM-E
13906,AM-A
13907,AM-B
13908,AM-D
13909,AM-E
13910,AM-A
13911,AM-A
13912,AM-A
13913,AM-A
13914,COL-C
13915,COL-C
13916,COL-C
13917,COL-C
13918,COL-C
13919,COL-C
13920,COL-C
13921,COL-C
13922,COL-C
13923,COL-F
13924,TH-B
13925,TH-B
13926,FH-C
13927,TH-C
13928,TH-C
13929,TH-A
13930,TH-C
13931,AM-E
13932,WH-A
13933,CH-B
13934,CH-B
13935,CH-B
13936,EH-B
13937,CH-B
13938,EH-B
13939,EH-B
13940,EH-B
13941,AM-B
13942,AM-B
13943,CH-B
13944,EH-B
13945,AM-D
13946,AM-E
13947,AM-B
13948,AM-A
13949,AM-C
13950,AM-C
13951,AM-D
13952,AM-A
13953,AM-B
13954,AM-E
13955,AM-B
13956,AM-B
13957,AM-B
13958,AM-C
13959,AM-D
13960,AM-D
13961,EH-B
13962,AM-D
13963,TH-B
13964,FH-A
13965,WH-A
13966,CH-A
13967,CH-A
13968,TH-A
13969,CH-B
13970,CH-B
13971,EH-C
13972,TH-A
13973,TH-A
13974,TH-C
13975,WH-A
13976,CH-B
13977,TH-A
13978,TH-A
13979,TH-A
13980,TH-B
13981,FH-A
13982,FH-A
13983,WH-A
13984,CH-B
13985,CH-B
13986,CH-B
13987,EH-A
13988,EH-B
13989,COL-C
13990,COL-D
13991,COL-A
13992,COL-A
13993,WH-B
13994,COL-D
13995,COL-D
13996,COL-E
13997,EH-D
13998,EH-D
13999,EH-E
14000,CH-A
14001,EH-E
14002,EH-E
14003,EH-E
14004,TH-C
14005,CH-A
14006,EH-E
14007,TH-C
14008,TH-C
14009,EH-E
14010,TH-C
14011,WCT-A
14012,WCT-A
14013,WCT-B
14014,WCT-B
14015,FH-A
14016,WCT-A
14017,WCT-A
14018,CH-B
14019,CH-B
14020,CH-B
14021,CH-B
14022,WH-B
14023,WH-B
14024,EH-A
14025,EH-C
14026,EH-C
14027,TH-B
14028,FH-A
14029,COL-B
14030,WH-B
14031,WH-C
14032,WH-C
14033,CH-A
14034,EH-A
14035,EH-C
14036,EH-A
14037,EH-C
14038,TH-B
14039,EH-D
14040,TH-B
14041,FH-C
14042,EH-D
14043,EH-C
14044,TH-A
14045,FH-A
14046,WH-B
14047,COL-E
14048,COL-E
14049,TH-A
14050,CH-A
14051,CH-A
14052,EH-E
14053,WH-A
14054,WH-C
14055,WH-D
14056,WH-D
14057,WH-C
14058,WH-C
14059,FH-A
14060,WH-D
14061,WH-D
14062,WH-C
14063,WH-C
14064,WH-D
14065,WH-C
14066,WH-C
14067,WCT-A
14068,WCT-A
14069,COL-D
14070,EH-C
14071,EH-D
14072,EH-C
14073,EH-D
14074,EH-D
14075,TH-B
14076,TH-B
14077,FH-B
14078,EH-D
14079,FH-B
14080,EH-D
14081,COL-A
14082,COL-A
14083,FH-B
14084,WH-D
14085,WH-A
14086,CH-A
14087,COL-E
14088,TH-A
14089,WH-A
14090,CH-B
14091,EH-A
14092,COL-D
14093,COL-F
14094,COL-A
14095,COL-A
14096,WH-B
14097,COL-E
14098,WCT-B
14099,COL-B
14100,COL-D
14101,COL-F
14102,COL-A
14103,COL-A
14104,COL-A
14105,WH-D
14106,WH-B
14107,COL-E
14108,COL-F
14109,FH-C
14110,FH-B
14111,WH-D
14112,WH-C
14113,COL-E
14114,COL-E
14115,COL-E
14116,COL-E
14117,COL-F
14118,TH-B
14119,FH-B
14120,FH-B
14121,TH-C
14122,TH-C
14123,WH-C
14124,WH-C
14125,COL-E
14126,COL-E
14127,EH-A
14128,EH-C
14129,FH-C
14130,FH-C
14131,TH-B
14132,TH-C
14133,WH-A
14134,WH-B
14135,CH-B
14136,CH-B
14137,CH-B
14138,EH-C
14139,TH-B
14140,TH-B
14141,FH-A
14142,TH-C
14143,EH-D
14144,EH-C
14145,EH-C
14146,TH-B
14147,FH-B
14148,WH-C
14149,CH-A
14150,EH-A
14151,TH-A
14152,TH-A
14153,CH-B
14154,COL-E
14155,WCT-A
14156,WCT-A
14157,CH-B
14158,CH-B
14159,WCT-B
14160,TH-C
14161,WCT-A
14162,COL-B
14163,COL-D
14164,COL-F
14165,WCT-B
14166,FH-C
14167,COL-B
14168,COL-A
14169,COL-A
14170,FH-A
14171,WH-D
14172,WH-C
14173,WH-B
14174,COL-E
14175,EH-A
14176,EH-C
14177,EH-C
14178,WCT-A
14179,TH-A
14180,WCT-A
14181,WCT-B
14182,WCT-B
14183,COL-B
14184,WH-C
14185,TH-C
14186,CH-A
14187,EH-C
14188,TH-C
14189,TH-C
14190,FH-A
14191,TH-C
14192,WH-A
14193,WH-C
14194,EH-E
14195,TH-B
14196,TH-C
14197,FH-A
14198,WCT-A
14199,COL-D
14200,COL-D
14201,COL-F
14202,COL-F
14203,FH-C
14204,WH-D
14205,WH-A
14206,COL-E
14207,CH-A
14208,COL-E
14209,TH-A
14210,TH-A
14211,CH-A
14212,TH-A
14213,TH-A
14214,TH-A
14215,COL-D
14216,EH-C
14217,FH-A
14218,AM-E
14219,FH-A
14220,AM-A
14221,AM-A
14222,AM-A
14223,WH-B
14224,CH-B
14225,CH-B
14226,WCT-A
14227,WCT-A
14228,WCT-A
14229,TH-A
14230,TH-A
14231,AM-B
14232,EH-B
14233,EH-B
14234,AM-D
14235,WH-D
14236,AM-A
14237,AM-B
14238,AM-B
14239,AM-B
14240,AM-E
14241,AM-B
14242,AM-D
14243,AM-B
14244,EH-B
14245,AM-D
14246,AM-D
14247,AM-E
14248,AM-E
14249,AM-A
14250,AM-A
14251,AM-B
14252,EH-B
14253,AM-E
14254,AM-E
14255,AM-B
14256,AM-B
14257,AM-E
14258,AM-B
14259,AM-B
14260,AM-C
14261,AM-C
14262,COL-C
14263,AM-E
14264,WCT-A
14265,COL-C
14266,WCT-B
14267,COL-C
14268,COL-C
14269,AM-A
14270,AM-A
14271,AM-A
14272,AM-A
14273,AM-B
14274,AM-B
14275,AM-B
14276,EH-B
14277,AM-B
14278,AM-B
14279,AM-E
14280,AM-B
14281,AM-E
14282,AM-B
14283,AM-E
14284,AM-A
14285,AM-B
14286,AM-D
14287,AM-E
14288,AM-A
14289,AM-C
14290,AM-C
14291,AM-D
14292,AM-D
14293,AM-E
14294,AM-B
14295,AM-D
14296,AM-C
14297,AM-C
14298,AM-D
14299,AM-E
14300,AM-C
14301,AM-C
14302,AM-C
14303,AM-A
14304,EH-B
14305,EH-B
14306,AM-E
14307,EH-B
14308,AM-D
14309,AM-E
14310,AM-E
14311,AM-E
14312,AM-B
14313,WH-A
14314,AM-B
14315,AM-B
14316,TH-A
14317,TH-A
14318,TH-A
14319,TH-A
14320,TH-A
14321,WH-A
14322,WH-A
14323,WH-A
14324,COL-C
14325,COL-E
14326,COL-F
14327,COL-A
14328,FH-B
14329,WH-C
14330,EH-E
14331,TH-B
14332,FH-C
14333,FH-B
14334,WH-D
14335,WH-B
14336,CH-A
14337,CH-A
14338,CH-A
14339,CH-A
14340,EH-B
14341,EH-B
14342,EH-C
14343,EH-C
14344,EH-C
14345,AM-D
14346,TH-A
14347,WH-A
14348,WH-A
14349,CH-A
14350,CH-A
14351,CH-A
14352,CH-A
14353,EH-E
14354,WH-A
14355,WCT-A
14356,COL-F
14357,FH-C
14358,COL-B
14359,WH-B
14360,COL-E
14361,COL-E
14362,TH-A
14363,FH-C
14364,TH-C
14365,WH-A
14366,CH-A
14367,EH-E
14368,EH-E
14369,FH-C
14370,TH-C
14371,WH-A
14372,CH-B
14373,CH-B
14374,CH-B
14375,CH-B
14376,CH-B
14377,EH-A
14378,EH-C
14379,WCT-A
14380,WCT-A
14381,WCT-B
14382,EH-A
14383,EH-A
14384,EH-A
14385,EH-A
14386,EH-C
14387,FH-C
14388,COL-B
14389,TH-C
14390,EH-A
14391,EH-C
14392,EH-C
14393,EH-C
14394,EH-C
14395,TH-B
14396,FH-A
14397,COL-B
14398,EH-D
14399,TH-B
14400,FH-C
14401,COL-B
14402,EH-A
14403,COL-D
14404,COL-D
14405,COL-D
14406,COL-D
14407,COL-D
14408,WCT-A
14409,WCT-B
14410,COL-A
14411,WCT-A
14412,WCT-B
14413,CH-A
14414,FH-C
14415,CH-A
14416,EH-D
14417,EH-D
14418,EH-D
14419,FH-B
14420,FH-B
14421,EH-C
14422,TH-B
14423,FH-B
14424,WH-C
14425,EH-A
14426,EH-C
14427,EH-C
14428,TH-B
14429,TH-C
14430,COL-A
14431,FH-A
14432,COL-B
14433,COL-B
14434,COL-B
14435,COL-C
14436,COL-B
14437,EH-D
14438,FH-C
14439,COL-D
14440,COL-F
14441,COL-F
14442,COL-A
14443,COL-A
14444,WCT-A
14445,WCT-A
14446,WCT-A
14447,COL-D
14448,WCT-A
14449,COL-E
14450,EH-A
14451,FH-C
14452,WH-C
14453,COL-E
14454,EH-D
14455,EH-D
14456,COL-D
14457,COL-F
14458,TH-B
14459,FH-B
14460,FH-B
14461,WH-D
14462,WH-C
14463,WH-D
14464,COL-E
14465,CH-A
14466,EH-E
14467,TH-C
14468,WH-D
14469,WH-C
14470,WH-C
14471,WH-B
14472,EH-A
14473,EH-C
14474,TH-B
14475,FH-B
14476,WH-D
14477,WH-C
14478,FH-B
14479,WH-C
14480,CH-A
14481,EH-E
14482,TH-B
14483,FH-B
14484,FH-B
14485,WH-D
14486,WH-B
14487,COL-F
14488,FH-C
14489,EH-D
14490,EH-D
14491,EH-E
14492,EH-E
14493,TH-B
14494,EH-D
14495,FH-B
14496,COL-B
14497,WH-B
14498,COL-D
14499,COL-F
14500,COL-A
14501,COL-A
14502,COL-A
14503,COL-A
14504,WH-D
14505,COL-E
14506,WH-C
14507,WH-D
14508,WH-B
14509,FH-C
14510,COL-E
14511,WCT-B
14512,COL-B
14513,FH-C
14514,WH-C
14515,WH-C
14516,EH-D
14517,FH-C
14518,CH-A
14519,EH-E
14520,EH-C
14521,EH-C
14522,TH-C
14523,WH-C
14524,WH-C
14525,WH-C
14526,CH-A
14527,CH-A
14528,CH-A
14529,CH-A
14530,EH-E
14531,FH-B
14532,WH-A
14533,COL-E
14534,EH-E
14535,WCT-A
14536,TH-B
14537,FH-B
14538,WH-C
14539,EH-E
14540,TH-A
14541,COL-B
14542,COL-C
14543,COL-E
14544,WCT-B
14545,EH-C
14546,FH-C
14547,WH-A
14548,WCT-A
14549,WCT-B
14550,WCT-B
14551,COL-A
14552,WCT-A
14553,COL-A
14554,WH-D
14555,WH-C
14556,WCT-A
14557,WCT-A
14558,CH-B
14559,WCT-A
14560,COL-D
14561,WCT-B
14562,FH-C
14563,TH-C
14564,TH-A
14565,TH-A
14566,TH-A
14567,WH-A
14568,AM-B
14569,TH-A
14570,EH-B
14571,EH-C
14572,TH-B
14573,FH-B
14574,WH-A
14575,TH-A
14576,WH-A
14577,CH-B
14578,EH-B
14579,FH-C
14580,AM-E
14581,WH-D
14582,COL-E
14583,EH-B
14584,COL-C
14585,AM-B
14586,AM-B
14587,AM-A
14588,AM-B
14589,AM-C
14590,AM-C
14591,COL-C
14592,COL-C
14593,COL-C
14594,WH-B
14595,COL-D
14596,COL-C
14597,WCT-A
14598,CH-B
14599,CH-B
14600,WH-A
14601,TH-A
14602,TH-A
14603,TH-A
14604,COL-B
14605,COL-C
14606,COL-C
14607,WCT-B
14608,EH-B
14609,COL-C
14610,COL-C
14611,COL-C
14612,AM-A
14613,COL-C
14614,AM-A
14615,AM-A
14616,AM-C
14617,AM-C
14618,AM-D
14619,AM-A
14620,AM-A
14621,AM-E
14622,AM-A
14623,AM-E
14624,WH-A
14625,AM-B
14626,AM-B
14627,TH-A
14628,TH-B
14629,TH-C
14630,TH-B
14631,WH-A
14632,TH-A
14633,WH-A
14634,WH-A
14635,WH-A
14636,WH-A
14637,CH-B
14638,CH-B
14639,CH-B
14640,CH-B
14641,EH-B
14642,WCT-A
14643,EH-B
14644,AM-D
14645,AM-C
14646,AM-C
14647,AM-C
14648,AM-C
14649,AM-C
14650,COL-C
14651,COL-C
14652,COL-D
14653,COL-D
14654,COL-D
14655,EH-C
14656,AM-D
14657,AM-B
14658,AM-B
14659,AM-B
14660,AM-B
14661,AM-E
14662,AM-A
14663,AM-C
14664,AM-C
14665,AM-C
14666,AM-C
14667,EH-B
14668,AM-D
14669,AM-D
14670,EH-B
14671,EH-B
14672,AM-D
14673,AM-E
14674,AM-B
14675,AM-B
14676,AM-B
14677,EH-A
14678,EH-B
14679,AM-B
14680,EH-B
14681,AM-D
14682,AM-E
14683,AM-E
14684,CH-B
14685,CH-B
14686,CH-B
14687,CH-B
14688,WCT-A
14689,EH-A
14690,EH-B
14691,TH-A
14692,CH-B
14693,EH-C
14694,TH-B
14695,WH-A
14696,WH-A
14697,CH-A
14698,TH-A
14699,TH-A
14700,CH-B
14701,EH-A
14702,EH-C
14703,TH-A
14704,TH-A
14705,TH-A
14706,WH-A
14707,CH-B
14708,CH-B
14709,CH-B
14710,CH-B
14711,CH-B
14712,TH-A
14713,TH-A
14714,TH-C
14715,WH-A
14716,TH-A
14717,EH-A
14718,TH-B
14719,FH-A
14720,WH-A
14721,AM-B
14722,WCT-A
14723,TH-A
14724,COL-B
14725,COL-B
14726,COL-D
14727,EH-C
14728,COL-B
14729,EH-D
14730,COL-F
14731,FH-C
14732,EH-D
14733,EH-E
14734,EH-E
14735,EH-C
14736,TH-B
14737,FH-C
14738,FH-A
14739,WCT-B
14740,WCT-B
14741,COL-B
14742,WH-B
14743,WCT-A
14744,COL-B
14745,CH-B
14746,CH-B
14747,CH-B
14748,CH-B
14749,EH-A
14750,EH-A
14751,EH-C
14752,COL-F
14753,WCT-A
14754,TH-A
14755,WH-D
14756,WH-C
14757,EH-A
14758,EH-C
14759,TH-B
14760,TH-A
14761,FH-A
14762,TH-C
14763,FH-B
14764,FH-B
14765,FH-B
14766,WH-A
14767,WH-B
14768,COL-E
14769,TH-A
14770,WH-A
14771,WH-B
14772,WCT-A
14773,WCT-A
14774,COL-D
14775,COL-D
14776,COL-F
14777,EH-D
14778,COL-B
14779,COL-B
14780,COL-D
14781,EH-C
14782,FH-C
14783,FH-C
14784,COL-D
14785,COL-D
14786,COL-D
14787,COL-D
14788,COL-F
14789,COL-F
14790,FH-C
14791,TH-B
14792,FH-B
14793,FH-B
14794,FH-B
14795,COL-A
14796,COL-B
14797,WH-B
14798,FH-C
14799,EH-A
14800,COL-F
14801,FH-C
14802,FH-C
14803,EH-D
14804,TH-B
14805,CH-A
14806,EH-A
14807,EH-E
14808,FH-A
14809,WH-B
14810,COL-D
14811,FH-C
14812,CH-A
14813,CH-A
14814,EH-E
14815,WH-A
14816,EH-A
14817,EH-E
14818,FH-B
14819,WH-C
14820,WH-C
14821,EH-D
14822,TH-A
14823,WCT-A
14824,WCT-A
14825,WCT-B
14826,TH-B
14827,EH-D
14828,COL-A
14829,COL-B
14830,COL-D
14831,COL-F
14832,EH-D
14833,FH-B
14834,WH-C
14835,WH-C
14836,EH-D
14837,COL-A
14838,WH-D
14839,WH-C
14840,WH-C
14841,CH-A
14842,EH-E
14843,TH-A
14844,COL-B
14845,COL-D
14846,COL-F
14847,COL-F
14848,COL-A
14849,COL-A
14850,WCT-B
14851,COL-A
14852,COL-A
14853,COL-A
14854,COL-B
14855,COL-A
14856,COL-A
14857,COL-A
14858,COL-A
14859,WCT-A
14860,EH-D
14861,COL-F
14862,FH-C
14863,COL-B
14864,WH-B
14865,COL-F
14866,COL-A
14867,WH-D
14868,WH-D
14869,COL-C
14870,WCT-A
14871,COL-E
14872,COL-E
14873,TH-A
14874,WCT-A
14875,WCT-A
14876,FH-A
14877,WH-B
14878,COL-F
14879,COL-F
14880,FH-A
14881,WH-D
14882,WH-B
14883,COL-E
14884,WCT-B
14885,WCT-B
14886,FH-C
14887,FH-B
14888,WCT-A
14889,WCT-A
14890,WCT-B
14891,WH-D
14892,WH-C
14893,WH-B
14894,EH-A
14895,EH-C
14896,FH-C
14897,TH-C
14898,TH-B
14899,FH-A
14900,WH-D
14901,WH-C
14902,WH-B
14903,COL-E
14904,COL-E
14905,EH-A
14906,TH-A
14907,WCT-A
14908,WCT-B
14909,WCT-B
14910,FH-C
14911,TH-A
14912,FH-A
14913,COL-B
14914,WH-A
14915,WH-A
14916,WH-A
14917,CH-B
14918,COL-D
14919,WCT-A
14920,COL-F
14921,FH-A
14922,WH-D
14923,WH-D
14924,WH-B
14925,WH-B
14926,COL-E
14927,COL-E
14928,WCT-B
14929,WCT-B
14930,WCT-B
14931,COL-A
14932,COL-A
14933,COL-A
14934,COL-A
14935,WH-D
14936,FH-B
14937,FH-B
14938,WH-D
14939,WH-B
14940,WCT-A
14941,WCT-A
14942,COL-D
14943,COL-D
14944,AM-D
14945,WCT-B
14946,WCT-B
14947,COL-B
14948,COL-C
14949,COL-C
14950,COL-C
14951,COL-C
14952,COL-C
14953,AM-D
14954,WCT-B
14955,EH-B
14956,FH-A
14957,AM-A
14958,AM-B
14959,CH-B
14960,CH-B
14961,EH-B
14962,AM-D
14963,FH-A
14964,AM-E
14965,AM-D
14966,AM-D
14967,AM-D
14968,AM-E
14969,AM-B
14970,AM-E
14971,AM-A
14972,AM-A
14973,EH-B
14974,EH-B
14975,EH-B
14976,AM-D
14977,AM-E
14978,AM-B
14979,AM-B
14980,AM-C
14981,AM-A
14982,AM-B
14983,AM-E
14984,AM-B
14985,AM-B
14986,AM-B
14987,EH-B
14988,TH-C
14989,EH-E
14990,TH-B
14991,TH-C
14992,TH-C
14993,EH-E
14994,AM-B
14995,AM-B
14996,EH-B
14997,AM-E
14998,FH-A
14999,AM-A
15000,EH-B
15001,AM-D
15002,AM-E
15003,AM-E
15004,AM-C
15005,AM-C
15006,AM-C
15007,AM-D
15008,AM-D
15009,AM-C
15010,AM-C
15011,AM-D
15012,AM-E
15013,AM-B
15014,AM-C
15015,AM-D
15016,AM-E
15017,AM-A
15018,EH-B
15019,AM-C
15020,AM-C
15021,AM-C
15022,AM-C
15023,AM-D
15024,AM-D
15025,AM-A
15026,AM-A
15027,AM-C
15028,AM-A
15029,COL-C
15030,AM-E
15031,AM-C
15032,AM-A
15033,AM-A
15034,AM-A
15035,WH-B
15036,COL-E
15037,EH-B
15038,CH-B
15039,TH-A
15040,TH-A
15041,COL-C
15042,COL-C
15043,WH-A
15044,CH-A
15045,TH-A
15046,TH-A
15047,TH-A
15048,AM-E
15049,CH-B
15050,EH-B
15051,AM-D
15052,WCT-B
15053,CH-B
15054,EH-B
15055,WCT-B
15056,AM-E
15057,EH-B
15058,EH-C
15059,WCT-B
15060,FH-A
15061,COL-B
15062,WH-B
15063,COL-F
15064,FH-C
15065,FH-C
15066,EH-A
15067,COL-F
15068,FH-C
15069,FH-B
15070,TH-C
15071,WH-C
15072,CH-A
15073,EH-A
15074,EH-C
15075,TH-A
15076,EH-C
15077,FH-C
15078,TH-C
15079,CH-A
15080,EH-A
15081,EH-E
15082,EH-A
15083,EH-E
15084,CH-A
15085,EH-A
15086,EH-C
15087,EH-E
15088,TH-C
15089,EH-A
15090,FH-C
15091,TH-A
15092,CH-A
15093,EH-E
15094,TH-A
15095,TH-A
15096,TH-A
15097,WCT-A
15098,WCT-A
15099,WCT-A
15100,WCT-B
15101,FH-A
15102,WH-A
15103,TH-A
15104,TH-A
15105,WH-A
15106,TH-A
15107,WH-A
15108,WH-A
15109,COL-E
15110,EH-A
15111,EH-A
15112,EH-C
15113,EH-C
15114,EH-C
15115,FH-C
15116,TH-C
15117,TH-C
15118,TH-C
15119,TH-C
15120,CH-A
15121,EH-E
15122,EH-C
15123,TH-B
15124,FH-A
15125,WH-A
15126,WCT-A
15127,COL-C
15128,WH-B
15129,CH-A
15130,EH-A
15131,CH-B
15132,WH-A
15133,CH-B
15134,WCT-A
15135,FH-A
15136,WH-A
15137,WH-D
15138,WH-B
15139,CH-A
15140,EH-A
15141,EH-E
15142,EH-E
15143,EH-E
15144,FH-B
15145,WH-C
15146,WH-C
15147,WH-C
15148,WH-A
15149,CH-B
15150,CH-B
15151,WCT-A
15152,WCT-A
15153,EH-C
15154,TH-B
15155,TH-B
15156,FH-C
15157,TH-B
15158,FH-A
15159,WH-A
15160,WH-A
15161,CH-B
15162,COL-B
15163,COL-B
15164,COL-B
15165,WH-C
15166,EH-D
15167,TH-B
15168,FH-A
15169,COL-B
15170,COL-B
15171,EH-D
15172,TH-C
15173,CH-A
15174,CH-A
15175,CH-A
15176,EH-A
15177,EH-E
15178,WCT-A
15179,WCT-B
15180,COL-B
15181,EH-D
15182,EH-D
15183,EH-D
15184,EH-C
15185,TH-B
15186,COL-A
15187,FH-A
15188,COL-B
15189,COL-E
15190,EH-A
15191,TH-B
15192,EH-D
15193,TH-B
15194,FH-B
15195,FH-B
15196,TH-C
15197,EH-D
15198,EH-E
15199,FH-B
15200,TH-C
15201,FH-C
15202,WH-D
15203,WH-C
15204,CH-A
15205,CH-A
15206,EH-E
15207,CH-A
15208,EH-E
15209,EH-E
15210,EH-E
15211,TH-B
15212,WCT-B
15213,WCT-B
15214,FH-C
15215,EH-C
15216,TH-B
15217,FH-A
15218,FH-A
15219,WH-D
15220,WH-B
15221,EH-C
15222,FH-C
15223,EH-C
15224,TH-B
15225,FH-B
15226,COL-B
15227,COL-E
15228,COL-E
15229,CH-B
15230,EH-A
15231,TH-A
15232,COL-D
15233,COL-D
15234,COL-F
15235,COL-A
15236,FH-A
15237,WH-D
15238,WH-C
15239,CH-A
15240,EH-C
15241,FH-C
15242,CH-A
15243,EH-A
15244,EH-C
15245,TH-C
15246,TH-C
15247,TH-B
15248,FH-B
15249,WCT-A
15250,FH-A
15251,WH-C
15252,WH-C
15253,EH-E
15254,EH-E
15255,FH-B
15256,FH-B
15257,WH-B
15258,COL-E
15259,TH-A
15260,WCT-A
15261,CH-B
15262,WCT-A
15263,WCT-B
15264,FH-A
15265,FH-A
15266,WH-C
15267,WH-A
15268,WCT-A
15269,WCT-A
15270,WCT-B
15271,TH-B
15272,WH-D
15273,WH-C
15274,COL-F
15275,FH-A
15276,WH-D
15277,COL-E
15278,EH-C
15279,TH-B
15280,TH-C
15281,WH-A
15282,WH-B
15283,WH-C
15284,COL-E
15285,WCT-A
15286,WCT-A
15287,WH-B
15288,WCT-B
15289,WCT-B
15290,FH-C
15291,FH-B
15292,TH-C
15293,COL-E
15294,WCT-A
15295,WCT-B
15296,WCT-B
15297,COL-C
15298,COL-C
15299,FH-C
15300,WH-A
15301,COL-E
15302,CH-A
15303,EH-A
15304,EH-E
15305,TH-C
15306,CH-A
15307,TH-A
15308,WCT-A
15309,FH-A
15310,WH-A
15311,TH-A
15312,WH-A
15313,WH-C
15314,TH-A
15315,AM-B
15316,EH-B
15317,EH-C
15318,TH-B
15319,FH-A
15320,TH-C
15321,TH-A
15322,FH-A
15323,AM-E
15324,AM-B
15325,AM-B
15326,AM-B
15327,AM-B
15328,EH-B
15329,AM-D
15330,FH-C
15331,COL-C
15332,COL-C
15333,AM-E
15334,AM-A
15335,WH-B
15336,COL-D
15337,COL-C
15338,COL-C
15339,AM-B
15340,AM-B
15341,AM-E
15342,AM-E
15343,COL-C
15344,AM-E
15345,WH-D
15346,WH-D
15347,WH-D
15348,AM-A
15349,AM-B
15350,AM-E
15351,TH-C
15352,AM-E
15353,CH-B
15354,EH-B
15355,TH-B
15356,AM-E
15357,AM-E
15358,AM-B
15359,AM-B
15360,AM-A
15361,AM-B
15362,AM-B
15363,EH-B
15364,EH-C
15365,AM-D
15366,AM-E
15367,AM-B
15368,AM-B
15369,AM-C
15370,AM-C
15371,AM-C
15372,WCT-A
15373,WCT-B
15374,WCT-B
15375,COL-C
15376,FH-C
15377,TH-C
15378,TH-A
15379,TH-C
15380,FH-A
15381,WH-A
15382,AM-B
15383,EH-B
15384,AM-D
15385,AM-E
15386,AM-E
15387,AM-A
15388,AM-C
15389,AM-C
15390,AM-C
15391,AM-D
15392,AM-E
15393,AM-D
15394,AM-E
15395,AM-B
15396,AM-E
15397,AM-E
15398,AM-A
15399,AM-C
15400,AM-C
15401,AM-A
15402,AM-B
15403,AM-A
15404,AM-A
15405,CH-B
15406,CH-B
15407,EH-B
15408,TH-A
15409,WH-B
15410,COL-E
15411,COL-E
15412,COL-E
15413,COL-E
15414,CH-B
15415,EH-B
15416,EH-B
15417,CH-B
15418,EH-B
15419,TH-A
15420,TH-A
15421,EH-B
15422,EH-A
15423,EH-C
15424,TH-A
15425,EH-B
15426,EH-C
15427,EH-C
15428,EH-C
15429,TH-A
15430,WH-A
15431,WH-A
15432,CH-A
15433,EH-E
15434,TH-A
15435,TH-C
15436,WH-C
15437,CH-A
15438,EH-E
15439,WH-A
15440,WH-B
15441,WH-B
15442,EH-A
15443,EH-A
15444,EH-A
15445,EH-E
15446,TH-C
15447,CH-A
15448,CH-A
15449,CH-A
15450,CH-A
15451,CH-A
15452,TH-A
15453,CH-A
15454,EH-E
15455,TH-C
15456,TH-C
15457,FH-B
15458,TH-C
15459,EH-E
15460,TH-C
15461,WH-A
15462,CH-A
15463,EH-A
15464,TH-A
15465,TH-C
15466,WH-A
15467,CH-B
15468,TH-A
15469,CH-B
15470,COL-E
15471,COL-E
15472,TH-B
15473,WH-A
15474,CH-A
15475,EH-E
15476,FH-B
15477,WH-D
15478,WH-B
15479,EH-D
15480,EH-E
15481,WH-C
15482,EH-D
15483,COL-A
15484,FH-B
15485,WH-C
15486,WH-C
15487,EH-E
15488,EH-E
15489,TH-B
15490,TH-C
15491,EH-C
15492,TH-B
15493,TH-B
15494,FH-A
15495,WH-A
15496,COL-B
15497,COL-D
15498,COL-D
15499,COL-F
15500,FH-C
15501,COL-F
15502,FH-C
15503,FH-B
15504,COL-B
15505,WH-C
15506,CH-A
15507,CH-A
15508,WH-B
15509,COL-B
15510,COL-D
15511,COL-F
15512,TH-B
15513,COL-B
15514,WH-D
15515,WH-B
15516,COL-B
15517,COL-D
15518,COL-F
15519,FH-C
15520,EH-A
15521,EH-C
15522,TH-B
15523,FH-C
15524,TH-C
15525,EH-E
15526,EH-E
15527,CH-A
15528,EH-C
15529,TH-B
15530,WCT-B
15531,FH-A
15532,FH-C
15533,EH-D
15534,COL-F
15535,FH-C
15536,EH-D
15537,COL-E
15538,CH-A
15539,CH-A
15540,CH-A
15541,CH-A
15542,EH-A
15543,EH-A
15544,TH-B
15545,FH-C
15546,FH-C
15547,FH-C
15548,EH-D
15549,FH-A
15550,WH-D
15551,WH-D
15552,WH-B
15553,WH-B
15554,EH-A
15555,COL-F
15556,COL-F
15557,FH-A
15558,WH-A
15559,WH-B
15560,COL-E
15561,EH-A
15562,EH-E
15563,FH-B
15564,WH-A
15565,CH-A
15566,CH-A
15567,TH-A
15568,WH-A
15569,CH-B
15570,EH-A
15571,EH-A
15572,TH-C
15573,FH-B
15574,WH-C
15575,CH-A
15576,CH-A
15577,EH-E
15578,EH-E
15579,TH-C
15580,CH-A
15581,CH-A
15582,WCT-A
15583,WCT-A
15584,TH-B
15585,FH-A
15586,WH-A
15587,CH-A
15588,WH-B
15589,COL-F
15590,FH-C
15591,EH-A
15592,EH-C
15593,TH-B
15594,COL-B
15595,EH-D
15596,FH-C
15597,WH-C
15598,WH-C
15599,WH-C
15600,WH-A
15601,WH-B
15602,COL-E
15603,COL-E
15604,FH-C
15605,WH-C
15606,WH-C
15607,COL-E
15608,WH-B
15609,COL-D
15610,COL-A
15611,COL-B
15612,COL-A
15613,COL-A
15614,COL-A
15615,COL-A
15616,WH-D
15617,COL-A
15618,FH-A
15619,WH-D
15620,WH-B
15621,EH-D
15622,EH-E
15623,WCT-A
15624,EH-A
15625,EH-A
15626,TH-A
15627,WCT-B
15628,WCT-B
15629,WH-A
15630,COL-E
15631,CH-B
15632,CH-B
15633,EH-A
15634,EH-A
15635,EH-C
15636,TH-A
15637,TH-B
15638,TH-C
15639,TH-C
15640,TH-C
15641,WH-C
15642,WH-C
15643,TH-B
15644,COL-B
15645,COL-C
15646,COL-C
15647,WH-C
15648,WH-D
15649,WH-C
15650,WH-B
15651,WH-B
15652,COL-E
15653,EH-E
15654,TH-C
15655,WH-A
15656,WH-A
15657,WH-A
15658,WH-B
15659,TH-A
15660,WH-A
15661,WCT-A
15662,WCT-B
15663,WH-D
15664,WH-B
15665,COL-E
15666,EH-C
15667,TH-B
15668,FH-B
15669,FH-B
15670,FH-A
15671,TH-C
15672,FH-A
15673,WH-D
15674,CH-A
15675,EH-B
15676,EH-B
15677,EH-B
15678,EH-B
15679,TH-A
15680,FH-A
15681,WH-A
15682,CH-B
15683,EH-B
15684,AM-B
15685,TH-B
15686,TH-C
15687,AM-B
15688,AM-B
15689,TH-A
15690,TH-C
15691,AM-B
15692,AM-B
15693,AM-B
15694,WH-A
15695,CH-B
15696,CH-B
15697,WH-B
15698,EH-B
15699,FH-C
15700,EH-D
15701,FH-B
15702,WH-C
15703,CH-A
15704,CH-A
15705,WH-A
15706,CH-B
15707,TH-A
15708,TH-A
15709,WH-A
15710,WH-A
15711,WH-B
15712,EH-B
15713,EH-B
15714,FH-C
15715,TH-C
15716,TH-C
15717,AM-D
15718,AM-B
15719,AM-E
15720,AM-C
15721,AM-C
15722,AM-C
15723,AM-D
15724,AM-E
15725,AM-A
15726,AM-B
15727,AM-D
15728,AM-C
15729,AM-C
15730,AM-C
15731,AM-C
15732,AM-C
15733,COL-C
15734,AM-E
15735,AM-B
15736,EH-B
15737,FH-C
15738,AM-B
15739,AM-D
15740,FH-A
15741,AM-A
15742,AM-B
15743,AM-B
15744,AM-B
15745,AM-B
15746,AM-D
15747,AM-D
15748,AM-D
15749,AM-D
15750,AM-D
15751,AM-E
15752,AM-A
15753,AM-B
15754,AM-C
15755,AM-C
15756,AM-D
15757,CH-B
15758,EH-B
15759,EH-C
15760,TH-A
15761,AM-B
15762,AM-C
15763,AM-C
15764,AM-C
15765,AM-C
15766,AM-D
15767,AM-D
15768,AM-C
15769,AM-C
15770,AM-C
15771,AM-A
15772,AM-A
15773,AM-B
15774,AM-B
15775,AM-E
15776,AM-B
15777,AM-B
15778,CH-B
15779,EH-B
15780,AM-B
15781,WH-A
15782,AM-B
15783,CH-A
15784,CH-A
15785,WH-A
15786,WH-A
15787,WH-A
15788,WH-B
15789,TH-A
15790,WH-A
15791,WH-A
15792,WH-A
15793,WH-A
15794,AM-A
15795,WH-A
15796,WH-A
15797,COL-F
15798,FH-A
15799,WH-A
15800,WH-B
15801,WH-B
15802,WH-B
15803,WH-B
15804,WH-B
15805,COL-E
15806,CH-B
15807,EH-A
15808,EH-C
15809,TH-A
15810,TH-C
15811,COL-C
15812,FH-A
15813,WH-C
15814,WH-A
15815,TH-C
15816,TH-A
15817,TH-C
15818,TH-C
15819,WH-A
15820,WH-A
15821,TH-A
15822,TH-B
15823,FH-B
15824,FH-A
15825,FH-B
15826,FH-A
15827,WH-A
15828,CH-B
15829,CH-B
15830,CH-B
15831,EH-A
15832,TH-A
15833,WCT-B
15834,EH-C
15835,EH-C
15836,TH-B
15837,FH-B
15838,WH-D
15839,WH-A
15840,CH-A
15841,EH-A
15842,EH-C
15843,FH-C
15844,TH-C
15845,EH-A
15846,EH-C
15847,EH-C
15848,TH-B
15849,FH-A
15850,WH-D
15851,WH-C
15852,COL-E
15853,FH-C
15854,TH-A
15855,CH-B
15856,EH-A
15857,WCT-B
15858,WCT-B
15859,WCT-B
15860,EH-A
15861,EH-C
15862,EH-C
15863,TH-B
15864,TH-B
15865,FH-A
15866,WH-D
15867,COL-E
15868,COL-F
15869,WCT-B
15870,FH-C
15871,CH-B
15872,WH-B
15873,COL-E
15874,EH-A
15875,EH-A
15876,EH-A
15877,EH-A
15878,EH-C
15879,TH-B
15880,TH-B
15881,COL-A
15882,FH-A
15883,WH-D
15884,WH-C
15885,FH-C
15886,WH-C
15887,WH-C
15888,WH-A
15889,CH-A
15890,CH-A
15891,WCT-A
15892,EH-A
15893,EH-C
15894,EH-C
15895,COL-A
15896,COL-A
15897,COL-A
15898,COL-A
15899,COL-A
15900,COL-A
15901,COL-A
15902,COL-B
15903,WH-D
15904,COL-D
15905,COL-F
15906,TH-B
15907,FH-A
15908,COL-B
15909,COL-D
15910,EH-C
15911,WCT-B
15912,COL-B
15913,WH-B
15914,COL-F
15915,TH-B
15916,WH-D
15917,FH-B
15918,WH-D
15919,WH-B
15920,COL-E
15921,CH-A
15922,WH-B
15923,WH-B
15924,COL-D
15925,COL-D
15926,EH-C
15927,FH-C
15928,CH-A
15929,EH-C
15930,FH-C
15931,EH-E
15932,EH-E
15933,EH-E
15934,EH-E
15935,EH-E
15936,EH-E
15937,EH-D
15938,EH-D
15939,FH-B
15940,EH-E
15941,TH-B
15942,FH-B
15943,TH-C
15944,CH-A
15945,EH-E
15946,FH-B
15947,FH-B
15948,WH-C
15949,EH-E
15950,FH-B
15951,WCT-A
15952,WH-B
15953,COL-E
15954,COL-F
15955,WCT-B
15956,EH-D
15957,FH-C
15958,EH-D
15959,EH-E
15960,TH-B
15961,TH-C
15962,TH-C
15963,TH-C
15964,CH-A
15965,EH-C
15966,FH-B
15967,FH-B
15968,WH-C
15969,WH-C
15970,WH-A
15971,WH-B
15972,COL-F
15973,COL-F
15974,COL-E
15975,WCT-B
15976,WCT-B
15977,FH-A
15978,FH-A
15979,COL-B
15980,WH-B
15981,COL-F
15982,COL-A
15983,FH-B
15984,FH-B
15985,WH-C
15986,COL-F
15987,TH-B
15988,WCT-A
15989,TH-B
15990,WH-D
15991,WH-B
15992,EH-A
15993,EH-E
15994,EH-E
15995,WH-A
15996,FH-A
15997,WH-A
15998,CH-B
15999,CH-B
16000,WH-B
16001,COL-E
16002,TH-A
16003,TH-A
16004,WCT-A
16005,WCT-A
16006,WCT-A
16007,WCT-A
16008,WCT-A
16009,WCT-B
16010,COL-A
16011,WH-D
16012,COL-B
16013,COL-B
16014,COL-D
16015,COL-D
16016,COL-A
16017,COL-A
16018,WH-D
16019,CH-A
16020,TH-A
16021,TH-A
16022,COL-B
16023,TH-C
16024,WCT-A
16025,WCT-B
16026,COL-B
16027,COL-D
16028,WCT-B
16029,COL-C
16030,COL-B
16031,COL-C
16032,WH-B
16033,COL-F
16034,COL-A
16035,FH-B
16036,FH-B
16037,FH-B
16038,FH-B
16039,TH-C
16040,AM-B
16041,TH-A
16042,WH-A
16043,COL-C
16044,COL-C
16045,COL-C
16046,AM-B
16047,AM-D
16048,AM-E
16049,AM-A
16050,AM-A
16051,AM-A
16052,WCT-A
16053,WCT-A
16054,WCT-A
16055,WCT-B
16056,COL-C
16057,COL-C
16058,COL-C
16059,COL-C
16060,AM-C
16061,AM-C
16062,AM-C
16063,AM-C
16064,AM-C
16065,CH-B
16066,CH-B
16067,CH-B
16068,CH-B
16069,TH-A
16070,COL-C
16071,AM-A
16072,AM-C
16073,AM-C
16074,EH-B
16075,AM-D
16076,AM-C
16077,AM-C
16078,COL-C
16079,COL-C
16080,COL-C
16081,EH-B
16082,COL-F
16083,AM-D
16084,AM-E
16085,AM-B
16086,AM-B
16087,AM-B
16088,AM-D
16089,AM-E
16090,AM-A
16091,AM-B
16092,AM-D
16093,AM-E
16094,AM-A
16095,COL-C
16096,COL-C
16097,COL-B
16098,COL-D
16099,COL-F
16100,FH-A
16101,WH-D
16102,AM-A
16103,AM-B
16104,AM-B
16105,CH-B
16106,EH-B
16107,COL-C
16108,AM-A
16109,WH-B
16110,WH-B
16111,WH-B
16112,COL-E
16113,EH-B
16114,EH-B
16115,AM-C
16116,EH-B
16117,AM-E
16118,AM-B
16119,WCT-B
16120,EH-B
16121,CH-B
16122,EH-B
16123,TH-A
16124,EH-B
16125,AM-D
16126,AM-E
16127,AM-A
16128,AM-A
16129,AM-A
16130,AM-A
16131,AM-C
16132,AM-C
16133,AM-D
16134,AM-D
16135,AM-E
16136,AM-A
16137,AM-C
16138,AM-C
16139,EH-B
16140,AM-D
16141,AM-D
16142,AM-E
16143,AM-B
16144,WCT-B
16145,FH-B
16146,WH-C
16147,COL-E
16148,TH-A
16149,WH-A
16150,WH-B
16151,EH-A
16152,EH-C
16153,TH-A
16154,TH-A
16155,TH-A
16156,TH-A
16157,TH-A
16158,FH-A
16159,WH-A
16160,WH-A
16161,WH-A
16162,CH-A
16163,WCT-A
16164,WCT-A
16165,COL-F
16166,FH-C
16167,WH-A
16168,WH-B
16169,WH-B
16170,COL-D
16171,COL-D
16172,COL-F
16173,FH-C
16174,WH-B
16175,COL-E
16176,WH-B
16177,WH-B
16178,COL-D
16179,COL-D
16180,COL-F
16181,FH-C
16182,EH-E
16183,FH-C
16184,TH-C
16185,FH-B
16186,FH-B
16187,WH-A
16188,CH-A
16189,CH-A
16190,CH-A
16191,TH-A
16192,TH-C
16193,EH-B
16194,EH-B
16195,TH-B
16196,TH-C
16197,TH-A
16198,EH-A
16199,EH-C
16200,EH-E
16201,WH-A
16202,CH-A
16203,CH-A
16204,CH-A
16205,CH-A
16206,EH-A
16207,TH-A
16208,TH-A
16209,WH-A
16210,CH-A
16211,COL-E
16212,FH-C
16213,CH-A
16214,CH-A
16215,CH-A
16216,EH-A
16217,EH-E
16218,TH-C
16219,CH-A
16220,EH-E
16221,EH-C
16222,TH-B
16223,TH-C
16224,TH-B
16225,TH-C
16226,WH-C
16227,WH-A
16228,WH-A
16229,CH-A
16230,CH-B
16231,EH-A
16232,EH-A
16233,EH-C
16234,WCT-B
16235,CH-B
16236,EH-A
16237,EH-C
16238,WCT-B
16239,COL-D
16240,COL-A
16241,COL-A
16242,COL-A
16243,COL-A
16244,COL-A
16245,COL-A
16246,COL-A
16247,COL-B
16248,COL-D
16249,COL-F
16250,EH-D
16251,COL-D
16252,COL-F
16253,EH-D
16254,EH-D
16255,TH-B
16256,FH-A
16257,COL-B
16258,EH-D
16259,COL-F
16260,WCT-B
16261,COL-B
16262,COL-B
16263,COL-B
16264,COL-D
16265,COL-E
16266,COL-D
16267,COL-D
16268,COL-F
16269,COL-A
16270,COL-A
16271,WH-D
16272,EH-D
16273,EH-D
16274,COL-A
16275,EH-D
16276,COL-A
16277,FH-C
16278,EH-D
16279,TH-B
16280,EH-D
16281,COL-D
16282,COL-A
16283,FH-B
16284,COL-A
16285,FH-B
16286,FH-B
16287,EH-D
16288,FH-B
16289,WH-D
16290,COL-E
16291,CH-A
16292,EH-E
16293,EH-E
16294,FH-B
16295,TH-B
16296,FH-B
16297,FH-B
16298,FH-B
16299,WH-D
16300,WH-B
16301,WH-B
16302,COL-E
16303,EH-C
16304,FH-C
16305,EH-D
16306,EH-D
16307,FH-C
16308,EH-E
16309,EH-D
16310,FH-C
16311,COL-B
16312,EH-A
16313,COL-D
16314,FH-C
16315,WH-B
16316,EH-D
16317,COL-F
16318,WH-C
16319,EH-D
16320,COL-A
16321,EH-D
16322,WCT-A
16323,WCT-A
16324,TH-B
16325,WH-D
16326,WH-B
16327,EH-D
16328,EH-D
16329,FH-B
16330,EH-D
16331,TH-B
16332,FH-B
16333,WH-D
16334,EH-D
16335,FH-B
16336,FH-B
16337,WH-D
16338,FH-B
16339,FH-A
16340,WCT-A
16341,WCT-B
16342,WCT-B
16343,WH-D
16344,WH-D
16345,WH-C
16346,TH-C
16347,TH-B
16348,TH-C
16349,WH-A
16350,CH-A
16351,EH-A
16352,EH-E
16353,EH-E
16354,FH-A
16355,WH-C
16356,CH-A
16357,EH-E
16358,EH-E
16359,FH-B
16360,TH-C
16361,TH-C
16362,WH-D
16363,WH-C
16364,WCT-A
16365,EH-C
16366,EH-C
16367,TH-B
16368,WH-A
16369,CH-A
16370,TH-A
16371,TH-C
16372,WH-A
16373,WH-A
16374,EH-A
16375,TH-A
16376,TH-A
16377,FH-A
16378,WH-A
16379,CH-B
16380,CH-B
16381,EH-B
16382,FH-C
16383,FH-C
16384,WH-B
16385,COL-E
16386,EH-D
16387,COL-A
16388,FH-B
16389,WCT-A
16390,WCT-A
16391,COL-B
16392,COL-C
16393,COL-E
16394,CH-B
16395,CH-B
16396,COL-E
16397,EH-A
16398,EH-C
16399,FH-A
16400,EH-D
16401,FH-C
16402,WH-C
16403,FH-B
16404,WCT-A
16405,WCT-A
16406,COL-A
16407,COL-A
16408,FH-C
16409,COL-F
16410,FH-A
16411,WH-D
16412,WH-A
16413,WH-D
16414,WH-B
16415,EH-B
16416,WCT-B
16417,WCT-B
16418,WCT-B
16419,WCT-B
16420,AM-E
16421,AM-A
16422,AM-A
16423,AM-A
16424,COL-E
16425,EH-B
16426,AM-E
16427,AM-B
16428,AM-D
16429,AM-E
16430,AM-A
16431,AM-B
16432,AM-E
16433,AM-A
16434,AM-D
16435,AM-E
16436,AM-C
16437,AM-C
16438,CH-B
16439,EH-B
16440,AM-D
16441,AM-E
16442,AM-A
16443,AM-A
16444,AM-C
16445,AM-C
16446,EH-B
16447,EH-B
16448,AM-D
16449,AM-D
16450,AM-E
16451,AM-A
16452,CH-B
16453,EH-B
16454,AM-D
16455,AM-D
16456,FH-A
16457,AM-C
16458,AM-A
16459,AM-C
16460,AM-C
16461,AM-D
16462,AM-E
16463,AM-A
16464,AM-C
16465,AM-D
16466,COL-C
16467,AM-C
16468,AM-C
16469,EH-B
16470,EH-B
16471,AM-D
16472,EH-B
16473,AM-D
16474,TH-A
16475,COL-B
16476,COL-C
16477,AM-B
16478,EH-B
16479,AM-D
16480,AM-D
16481,AM-E
16482,AM-B
16483,AM-D
16484,AM-D
16485,AM-D
16486,AM-D
16487,AM-C
16488,AM-C
16489,AM-C
16490,AM-A
16491,AM-C
16492,AM-A
16493,AM-C
16494,AM-D
16495,AM-A
16496,AM-C
16497,AM-C
16498,AM-A
16499,AM-C
16500,AM-D
16501,AM-D
16502,AM-E
16503,AM-C
16504,AM-C
16505,AM-D
16506,AM-E
16507,AM-A
16508,AM-B
16509,WH-A
16510,WCT-A
16511,WCT-A
16512,WCT-B
16513,COL-B
16514,WH-A
16515,COL-E
16516,TH-A
16517,TH-C
16518,WH-A
16519,CH-A
16520,TH-A
16521,FH-A
16522,WH-A
16523,WH-A
16524,WH-A
16525,COL-E
16526,COL-C
16527,WH-D
16528,WH-A
16529,WH-A
16530,WH-A
16531,WH-A
16532,CH-B
16533,COL-E
16534,CH-B
16535,EH-A
16536,EH-E
16537,TH-A
16538,TH-A
16539,WH-A
16540,CH-B
16541,CH-A
16542,WH-A
16543,CH-A
16544,COL-E
16545,EH-E
16546,TH-A
16547,TH-C
16548,EH-E
16549,CH-A
16550,EH-E
16551,EH-E
16552,EH-E
16553,EH-E
16554,EH-E
16555,EH-E
16556,TH-B
16557,TH-C
16558,TH-B
16559,FH-A
16560,TH-C
16561,FH-A
16562,WH-D
16563,WH-A
16564,CH-B
16565,CH-B
16566,CH-B
16567,CH-B
16568,CH-B
16569,CH-B
16570,CH-B
16571,EH-A
16572,TH-A
16573,COL-C
16574,COL-C
16575,WCT-B
16576,WCT-B
16577,COL-B
16578,COL-D
16579,COL-F
16580,COL-F
16581,FH-C
16582,FH-B
16583,FH-B
16584,WH-D
16585,WH-B
16586,EH-C
16587,EH-C
16588,FH-C
16589,EH-E
16590,TH-B
16591,TH-B
16592,FH-B
16593,WH-C
16594,EH-E
16595,EH-E
16596,FH-C
16597,TH-B
16598,TH-B
16599,FH-A
16600,WH-D
16601,CH-A
16602,CH-B
16603,EH-A
16604,EH-A
16605,EH-A
16606,EH-C
16607,EH-E
16608,TH-C
16609,TH-A
16610,CH-A
16611,EH-A
16612,EH-A
16613,EH-A
16614,TH-A
16615,COL-E
16616,COL-E
16617,EH-A
16618,CH-B
16619,CH-B
16620,EH-A
16621,EH-A
16622,EH-C
16623,TH-B
16624,FH-A
16625,WH-A
16626,COL-E
16627,CH-A
16628,CH-A
16629,EH-E
16630,TH-B
16631,WH-D
16632,WH-C
16633,CH-A
16634,EH-A
16635,CH-A
16636,CH-A
16637,CH-A
16638,CH-A
16639,EH-A
16640,EH-C
16641,TH-B
16642,TH-C
16643,FH-B
16644,WH-C
16645,CH-A
16646,CH-A
16647,WCT-A
16648,EH-A
16649,EH-A
16650,EH-A
16651,EH-C
16652,EH-C
16653,TH-B
16654,WH-D
16655,WH-D
16656,EH-D
16657,TH-B
16658,FH-B
16659,WH-C
16660,CH-A
16661,CH-A
16662,EH-E
16663,FH-B
16664,WH-D
16665,WH-C
16666,CH-A
16667,FH-C
16668,TH-A
16669,WH-A
16670,WH-A
16671,WH-B
16672,COL-E
16673,WH-A
16674,CH-A
16675,TH-A
16676,TH-A
16677,WCT-B
16678,WCT-B
16679,WCT-B
16680,WCT-B
16681,COL-A
16682,COL-A
16683,COL-D
16684,COL-F
16685,COL-A
16686,WH-D
16687,WCT-A
16688,WCT-A
16689,WCT-A
16690,TH-A
16691,WCT-B
16692,WCT-B
16693,COL-B
16694,WH-B
16695,EH-A
16696,WCT-B
16697,FH-C
16698,COL-B
16699,WH-B
16700,COL-E
16701,EH-A
16702,COL-F
16703,FH-C
16704,COL-A
16705,WH-D
16706,EH-D
16707,COL-E
16708,EH-A
16709,EH-E
16710,FH-B
16711,WH-B
16712,COL-E
16713,CH-B
16714,CH-B
16715,EH-A
16716,EH-D
16717,EH-D
16718,TH-B
16719,FH-B
16720,WH-C
16721,WH-C
16722,FH-B
16723,WH-C
16724,WH-A
16725,WH-A
16726,COL-E
16727,WH-A
16728,CH-B
16729,CH-B
16730,EH-A
16731,TH-A
16732,TH-A
16733,EH-E
16734,TH-B
16735,EH-D
16736,EH-E
16737,TH-C
16738,FH-A
16739,TH-C
16740,WH-D
16741,WH-A
16742,CH-A
16743,CH-B
16744,TH-A
16745,TH-A
16746,WH-A
16747,CH-B
16748,WCT-B
16749,TH-A
16750,WH-A
16751,WH-A
16752,WCT-A
16753,WCT-A
16754,WCT-A
16755,WH-A
16756,WH-A
16757,CH-A
16758,WH-C
16759,EH-D
16760,EH-E
16761,TH-B
16762,TH-C
16763,EH-D
16764,EH-E
16765,EH-E
16766,WCT-A
16767,WCT-A
16768,WCT-B
16769,WH-B
16770,TH-C
16771,WH-C
16772,COL-E
16773,WCT-A
16774,WCT-B
16775,COL-C
16776,COL-C
16777,TH-A
16778,CH-B
16779,EH-B
16780,TH-A
16781,TH-A
16782,AM-E
16783,WH-D
16784,AM-A
16785,WCT-A
16786,WH-A
16787,WH-A
16788,WH-A
16789,TH-C
16790,FH-B
16791,WH-D
16792,CH-A
16793,AM-B
16794,AM-B
16795,AM-A
16796,AM-B
16797,EH-B
16798,AM-B
16799,AM-B
16800,AM-B
16801,AM-E
16802,AM-E
16803,AM-E
16804,AM-E
16805,AM-C
16806,AM-C
16807,AM-C
16808,EH-B
16809,AM-D
16810,AM-B
16811,EH-B
16812,EH-B
16813,EH-C
16814,FH-A
16815,WH-C
16816,EH-B
16817,TH-A
16818,AM-A
16819,EH-B
16820,AM-B
16821,AM-D
16822,AM-E
16823,AM-E
16824,AM-E
16825,AM-C
16826,AM-C
16827,AM-A
16828,AM-A
16829,AM-A
16830,AM-A
16831,AM-B
16832,AM-B
16833,AM-D
16834,TH-C
16835,TH-C
16836,AM-E
16837,TH-C
16838,FH-A
16839,WH-D
16840,AM-B
16841,EH-B
16842,TH-C
16843,AM-E
16844,WH-C
16845,WH-A
16846,WH-A
16847,COL-B
16848,WH-C
16849,TH-C
16850,TH-C
16851,WH-D
16852,AM-B
16853,CH-A
16854,COL-E
16855,EH-B
16856,AM-B
16857,AM-E
16858,AM-A
16859,AM-B
16860,AM-B
16861,EH-B
16862,AM-D
16863,AM-E
16864,AM-A
16865,AM-A
16866,COL-E
16867,EH-B
16868,EH-B
16869,TH-A
16870,EH-C
16871,TH-B
16872,AM-E
16873,WH-A
16874,AM-B
16875,AM-B
16876,AM-B
16877,CH-A
16878,EH-E
16879,TH-A
16880,AM-B
16881,TH-B
16882,AM-E
16883,AM-B
16884,AM-B
16885,EH-B
16886,TH-A
16887,WH-A
16888,WH-A
16889,CH-A
16890,WH-A
16891,CH-A
16892,CH-A
16893,CH-A
16894,CH-A
16895,TH-A
16896,TH-A
16897,TH-A
16898,WH-A
16899,WH-A
16900,WCT-A
16901,TH-A
16902,FH-A
16903,WH-D
16904,COL-E
16905,TH-A
16906,TH-A
16907,WH-A
16908,TH-A
16909,WCT-B
16910,TH-B
16911,WH-D
16912,TH-C
16913,EH-D
16914,TH-B
16915,COL-B
16916,WH-B
16917,COL-E
16918,FH-C
16919,TH-C
16920,FH-B
16921,WH-A
16922,CH-B
16923,EH-A
16924,EH-A
16925,EH-C
16926,FH-C
16927,WH-B
16928,WH-B
16929,COL-D
16930,COL-F
16931,WH-A
16932,WCT-A
16933,EH-C
16934,FH-C
16935,TH-C
16936,CH-A
16937,EH-A
16938,EH-C
16939,FH-C
16940,COL-D
16941,COL-D
16942,COL-F
16943,COL-B
16944,WH-B
16945,COL-E
16946,EH-C
16947,EH-E
16948,EH-E
16949,TH-B
16950,TH-C
16951,EH-E
16952,WCT-A
16953,WCT-A
16954,WCT-B
16955,EH-C
16956,TH-B
16957,FH-C
16958,EH-A
16959,COL-D
16960,COL-F
16961,EH-C
16962,TH-B
16963,FH-A
16964,EH-D
16965,FH-B
16966,WH-A
16967,WH-B
16968,COL-F
16969,TH-A
16970,EH-E
16971,FH-A
16972,COL-B
16973,WH-B
16974,COL-C
16975,WH-B
16976,COL-D
16977,COL-F
16978,TH-B
16979,FH-A
16980,COL-B
16981,WH-B
16982,COL-E
16983,COL-E
16984,TH-A
16985,EH-C
16986,TH-B
16987,FH-B
16988,FH-B
16989,FH-B
16990,WH-B
16991,COL-E
16992,TH-A
16993,TH-A
16994,TH-A
16995,WCT-A
16996,COL-C
16997,COL-E
16998,TH-A
16999,EH-C
17000,TH-B
17001,FH-A
17002,COL-B
17003,WH-B
17004,CH-A
17005,EH-A
17006,EH-C
17007,TH-B
17008,FH-A
17009,WH-D
17010,WH-B
17011,WH-B
17012,WCT-A
17013,EH-C
17014,TH-B
17015,FH-B
17016,COL-B
17017,EH-D
17018,COL-F
17019,FH-C
17020,FH-C
17021,EH-E
17022,EH-E
17023,WCT-A
17024,WCT-B
17025,COL-E
17026,WH-A
17027,CH-B
17028,EH-A
17029,WCT-B
17030,EH-C
17031,WCT-B
17032,WCT-B
17033,FH-A
17034,FH-B
17035,WH-C
17036,EH-D
17037,FH-C
17038,EH-A
17039,EH-C
17040,TH-A
17041,CH-B
17042,EH-A
17043,EH-C
17044,WCT-A
17045,WCT-A
17046,TH-B
17047,FH-B
17048,WH-D
17049,CH-A
17050,CH-A
17051,EH-A
17052,EH-A
17053,EH-C
17054,TH-B
17055,COL-B
17056,WH-D
17057,WH-D
17058,WH-C
17059,WH-C
17060,EH-E
17061,FH-A
17062,TH-C
17063,EH-D
17064,EH-C
17065,TH-B
17066,FH-A
17067,WH-B
17068,EH-C
17069,FH-C
17070,EH-D
17071,EH-D
17072,FH-B
17073,EH-E
17074,EH-E
17075,EH-D
17076,FH-B
17077,EH-D
17078,WCT-A
17079,WH-D
17080,WH-B
17081,COL-E
17082,COL-C
17083,COL-C
17084,COL-F
17085,COL-A
17086,EH-D
17087,COL-F
17088,EH-D
17089,EH-C
17090,TH-B
17091,FH-B
17092,WH-A
17093,WH-B
17094,COL-E
17095,CH-A
17096,EH-E
17097,TH-C
17098,FH-B
17099,WH-A
17100,WH-B
17101,COL-E
17102,FH-C
17103,FH-A
17104,WH-B
17105,COL-D
17106,COL-F
17107,WCT-B
17108,WCT-B
17109,COL-B
17110,EH-C
17111,FH-A
17112,TH-C
17113,AM-B
17114,CH-B
17115,TH-A
17116,CH-B
17117,COL-C
17118,COL-C
17119,AM-E
17120,AM-A
17121,AM-A
17122,CH-B
17123,EH-B
17124,WCT-B
17125,CH-B
17126,COL-D
17127,COL-C
17128,COL-C
17129,COL-C
17130,AM-D
17131,FH-A
17132,AM-A
17133,COL-E
17134,COL-E
17135,COL-F
17136,AM-D
17137,AM-E
17138,AM-A
17139,AM-A
17140,AM-B
17141,AM-B
17142,AM-B
17143,CH-B
17144,EH-B
17145,TH-A
17146,AM-E
17147,CH-B
17148,AM-C
17149,AM-C
17150,COL-C
17151,COL-C
17152,COL-C
17153,COL-F
17154,AM-E
17155,AM-A
17156,AM-B
17157,AM-D
17158,AM-E
17159,AM-E
17160,AM-E
17161,AM-A
17162,AM-A
17163,AM-E
17164,AM-B
17165,AM-B
17166,AM-B
17167,AM-E
17168,AM-E
17169,AM-E
17170,AM-D
17171,AM-E
17172,AM-C
17173,AM-C
17174,EH-B
17175,AM-D
17176,AM-E
17177,AM-B
17178,AM-B
17179,EH-B
17180,AM-D
17181,AM-E
17182,AM-D
17183,AM-E
17184,AM-A
17185,AM-C
17186,AM-C
17187,AM-C
17188,AM-D
17189,AM-E
17190,AM-C
17191,AM-C
17192,AM-C
17193,AM-D
17194,AM-A
17195,AM-A
17196,EH-B
17197,WCT-B
17198,AM-D
17199,AM-D
17200,AM-D
17201,AM-D
17202,AM-E
17203,AM-A
17204,AM-A
17205,AM-C
17206,AM-D
17207,AM-D
17208,AM-D
17209,AM-C
17210,AM-D
17211,AM-E
17212,AM-E
17213,AM-E
17214,AM-A
17215,AM-B
17216,AM-D
17217,AM-E
17218,AM-D
17219,AM-E
17220,AM-C
17221,AM-C
17222,AM-C
17223,AM-C
17224,AM-C
17225,CH-B
17226,EH-B
17227,COL-C
17228,COL-C
17229,TH-C
17230,TH-A
17231,CH-A
17232,EH-C
17233,TH-B
17234,AM-B
17235,EH-B
17236,TH-A
17237,AM-C
17238,COL-C
17239,AM-A
17240,AM-A
17241,CH-B
17242,AM-B
17243,AM-B
17244,TH-A
17245,AM-E
17246,AM-A
17247,COL-E
17248,TH-B
17249,TH-B
17250,TH-C
17251,AM-E
17252,AM-A
17253,COL-E
17254,AM-A
17255,CH-B
17256,CH-B
17257,CH-B
17258,CH-B
17259,EH-B
17260,TH-A
17261,AM-A
17262,COL-E
17263,CH-B
17264,EH-B
17265,TH-A
17266,TH-A
17267,TH-A
17268,CH-B
17269,CH-B
17270,CH-B
17271,CH-B
17272,EH-A
17273,FH-C
17274,TH-C
17275,WH-A
17276,WH-B
17277,EH-A
17278,FH-C
17279,TH-A
17280,TH-A
17281,WH-A
17282,WH-B
17283,COL-E
17284,COL-E
17285,COL-E
17286,EH-A
17287,EH-E
17288,TH-C
17289,CH-A
17290,EH-A
17291,EH-C
17292,TH-A
17293,WH-A
17294,WH-A
17295,EH-E
17296,TH-A
17297,WH-A
17298,COL-C
17299,WCT-A
17300,WCT-A
17301,WCT-A
17302,WCT-A
17303,WCT-A
17304,EH-C
17305,EH-C
17306,TH-C
17307,FH-A
17308,COL-B
17309,COL-B
17310,COL-C
17311,FH-B
17312,WCT-A
17313,WCT-A
17314,FH-A
17315,COL-B
17316,WH-C
17317,EH-D
17318,CH-A
17319,EH-C
17320,TH-B
17321,FH-A
17322,TH-C
17323,TH-C
17324,EH-E
17325,TH-B
17326,TH-C
17327,EH-D
17328,COL-F
17329,COL-B
17330,WH-B
17331,COL-E
17332,COL-D
17333,WCT-B
17334,EH-D
17335,COL-A
17336,FH-C
17337,COL-B
17338,EH-A
17339,EH-C
17340,FH-C
17341,EH-A
17342,EH-A
17343,EH-A
17344,EH-E
17345,TH-B
17346,TH-C
17347,WH-A
17348,WH-B
17349,EH-A
17350,EH-E
17351,FH-B
17352,WCT-A
17353,WCT-B
17354,WCT-B
17355,COL-B
17356,COL-B
17357,COL-B
17358,CH-B
17359,COL-D
17360,COL-D
17361,WCT-B
17362,COL-F
17363,COL-A
17364,COL-A
17365,WH-D
17366,WH-D
17367,WH-C
17368,WH-B
17369,CH-A
17370,CH-A
17371,EH-A
17372,EH-C
17373,FH-C
17374,EH-C
17375,TH-B
17376,FH-A
17377,CH-A
17378,COL-E
17379,COL-E
17380,FH-C
17381,CH-A
17382,EH-A
17383,EH-C
17384,TH-B
17385,FH-A
17386,WH-D
17387,EH-D
17388,TH-B
17389,FH-B
17390,WH-D
17391,WH-B
17392,COL-E
17393,EH-A
17394,EH-A
17395,TH-B
17396,FH-B
17397,WH-A
17398,CH-B
17399,EH-A
17400,EH-A
17401,EH-C
17402,TH-B
17403,TH-C
17404,EH-D
17405,EH-D
17406,EH-C
17407,EH-C
17408,FH-C
17409,CH-A
17410,EH-C
17411,TH-B
17412,FH-A
17413,WH-D
17414,WH-B
17415,COL-F
17416,TH-A
17417,COL-B
17418,COL-D
17419,COL-F
17420,FH-C
17421,EH-D
17422,COL-F
17423,COL-A
17424,FH-A
17425,WH-D
17426,WH-B
17427,COL-E
17428,EH-A
17429,TH-A
17430,TH-C
17431,TH-C
17432,TH-C
17433,CH-A
17434,CH-A
17435,EH-C
17436,TH-B
17437,TH-C
17438,EH-D
17439,TH-A
17440,COL-B
17441,TH-A
17442,WH-A
17443,EH-A
17444,EH-C
17445,EH-C
17446,TH-B
17447,FH-A
17448,FH-A
17449,WH-D
17450,WCT-A
17451,WCT-B
17452,EH-C
17453,FH-C
17454,EH-D
17455,FH-C
17456,WH-A
17457,WH-B
17458,COL-E
17459,WH-A
17460,COL-B
17461,COL-D
17462,COL-F
17463,COL-C
17464,WH-D
17465,WH-C
17466,TH-C
17467,WH-A
17468,FH-A
17469,WH-D
17470,WH-B
17471,CH-B
17472,TH-A
17473,WCT-B
17474,AM-D
17475,FH-A
17476,COL-C
17477,AM-A
17478,AM-A
17479,COL-E
17480,COL-E
17481,TH-A
17482,FH-A
17483,WH-A
17484,WH-A
17485,WH-B
17486,EH-B
17487,WCT-B
17488,WCT-B
17489,WCT-B
17490,FH-A
17491,WH-D
17492,WH-C
17493,CH-A
17494,TH-A
17495,CH-B
17496,EH-B
17497,CH-B
17498,EH-B
17499,TH-A
17500,TH-A
17501,WCT-B
17502,TH-C
17503,AM-B
17504,AM-B
17505,TH-A
17506,TH-A
17507,FH-A
17508,AM-A
17509,AM-A
17510,AM-A
17511,AM-A
17512,CH-B
17513,AM-D
17514,AM-D
17515,AM-E
17516,AM-A
17517,AM-A
17518,CH-B
17519,CH-B
17520,CH-B
17521,CH-B
17522,CH-B
17523,AM-C
17524,AM-C
17525,AM-C
17526,AM-C
17527,AM-A
17528,AM-C
17529,AM-A
17530,AM-A
17531,AM-C
17532,AM-C
17533,AM-E
17534,CH-B
17535,CH-B
17536,CH-B
17537,CH-B
17538,EH-B
17539,AM-D
17540,AM-D
17541,EH-B
17542,AM-D
17543,AM-D
17544,AM-D
17545,AM-D
17546,AM-C
17547,WCT-B
17548,WCT-B
17549,AM-E
17550,WH-D
17551,AM-A
17552,AM-A
17553,AM-C
17554,AM-C
17555,AM-C
17556,AM-C
17557,AM-C
17558,AM-A
17559,AM-A
17560,COL-E
17561,EH-B
17562,EH-B
17563,FH-C
17564,TH-C
17565,TH-A
17566,AM-E
17567,AM-B
17568,AM-B
17569,TH-A
17570,AM-B
17571,AM-E
17572,AM-E
17573,AM-A
17574,AM-C
17575,AM-C
17576,AM-D
17577,AM-D
17578,AM-D
17579,AM-D
17580,AM-E
17581,AM-A
17582,AM-C
17583,AM-D
17584,AM-E
17585,AM-B
17586,AM-D
17587,AM-E
17588,AM-B
17589,AM-C
17590,AM-C
17591,AM-D
17592,AM-D
17593,AM-E
17594,AM-B
17595,AM-A
17596,AM-C
17597,AM-C
17598,AM-C
17599,EH-B
17600,AM-D
17601,AM-C
17602,AM-C
17603,AM-D
17604,AM-E
17605,AM-B
17606,AM-B
17607,AM-D
17608,AM-E
17609,AM-B
17610,AM-B
17611,EH-B
17612,AM-D
17613,AM-A
17614,AM-B
17615,TH-A
17616,TH-A
17617,COL-C
17618,TH-C
17619,WH-A
17620,TH-A
17621,WH-A
17622,WH-A
17623,TH-A
17624,FH-A
17625,WH-A
17626,CH-B
17627,COL-E
17628,CH-B
17629,EH-B
17630,TH-A
17631,CH-B
17632,EH-A
17633,EH-C
17634,EH-C
17635,TH-C
17636,FH-B
17637,FH-A
17638,WH-D
17639,AM-B
17640,AM-B
17641,WH-A
17642,CH-B
17643,COL-E
17644,CH-B
17645,EH-A
17646,EH-A
17647,EH-A
17648,EH-C
17649,TH-B
17650,TH-B
17651,AM-E
17652,TH-C
17653,AM-B
17654,TH-A
17655,WH-A
17656,AM-B
17657,WH-C
17658,COL-E
17659,TH-A
17660,WH-A
17661,TH-A
17662,TH-B
17663,TH-B
17664,FH-A
17665,WH-D
17666,WH-C
17667,EH-E
17668,CH-A
17669,CH-A
17670,CH-A
17671,WH-A
17672,CH-A
17673,CH-A
17674,EH-E
17675,TH-C
17676,FH-B
17677,FH-A
17678,WH-D
17679,WH-B
17680,WH-B
17681,WH-B
17682,COL-D
17683,COL-E
17684,COL-E
17685,COL-E
17686,WH-A
17687,WH-B
17688,COL-E
17689,COL-E
17690,TH-A
17691,CH-B
17692,EH-A
17693,EH-A
17694,EH-A
17695,EH-A
17696,EH-E
17697,EH-E
17698,TH-C
17699,CH-A
17700,CH-A
17701,EH-C
17702,TH-B
17703,FH-B
17704,WH-D
17705,EH-D
17706,EH-D
17707,EH-E
17708,TH-B
17709,FH-B
17710,WH-D
17711,WH-B
17712,COL-E
17713,COL-E
17714,EH-C
17715,WCT-B
17716,EH-C
17717,TH-B
17718,FH-C
17719,COL-A
17720,FH-A
17721,COL-B
17722,COL-D
17723,COL-F
17724,COL-B
17725,COL-D
17726,COL-F
17727,EH-D
17728,EH-D
17729,COL-F
17730,TH-B
17731,FH-B
17732,FH-B
17733,WH-D
17734,EH-D
17735,FH-B
17736,FH-B
17737,WH-D
17738,WH-B
17739,WH-B
17740,COL-E
17741,TH-A
17742,CH-A
17743,EH-A
17744,FH-C
17745,EH-D
17746,FH-C
17747,CH-A
17748,EH-C
17749,TH-B
17750,TH-B
17751,FH-A
17752,WH-D
17753,WH-B
17754,CH-A
17755,EH-A
17756,EH-E
17757,TH-C
17758,WH-B
17759,COL-D
17760,WCT-B
17761,WCT-B
17762,WCT-B
17763,COL-F
17764,COL-A
17765,COL-B
17766,COL-B
17767,COL-D
17768,COL-C
17769,COL-A
17770,COL-A
17771,COL-D
17772,COL-D
17773,COL-A
17774,COL-A
17775,COL-A
17776,COL-A
17777,FH-B
17778,FH-B
17779,WH-D
17780,WCT-A
17781,COL-A
17782,COL-A
17783,FH-C
17784,WH-C
17785,WH-D
17786,EH-D
17787,EH-E
17788,FH-B
17789,EH-D
17790,TH-B
17791,TH-C
17792,WH-C
17793,FH-B
17794,TH-C
17795,TH-C
17796,EH-E
17797,WCT-A
17798,WCT-A
17799,WCT-B
17800,COL-B
17801,FH-C
17802,EH-D
17803,FH-B
17804,FH-B
17805,WH-C
17806,CH-A
17807,CH-A
17808,EH-E
17809,EH-E
17810,TH-C
17811,FH-B
17812,WH-A
17813,TH-C
17814,WH-A
17815,EH-E
17816,TH-B
17817,FH-A
17818,WH-D
17819,WH-C
17820,COL-E
17821,TH-A
17822,TH-C
17823,COL-B
17824,EH-D
17825,TH-A
17826,AM-D
17827,AM-E
17828,COL-C
17829,COL-C
17830,COL-C
17831,WH-A
17832,COL-E
17833,COL-E
17834,COL-F
17835,WCT-B
17836,COL-B
17837,COL-D
17838,COL-C
17839,COL-C
17840,COL-B
17841,COL-D
17842,COL-F
17843,TH-B
17844,FH-C
17845,AM-D
17846,COL-C
17847,AM-C
17848,CH-B
17849,EH-B
17850,CH-B
17851,CH-B
17852,COL-D
17853,WCT-B
17854,CH-B
17855,CH-B
17856,CH-B
17857,CH-B
17858,CH-B
17859,EH-B
17860,EH-B
17861,EH-B
17862,EH-C
17863,FH-C
17864,TH-C
17865,AM-E
17866,AM-B
17867,AM-B
17868,TH-C
17869,AM-B
17870,AM-E
17871,AM-B
17872,AM-B
17873,AM-B
17874,AM-C
17875,AM-D
17876,AM-E
17877,AM-E
17878,AM-A
17879,AM-C
17880,AM-B
17881,AM-B
17882,AM-D
17883,AM-B
17884,AM-B
17885,AM-B
17886,AM-D
17887,FH-A
17888,AM-E
17889,WH-A
17890,AM-B
17891,AM-A
17892,AM-A
17893,CH-B
17894,COL-D
17895,WCT-B
17896,EH-B
17897,EH-B
17898,TH-A
17899,TH-C
17900,TH-C
17901,AM-B
17902,AM-B
17903,CH-B
17904,EH-B
17905,EH-B
17906,TH-A
17907,TH-A
17908,CH-B
17909,EH-B
17910,AM-D
17911,WH-A
17912,CH-B
17913,EH-B
17914,EH-B
17915,EH-B
17916,AM-E
17917,AM-B
17918,AM-B
17919,AM-B
17920,WCT-A
17921,WCT-B
17922,AM-D
17923,AM-E
17924,AM-B
17925,AM-E
17926,AM-B
17927,EH-B
17928,AM-D
17929,AM-D
17930,TH-C
17931,AM-B
17932,CH-B
17933,EH-B
17934,EH-B
17935,AM-D
17936,AM-E
17937,AM-B
17938,AM-B
17939,AM-D
17940,AM-E
17941,AM-A
17942,AM-C
17943,AM-C
17944,AM-C
17945,AM-D
17946,AM-D
17947,AM-D
17948,AM-E
17949,AM-B
17950,AM-B
17951,AM-B
17952,AM-B
17953,AM-E
17954,AM-B
17955,AM-E
17956,AM-B
17957,AM-C
17958,AM-D
17959,AM-C
17960,AM-C
17961,AM-C
17962,AM-C
17963,EH-B
17964,AM-D
17965,AM-E
17966,AM-B
17967,AM-A
17968,AM-A
17969,AM-B
17970,EH-C
17971,TH-B
17972,TH-C
17973,AM-B
17974,COL-C
17975,COL-C
17976,AM-A
17977,COL-C
17978,COL-C
17979,FH-A
17980,WH-D
17981,WH-A
17982,CH-B
17983,CH-B
17984,EH-B
17985,TH-A
17986,TH-A
17987,WH-A
17988,AM-B
17989,EH-B
17990,CH-A
17991,CH-A
17992,EH-E
17993,TH-B
17994,TH-C
17995,WH-A
17996,AM-B
17997,WH-A
17998,COL-E
17999,EH-A
18000,EH-E
18001,TH-C
18002,TH-C
18003,TH-C
18004,TH-B
18005,WH-A
18006,WH-A
18007,CH-B
18008,TH-A
18009,COL-D
18010,COL-F
18011,COL-A
18012,FH-B
18013,WH-A
18014,TH-C
18015,EH-A
18016,EH-C
18017,FH-C
18018,COL-F
18019,COL-F
18020,FH-C
18021,EH-A
18022,EH-A
18023,COL-F
18024,COL-F
18025,EH-A
18026,COL-D
18027,COL-F
18028,COL-F
18029,WCT-B
18030,WCT-B
18031,FH-A
18032,COL-B
18033,WH-B
18034,COL-E
18035,CH-B
18036,EH-A
18037,EH-B
18038,EH-A
18039,CH-B
18040,COL-D
18041,COL-F
18042,COL-A
18043,COL-B
18044,WH-B
18045,COL-F
18046,WCT-A
18047,CH-B
18048,EH-C
18049,FH-C
18050,TH-C
18051,TH-A
18052,FH-A
18053,FH-A
18054,COL-B
18055,FH-A
18056,WCT-A
18057,WCT-B
18058,WCT-B
18059,FH-A
18060,WH-D
18061,WH-B
18062,COL-E
18063,EH-A
18064,EH-A
18065,FH-C
18066,FH-C
18067,CH-A
18068,CH-A
18069,CH-A
18070,CH-A
18071,EH-E
18072,WH-C
18073,CH-A
18074,EH-E
18075,CH-A
18076,EH-D
18077,FH-C
18078,EH-B
18079,FH-C
18080,EH-D
18081,TH-B
18082,COL-B
18083,COL-C
18084,COL-D
18085,COL-D
18086,WCT-B
18087,WCT-B
18088,WCT-B
18089,WCT-B
18090,WCT-B
18091,FH-C
18092,WH-C
18093,WH-C
18094,CH-A
18095,CH-A
18096,COL-E
18097,EH-A
18098,COL-F
18099,FH-C
18100,CH-B
18101,COL-B
18102,EH-A
18103,EH-E
18104,WH-A
18105,COL-D
18106,EH-A
18107,EH-C
18108,TH-B
18109,WH-A
18110,CH-A
18111,EH-E
18112,TH-B
18113,COL-B
18114,EH-D
18115,COL-A
18116,EH-D
18117,EH-D
18118,EH-E
18119,EH-E
18120,CH-A
18121,EH-A
18122,TH-B
18123,TH-C
18124,FH-B
18125,WH-C
18126,WH-C
18127,WH-C
18128,WH-C
18129,WH-C
18130,WH-B
18131,COL-E
18132,COL-F
18133,FH-A
18134,WH-D
18135,COL-C
18136,COL-C
18137,COL-F
18138,COL-F
18139,WCT-B
18140,FH-C
18141,COL-C
18142,COL-C
18143,WH-C
18144,EH-D
18145,TH-B
18146,TH-B
18147,COL-B
18148,EH-D
18149,COL-A
18150,FH-C
18151,EH-D
18152,FH-C
18153,TH-C
18154,EH-E
18155,FH-B
18156,CH-A
18157,EH-E
18158,EH-E
18159,TH-C
18160,EH-E
18161,EH-C
18162,TH-B
18163,FH-A
18164,WH-D
18165,WH-C
18166,TH-A
18167,EH-C
18168,TH-B
18169,TH-B
18170,FH-A
18171,COL-B
18172,COL-C
18173,COL-C
18174,COL-C
18175,WH-A
18176,WH-B
18177,COL-E
18178,WCT-B
18179,WCT-B
18180,FH-A
18181,COL-A
18182,WH-D
18183,WH-C
18184,COL-E
18185,TH-C
18186,WH-D
18187,WH-A
18188,WH-B
18189,COL-E
18190,TH-B
18191,WCT-B
18192,FH-A
18193,FH-A
18194,COL-B
18195,COL-B
18196,COL-C
18197,FH-C
18198,WH-D
18199,WH-C
18200,WH-C
18201,COL-E
18202,WH-B
18203,EH-A
18204,TH-B
18205,FH-A
18206,COL-B
18207,COL-C
18208,COL-C
18209,FH-A
18210,AM-A
18211,WH-B
18212,WH-B
18213,COL-E
18214,COL-E
18215,TH-A
18216,WCT-A
18217,WCT-B
18218,WH-A
18219,CH-B
18220,COL-D
18221,WCT-B
18222,WCT-B
18223,WCT-B
18224,FH-A
18225,WH-D
18226,WH-D
18227,COL-C
18228,TH-A
18229,AM-E
18230,AM-A
18231,WH-A
18232,WCT-A
18233,CH-B
18234,COL-C
18235,WCT-B
18236,WCT-B
18237,AM-A
18238,COL-C
18239,AM-D
18240,AM-A
18241,AM-A
18242,AM-C
18243,AM-B
18244,CH-B
18245,AM-A
18246,AM-B
18247,AM-C
18248,AM-C
18249,AM-D
18250,AM-E
18251,AM-E
18252,COL-C
18253,COL-C
18254,WH-D
18255,WH-D
18256,AM-A
18257,COL-E
18258,COL-F
18259,AM-D
18260,AM-E
18261,AM-E
18262,WH-D
18263,AM-A
18264,AM-A
18265,AM-C
18266,AM-D
18267,WCT-B
18268,COL-B
18269,WH-B
18270,COL-F
18271,COL-F
18272,FH-C
18273,COL-C
18274,COL-C
18275,AM-C
18276,EH-B
18277,EH-B
18278,CH-B
18279,EH-B
18280,TH-A
18281,TH-A
18282,TH-C
18283,COL-C
18284,WH-A
18285,EH-B
18286,AM-D
18287,AM-D
18288,AM-E
18289,AM-E
18290,AM-A
18291,AM-E
18292,AM-B
18293,AM-D
18294,AM-A
18295,AM-A
18296,AM-C
18297,AM-C
18298,AM-C
18299,AM-C
18300,AM-A
18301,AM-A
18302,AM-C
18303,AM-C
18304,AM-C
18305,AM-D
18306,AM-D
18307,AM-D
18308,AM-E
18309,AM-E
18310,AM-B
18311,AM-D
18312,AM-E
18313,AM-A
18314,AM-A
18315,AM-C
18316,AM-C
18317,AM-D
18318,AM-E
18319,AM-A
18320,AM-A
18321,AM-A
18322,CH-B
18323,CH-B
18324,EH-B
18325,EH-B
18326,AM-E
18327,AM-A
18328,CH-B
18329,EH-B
18330,AM-D
18331,FH-C
18332,TH-C
18333,CH-A
18334,EH-A
18335,EH-A
18336,CH-A
18337,EH-D
18338,EH-E
18339,TH-C
18340,CH-A
18341,CH-A
18342,EH-A
18343,TH-A
18344,TH-A
18345,FH-A
18346,WH-A
18347,WH-A
18348,CH-B
18349,CH-B
18350,CH-B
18351,EH-B
18352,EH-B
18353,TH-A
18354,WH-A
18355,CH-B
18356,CH-B
18357,CH-B
18358,EH-A
18359,FH-C
18360,FH-C
18361,TH-C
18362,TH-C
18363,TH-C
18364,WH-A
18365,CH-B
18366,EH-B
18367,TH-A
18368,COL-C
18369,COL-C
18370,COL-C
18371,COL-C
18372,COL-D
18373,COL-F
18374,COL-F
18375,FH-A
18376,WCT-A
18377,WCT-A
18378,EH-A
18379,EH-A
18380,EH-A
18381,CH-B
18382,EH-A
18383,EH-A
18384,EH-C
18385,EH-C
18386,TH-A
18387,EH-A
18388,EH-C
18389,EH-E
18390,EH-E
18391,EH-D
18392,EH-C
18393,FH-C
18394,CH-A
18395,EH-C
18396,FH-C
18397,COL-B
18398,EH-D
18399,COL-A
18400,COL-B
18401,WH-B
18402,COL-E
18403,WH-B
18404,COL-D
18405,COL-D
18406,WCT-B
18407,EH-A
18408,EH-A
18409,EH-A
18410,EH-A
18411,FH-C
18412,CH-A
18413,EH-A
18414,EH-A
18415,EH-E
18416,EH-C
18417,EH-C
18418,TH-B
18419,FH-B
18420,WH-D
18421,WH-C
18422,CH-A
18423,EH-D
18424,FH-B
18425,EH-D
18426,COL-A
18427,COL-A
18428,COL-B
18429,COL-D
18430,COL-D
18431,COL-F
18432,TH-C
18433,WH-A
18434,CH-A
18435,EH-E
18436,EH-E
18437,FH-B
18438,EH-D
18439,FH-B
18440,WH-B
18441,COL-E
18442,EH-A
18443,EH-C
18444,TH-B
18445,WH-D
18446,EH-D
18447,WH-C
18448,WH-C
18449,EH-D
18450,EH-E
18451,FH-B
18452,EH-D
18453,TH-B
18454,TH-B
18455,FH-C
18456,FH-C
18457,TH-B
18458,FH-C
18459,CH-A
18460,EH-D
18461,EH-E
18462,TH-C
18463,CH-A
18464,EH-E
18465,COL-B
18466,EH-A
18467,COL-F
18468,FH-C
18469,TH-B
18470,TH-C
18471,CH-A
18472,EH-C
18473,TH-B
18474,TH-C
18475,COL-A
18476,WH-D
18477,EH-D
18478,TH-B
18479,FH-B
18480,WH-C
18481,EH-E
18482,EH-C
18483,TH-B
18484,FH-A
18485,WH-B
18486,WH-B
18487,COL-E
18488,COL-F
18489,TH-A
18490,CH-B
18491,CH-A
18492,CH-A
18493,TH-C
18494,TH-C
18495,WH-A
18496,WH-B
18497,COL-E
18498,EH-C
18499,EH-C
18500,TH-B
18501,COL-B
18502,COL-B
18503,EH-D
18504,EH-D
18505,EH-D
18506,TH-B
18507,FH-B
18508,FH-B
18509,FH-B
18510,FH-B
18511,WH-D
18512,WH-C
18513,WH-A
18514,CH-A
18515,COL-E
18516,EH-A
18517,EH-E
18518,EH-E
18519,TH-B
18520,FH-A
18521,WH-C
18522,WH-C
18523,WH-C
18524,COL-E
18525,TH-C
18526,EH-D
18527,EH-D
18528,COL-A
18529,FH-B
18530,FH-B
18531,FH-A
18532,WH-B
18533,COL-E
18534,COL-E
18535,TH-A
18536,FH-A
18537,WH-A
18538,COL-B
18539,EH-C
18540,TH-B
18541,FH-A
18542,WH-D
18543,WH-C
18544,EH-A
18545,EH-C
18546,WCT-B
18547,COL-B
18548,EH-D
18549,EH-D
18550,EH-D
18551,EH-D
18552,TH-B
18553,FH-B
18554,CH-A
18555,EH-A
18556,TH-A
18557,WH-D
18558,WH-C
18559,WCT-A
18560,CH-B
18561,COL-D
18562,EH-C
18563,WCT-B
18564,FH-A
18565,WH-A
18566,WCT-A
18567,FH-C
18568,FH-A
18569,CH-A
18570,CH-A
18571,EH-E
18572,EH-E
18573,TH-C
18574,WH-C
18575,CH-A
18576,EH-C
18577,TH-B
18578,TH-C
18579,WH-A
18580,CH-A
18581,EH-C
18582,FH-C
18583,TH-A
18584,TH-A
18585,WH-A
18586,TH-A
18587,TH-A
18588,TH-A
18589,FH-A
18590,FH-A
18591,TH-C
18592,WH-A
18593,AM-B
18594,AM-E
18595,COL-C
18596,COL-C
18597,FH-A
18598,FH-A
18599,WH-D
18600,WH-D
18601,WH-B
18602,COL-E
18603,FH-A
18604,WH-A
18605,CH-B
18606,CH-B
18607,CH-B
18608,WCT-A
18609,EH-A
18610,COL-B
18611,EH-A
18612,EH-A
18613,EH-A
18614,EH-B
18615,TH-A
18616,TH-A
18617,WH-A
18618,CH-B
18619,CH-B
18620,CH-B
18621,CH-B
18622,CH-B
18623,EH-B
18624,TH-B
18625,FH-A
18626,FH-A
18627,AM-A
18628,AM-A
18629,AM-B
18630,AM-B
18631,EH-B
18632,AM-D
18633,AM-E
18634,AM-E
18635,AM-B
18636,AM-B
18637,EH-B
18638,AM-D
18639,AM-D
18640,AM-E
18641,AM-B
18642,AM-D
18643,AM-D
18644,AM-E
18645,EH-B
18646,AM-D
18647,WH-A
18648,AM-B
18649,EH-B
18650,EH-C
18651,AM-D
18652,AM-E
18653,AM-B
18654,AM-B
18655,AM-D
18656,AM-E
18657,AM-A
18658,AM-B
18659,EH-B
18660,EH-C
18661,AM-D
18662,TH-C
18663,AM-B
18664,AM-E
18665,AM-B
18666,AM-B
18667,AM-B
18668,AM-B
18669,AM-E
18670,WH-A
18671,CH-B
18672,TH-A
18673,AM-C
18674,CH-B
18675,CH-B
18676,AM-C
18677,AM-C
18678,AM-C
18679,AM-C
18680,AM-D
18681,AM-D
18682,AM-E
18683,AM-C
18684,AM-E
18685,AM-A
18686,AM-A
18687,AM-A
18688,AM-C
18689,AM-C
18690,AM-B
18691,AM-B
18692,AM-E
18693,AM-C
18694,AM-C
18695,AM-C
18696,EH-B
18697,AM-D
18698,AM-E
18699,AM-B
18700,EH-B
18701,EH-B
18702,FH-C
18703,TH-B
18704,FH-A
18705,WH-A
18706,WH-B
18707,WH-B
18708,COL-D
18709,COL-F
18710,FH-C
18711,TH-A
18712,TH-A
18713,COL-B
18714,EH-B
18715,TH-A
18716,TH-A
18717,TH-A
18718,CH-B
18719,CH-B
18720,COL-E
18721,EH-B
18722,EH-B
18723,FH-A
18724,CH-B
18725,CH-B
18726,WCT-B
18727,EH-C
18728,TH-B
18729,FH-A
18730,FH-B
18731,WH-A
18732,EH-A
18733,EH-A
18734,EH-A
18735,TH-A
18736,EH-A
18737,EH-A
18738,EH-A
18739,EH-A
18740,EH-A
18741,EH-A
18742,EH-C
18743,FH-C
18744,TH-C
18745,TH-C
18746,WH-A
18747,CH-A
18748,CH-A
18749,CH-A
18750,EH-A
18751,EH-A
18752,TH-A
18753,EH-A
18754,TH-A
18755,WCT-A
18756,CH-B
18757,COL-B
18758,EH-A
18759,WCT-B
18760,WCT-B
18761,EH-C
18762,WCT-A
18763,WCT-B
18764,COL-A
18765,COL-A
18766,COL-B
18767,COL-D
18768,COL-F
18769,FH-C
18770,COL-B
18771,EH-A
18772,FH-C
18773,CH-A
18774,EH-A
18775,EH-E
18776,EH-E
18777,FH-B
18778,EH-E
18779,FH-B
18780,FH-B
18781,FH-B
18782,FH-B
18783,FH-B
18784,WH-D
18785,CH-A
18786,EH-E
18787,EH-E
18788,TH-B
18789,FH-B
18790,FH-B
18791,WH-A
18792,CH-A
18793,CH-A
18794,EH-A
18795,CH-A
18796,CH-A
18797,TH-A
18798,WCT-A
18799,COL-D
18800,COL-D
18801,WCT-A
18802,EH-C
18803,EH-C
18804,COL-A
18805,COL-A
18806,COL-A
18807,WCT-B
18808,WCT-B
18809,WCT-B
18810,COL-D
18811,COL-F
18812,EH-C
18813,TH-B
18814,FH-B
18815,EH-D
18816,CH-A
18817,EH-D
18818,TH-B
18819,WH-D
18820,EH-D
18821,EH-E
18822,FH-B
18823,WH-A
18824,CH-A
18825,CH-A
18826,EH-A
18827,EH-C
18828,FH-C
18829,FH-B
18830,FH-A
18831,WH-D
18832,WH-D
18833,WH-C
18834,EH-D
18835,FH-B
18836,WH-A
18837,COL-D
18838,COL-D
18839,COL-F
18840,EH-E
18841,EH-E
18842,FH-B
18843,FH-B
18844,WH-D
18845,FH-B
18846,WH-A
18847,WH-B
18848,EH-A
18849,EH-C
18850,COL-A
18851,FH-B
18852,WH-B
18853,CH-A
18854,EH-C
18855,FH-A
18856,WCT-A
18857,COL-E
18858,COL-F
18859,WCT-B
18860,COL-A
18861,FH-A
18862,WH-D
18863,WH-D
18864,WH-C
18865,CH-A
18866,EH-E
18867,TH-B
18868,FH-B
18869,WH-D
18870,WH-B
18871,CH-A
18872,CH-A
18873,EH-E
18874,TH-C
18875,CH-A
18876,EH-D
18877,COL-F
18878,COL-F
18879,EH-D
18880,COL-A
18881,COL-A
18882,COL-A
18883,WH-D
18884,WH-D
18885,WH-C
18886,WH-C
18887,WH-C
18888,FH-B
18889,EH-D
18890,EH-E
18891,TH-B
18892,FH-B
18893,FH-B
18894,FH-B
18895,WH-C
18896,WH-C
18897,COL-E
18898,WCT-A
18899,WCT-A
18900,WCT-B
18901,COL-B
18902,COL-E
18903,WCT-B
18904,WCT-B
18905,TH-C
18906,WH-C
18907,WH-A
18908,WH-A
18909,WH-B
18910,COL-E
18911,EH-A
18912,EH-C
18913,TH-B
18914,TH-C
18915,TH-C
18916,EH-E
18917,TH-B
18918,TH-C
18919,FH-B
18920,FH-B
18921,WH-C
18922,COL-B
18923,COL-C
18924,COL-C
18925,COL-C
18926,WCT-A
18927,WCT-B
18928,COL-C
18929,COL-A
18930,WH-D
18931,WH-B
18932,COL-E
18933,COL-E
18934,TH-A
18935,TH-C
18936,WH-A
18937,CH-A
18938,TH-A
18939,TH-C
18940,TH-C
18941,WH-A
18942,CH-B
18943,EH-A
18944,TH-A
18945,TH-A
18946,CH-B
18947,EH-B
18948,TH-B
18949,COL-A
18950,FH-A
18951,WH-A
18952,CH-B
18953,CH-B
18954,COL-E
18955,WCT-B
18956,WCT-B
18957,WCT-B
18958,WCT-B
18959,TH-A
18960,TH-A
18961,WH-A
18962,TH-A
18963,TH-A
18964,WH-A
18965,WH-B
18966,CH-B
18967,COL-C
18968,COL-C
18969,COL-A
18970,FH-A
18971,WH-D
18972,FH-B
18973,WH-D
18974,CH-A
18975,EH-B
18976,AM-D
18977,TH-A
18978,EH-B
18979,AM-E
18980,EH-B
18981,AM-D
18982,AM-A
18983,AM-B
18984,AM-B
18985,AM-E
18986,AM-B
18987,AM-B
18988,EH-B
18989,EH-B
18990,AM-D
18991,AM-B
18992,AM-B
18993,AM-E
18994,AM-E
18995,AM-E
18996,AM-A
18997,AM-E
18998,AM-E
18999,AM-A
19000,AM-A
19001,AM-E
19002,AM-A
19003,AM-B
19004,AM-E
19005,AM-A
19006,AM-B
19007,AM-E
19008,AM-A
19009,COL-E
19010,EH-C
19011,FH-A
19012,FH-B
19013,WH-A
19014,WH-A
19015,WH-A
19016,COL-C
19017,COL-C
19018,COL-C
19019,COL-C
19020,COL-C
19021,COL-C
19022,COL-C
19023,COL-C
19024,AM-A
19025,AM-C
19026,EH-B
19027,AM-D
19028,AM-B
19029,AM-B
19030,AM-D
19031,AM-A
19032,AM-C
19033,AM-C
19034,AM-C
19035,AM-C
19036,AM-D
19037,AM-E
19038,AM-B
19039,AM-B
19040,AM-B
19041,WCT-A
19042,TH-A
19043,AM-A
19044,AM-A
19045,AM-A
19046,AM-C
19047,EH-B
19048,AM-D
19049,AM-D
19050,AM-D
19051,AM-A
19052,EH-B
19053,AM-D
19054,AM-D
19055,AM-D
19056,AM-E
19057,AM-E
19058,AM-E
19059,AM-E
19060,AM-E
19061,AM-A
19062,CH-B
19063,TH-A
19064,WH-A
19065,CH-B
19066,TH-A
19067,CH-B
19068,AM-B
19069,AM-B
19070,AM-B
19071,AM-A
19072,AM-C
19073,AM-C
19074,AM-C
19075,EH-B
19076,AM-E
19077,AM-B
19078,EH-B
19079,AM-D
19080,EH-B
19081,COL-C
19082,TH-C
19083,WH-A
19084,CH-A
19085,WH-A
19086,EH-A
19087,EH-C
19088,TH-C
19089,CH-A
19090,COL-E
19091,TH-A
19092,EH-A
19093,EH-A
19094,EH-A
19095,FH-C
19096,TH-B
19097,FH-A
19098,COL-B
19099,COL-B
19100,COL-E
19101,EH-D
19102,EH-D
19103,EH-E
19104,TH-A
19105,COL-B
19106,EH-A
19107,TH-A
19108,WH-A
19109,EH-A
19110,TH-A
19111,WH-A
19112,WH-D
19113,WH-D
19114,WH-A
19115,CH-A
19116,WH-A
19117,CH-B
19118,CH-A
19119,WCT-A
19120,WCT-A
19121,COL-D
19122,COL-D
19123,COL-F
19124,COL-F
19125,WCT-B
19126,WCT-B
19127,FH-C
19128,EH-D
19129,COL-F
19130,FH-C
19131,WH-C
19132,CH-A
19133,EH-D
19134,TH-B
19135,WCT-B
19136,FH-A
19137,FH-A
19138,WH-C
19139,WH-C
19140,CH-A
19141,CH-A
19142,CH-A
19143,EH-E
19144,TH-C
19145,TH-C
19146,WH-A
19147,WCT-A
19148,EH-A
19149,EH-C
19150,TH-B
19151,EH-D
19152,FH-B
19153,EH-D
19154,EH-C
19155,COL-F
19156,COL-A
19157,WH-D
19158,WH-B
19159,COL-D
19160,COL-F
19161,FH-B
19162,WH-D
19163,WH-B
19164,CH-A
19165,EH-E
19166,FH-C
19167,EH-D
19168,WH-D
19169,WH-B
19170,EH-D
19171,FH-B
19172,EH-D
19173,FH-B
19174,WH-C
19175,EH-D
19176,TH-B
19177,FH-B
19178,WH-C
19179,WCT-A
19180,WCT-A
19181,COL-F
19182,FH-A
19183,FH-A
19184,COL-B
19185,TH-C
19186,WH-A
19187,WH-C
19188,EH-E
19189,WH-A
19190,WH-B
19191,COL-E
19192,COL-E
19193,COL-E
19194,CH-B
19195,EH-C
19196,TH-B
19197,TH-C
19198,FH-A
19199,WH-D
19200,WCT-A
19201,WH-C
19202,EH-E
19203,WCT-A
19204,WCT-B
19205,COL-A
19206,COL-A
19207,WH-D
19208,WH-D
19209,WH-B
19210,COL-E
19211,WH-C
19212,FH-C
19213,WH-C
19214,CH-A
19215,EH-E
19216,WCT-A
19217,COL-A
19218,COL-D
19219,COL-E
19220,WCT-B
19221,TH-A
19222,FH-C
19223,FH-C
19224,TH-B
19225,FH-B
19226,EH-D
19227,EH-D
19228,EH-D
19229,TH-B
19230,TH-B
19231,TH-B
19232,FH-A
19233,FH-A
19234,COL-B
19235,WH-B
19236,COL-E
19237,COL-E
19238,TH-A
19239,CH-B
19240,EH-C
19241,TH-B
19242,FH-A
19243,WH-D
19244,WH-D
19245,WH-D
19246,COL-B
19247,WH-C
19248,CH-A
19249,EH-E
19250,WH-A
19251,CH-A
19252,CH-A
19253,CH-A
19254,EH-C
19255,EH-E
19256,EH-E
19257,EH-E
19258,WH-C
19259,WH-C
19260,TH-A
19261,TH-C
19262,TH-C
19263,TH-A
19264,TH-C
19265,WCT-A
19266,COL-F
19267,FH-C
19268,WH-C
19269,WH-C
19270,EH-A
19271,EH-D
19272,FH-C
19273,WH-C
19274,EH-D
19275,EH-E
19276,EH-D
19277,EH-E
19278,FH-B
19279,FH-B
19280,WH-B
19281,COL-F
19282,FH-C
19283,CH-B
19284,EH-B
19285,TH-A
19286,TH-A
19287,COL-C
19288,WH-A
19289,COL-E
19290,TH-A
19291,WH-A
19292,WH-A
19293,WH-B
19294,WCT-A
19295,EH-C
19296,TH-B
19297,FH-B
19298,WH-A
19299,COL-C
19300,FH-A
19301,COL-B
19302,WH-B
19303,WH-B
19304,CH-B
19305,COL-D
19306,WCT-B
19307,TH-B
19308,FH-B
19309,WH-D
19310,WH-C
19311,CH-A
19312,EH-E
19313,EH-E
19314,FH-B
19315,WH-A
19316,CH-A
19317,CH-B
19318,CH-B
19319,EH-A
19320,EH-A
19321,EH-A
19322,EH-C
19323,EH-E
19324,EH-E
19325,WCT-A
19326,WCT-A
19327,WH-D
19328,WH-B
19329,EH-C
19330,FH-C
19331,EH-B
19332,WCT-B
19333,COL-B
19334,CH-B
19335,AM-C
19336,WCT-B
19337,WCT-B
19338,COL-C
19339,COL-C
19340,WH-B
19341,COL-E
19342,EH-A
19343,EH-A
19344,FH-C
19345,TH-C
19346,WH-B
19347,COL-E
19348,EH-B
19349,FH-C
19350,AM-E
19351,AM-B
19352,CH-B
19353,AM-A
19354,WH-B
19355,EH-B
19356,EH-B
19357,AM-D
19358,AM-C
19359,AM-C
19360,COL-C
19361,COL-C
19362,AM-A
19363,AM-A
19364,WH-B
19365,EH-B
19366,EH-B
19367,EH-B
19368,AM-D
19369,AM-E
19370,TH-C
19371,AM-E
19372,AM-E
19373,AM-A
19374,CH-B
19375,EH-B
19376,FH-A
19377,AM-B
19378,AM-E
19379,AM-B
19380,AM-B
19381,AM-B
19382,AM-D
19383,AM-E
19384,AM-E
19385,AM-D
19386,AM-E
19387,AM-B
19388,AM-E
19389,AM-E
19390,AM-A
19391,COL-C
19392,COL-C
19393,AM-C
19394,COL-C
19395,AM-E
19396,AM-E
19397,AM-A
19398,AM-A
19399,AM-C
19400,AM-B
19401,EH-B
19402,TH-A
19403,WH-A
19404,WH-A
19405,EH-B
19406,FH-A
19407,WH-A
19408,AM-B
19409,TH-A
19410,AM-D
19411,TH-A
19412,AM-B
19413,AM-B
19414,AM-B
19415,EH-B
19416,AM-D
19417,TH-A
19418,WH-A
19419,AM-B
19420,WH-A
19421,AM-A
19422,AM-A
19423,CH-B
19424,CH-B
19425,CH-B
19426,EH-B
19427,EH-B
19428,AM-B
19429,AM-B
19430,AM-E
19431,AM-E
19432,AM-A
19433,AM-C
19434,EH-B
19435,AM-C
19436,EH-B
19437,EH-B
19438,CH-B
19439,COL-D
19440,COL-D
19441,COL-E
19442,COL-F
19443,TH-A
19444,EH-A
19445,EH-A
19446,EH-C
19447,TH-B
19448,TH-A
19449,TH-A
19450,FH-A
19451,CH-A
19452,EH-E
19453,WH-A
19454,CH-B
19455,EH-B
19456,TH-B
19457,TH-C
19458,TH-C
19459,EH-B
19460,AM-D
19461,WH-A
19462,EH-B
19463,AM-B
19464,FH-A
19465,TH-C
19466,TH-C
19467,CH-A
19468,EH-E
19469,CH-A
19470,EH-A
19471,FH-C
19472,TH-C
19473,EH-E
19474,EH-E
19475,TH-A
19476,WH-A
19477,WH-A
19478,WH-A
19479,EH-E
19480,EH-E
19481,EH-E
19482,TH-C
19483,WH-A
19484,CH-B
19485,TH-A
19486,WH-A
19487,CH-A
19488,WCT-A
19489,COL-D
19490,EH-C
19491,COL-D
19492,COL-D
19493,EH-A
19494,COL-F
19495,EH-A
19496,EH-A
19497,COL-F
19498,FH-C
19499,TH-C
19500,TH-C
19501,WH-A
19502,CH-A
19503,COL-E
19504,CH-A
19505,CH-A
19506,COL-E
19507,CH-A
19508,CH-B
19509,CH-B
19510,CH-B
19511,EH-C
19512,TH-A
19513,WCT-A
19514,WCT-B
19515,WCT-A
19516,TH-B
19517,TH-B
19518,TH-B
19519,COL-A
19520,COL-A
19521,FH-A
19522,FH-A
19523,WH-D
19524,COL-C
19525,WCT-A
19526,COL-A
19527,COL-A
19528,WH-D
19529,WH-D
19530,WH-B
19531,COL-D
19532,COL-F
19533,WCT-B
19534,FH-C
19535,CH-A
19536,CH-A
19537,EH-A
19538,EH-C
19539,FH-C
19540,WH-D
19541,EH-D
19542,EH-E
19543,TH-B
19544,FH-A
19545,WH-A
19546,COL-B
19547,CH-B
19548,COL-E
19549,COL-E
19550,WCT-B
19551,WCT-A
19552,WCT-B
19553,COL-C
19554,FH-C
19555,WH-C
19556,CH-A
19557,CH-A
19558,EH-A
19559,EH-C
19560,EH-E
19561,EH-E
19562,FH-B
19563,WH-C
19564,WH-C
19565,WH-C
19566,EH-D
19567,EH-D
19568,FH-C
19569,CH-A
19570,EH-E
19571,EH-E
19572,FH-B
19573,TH-C
19574,WH-C
19575,EH-E
19576,FH-B
19577,CH-A
19578,WH-A
19579,WH-B
19580,WH-B
19581,COL-E
19582,EH-C
19583,TH-B
19584,TH-C
19585,EH-D
19586,TH-B
19587,TH-B
19588,TH-C
19589,TH-C
19590,WH-C
19591,WH-B
19592,COL-E
19593,CH-B
19594,CH-B
19595,CH-B
19596,EH-A
19597,EH-E
19598,TH-B
19599,FH-B
19600,WH-D
19601,WH-C
19602,TH-A
19603,COL-B
19604,EH-D
19605,EH-D
19606,EH-C
19607,TH-B
19608,TH-B
19609,TH-B
19610,FH-A
19611,COL-B
19612,COL-D
19613,COL-F
19614,COL-A
19615,WH-C
19616,COL-B
19617,COL-D
19618,COL-F
19619,FH-C
19620,EH-C
19621,WCT-B
19622,FH-C
19623,TH-C
19624,TH-C
19625,TH-C
19626,TH-C
19627,EH-C
19628,TH-B
19629,FH-B
19630,EH-D
19631,COL-A
19632,EH-D
19633,FH-B
19634,EH-D
19635,FH-B
19636,WH-A
19637,WH-C
19638,COL-B
19639,EH-D
19640,COL-A
19641,WH-D
19642,EH-E
19643,FH-B
19644,WH-A
19645,TH-C
19646,TH-A
19647,WCT-B
19648,WCT-B
19649,WCT-B
19650,COL-B
19651,COL-D
19652,COL-D
19653,COL-B
19654,COL-B
19655,COL-A
19656,FH-B
19657,WH-D
19658,EH-D
19659,FH-C
19660,EH-D
19661,EH-C
19662,WCT-B
19663,FH-A
19664,COL-B
19665,EH-D
19666,EH-C
19667,FH-C
19668,COL-B
19669,COL-B
19670,FH-A
19671,COL-B
19672,WH-C
19673,FH-C
19674,EH-E
19675,TH-A
19676,CH-B
19677,EH-A
19678,TH-A
19679,TH-A
19680,WH-A
19681,AM-B
19682,TH-A
19683,AM-B
19684,EH-B
19685,EH-B
19686,TH-B
19687,AM-E
19688,WH-A
19689,COL-E
19690,COL-C
19691,COL-C
19692,FH-A
19693,COL-B
19694,COL-D
19695,COL-A
19696,COL-A
19697,COL-A
19698,FH-B
19699,WH-D
19700,WH-C
19701,EH-D
19702,COL-F
19703,TH-B
19704,WH-D
19705,EH-D
19706,TH-B
19707,FH-B
19708,WH-D
19709,WH-B
19710,COL-E
19711,COL-F
19712,FH-C
19713,EH-E
19714,TH-B
19715,FH-B
19716,WH-C
19717,WH-C
19718,TH-C
19719,TH-C
19720,TH-C
19721,TH-C
19722,AM-D
19723,AM-E
19724,AM-B
19725,WH-A
19726,CH-B
19727,CH-B
19728,AM-B
19729,AM-B
19730,AM-B
19731,AM-D
19732,AM-E
19733,AM-B
19734,AM-E
19735,AM-B
19736,AM-B
19737,AM-C
19738,AM-C
19739,AM-C
19740,AM-C
19741,AM-D
19742,AM-D
19743,AM-D
19744,AM-D
19745,AM-E
19746,AM-A
19747,AM-C
19748,AM-D
19749,AM-E
19750,AM-D
19751,AM-E
19752,AM-C
19753,AM-C
19754,AM-D
19755,AM-E
19756,AM-D
19757,AM-B
19758,EH-B
19759,AM-E
19760,AM-B
19761,AM-D
19762,AM-E
19763,AM-B
19764,AM-B
19765,TH-A
19766,WH-A
19767,CH-A
19768,TH-A
19769,TH-A
19770,COL-B
19771,TH-C
19772,AM-E
19773,AM-B
19774,AM-B
19775,CH-B
19776,EH-B
19777,AM-D
19778,AM-E
19779,AM-B
19780,AM-B
19781,AM-B
19782,CH-B
19783,EH-B
19784,AM-D
19785,EH-B
19786,CH-B
19787,AM-A
19788,AM-A
19789,AM-B
19790,AM-B
19791,EH-B
19792,EH-B
19793,AM-D
19794,AM-E
19795,AM-B
19796,AM-E
19797,AM-A
19798,AM-A
19799,AM-B
19800,AM-E
19801,AM-B
19802,EH-B
19803,AM-D
19804,AM-C
19805,AM-D
19806,AM-D
19807,AM-E
19808,AM-B
19809,EH-B
19810,AM-D
19811,AM-B
19812,AM-E
19813,AM-A
19814,COL-E
19815,COL-C
19816,AM-E
19817,AM-A
19818,AM-A
19819,AM-A
19820,COL-E
19821,COL-E
19822,EH-B
19823,FH-B
19824,TH-C
19825,TH-C
19826,WH-A
19827,WH-B
19828,COL-F
19829,TH-B
19830,FH-B
19831,FH-B
19832,WH-A
19833,WH-A
19834,WH-A
19835,WCT-A
19836,CH-B
19837,EH-C
19838,COL-F
19839,FH-C
19840,FH-C
19841,COL-C
19842,COL-C
19843,COL-C
19844,FH-C
19845,WH-C
19846,WH-C
19847,WH-A
19848,FH-B
19849,WH-D
19850,WH-C
19851,FH-B
19852,WH-A
19853,CH-A
19854,CH-A
19855,CH-A
19856,EH-A
19857,EH-E
19858,TH-A
19859,TH-A
19860,TH-C
19861,TH-A
19862,WH-A
19863,CH-A
19864,EH-A
19865,TH-A
19866,COL-C
19867,COL-C
19868,COL-C
19869,COL-E
19870,EH-A
19871,COL-F
19872,COL-F
19873,FH-A
19874,COL-B
19875,COL-C
19876,WH-B
19877,COL-E
19878,EH-A
19879,EH-A
19880,TH-A
19881,WH-A
19882,CH-B
19883,WH-A
19884,WH-B
19885,COL-E
19886,TH-A
19887,CH-A
19888,CH-A
19889,CH-A
19890,EH-A
19891,TH-A
19892,EH-C
19893,EH-C
19894,WCT-B
19895,FH-C
19896,COL-B
19897,TH-C
19898,CH-A
19899,EH-E
19900,FH-C
19901,TH-B
19902,FH-C
19903,TH-C
19904,FH-B
19905,WH-B
19906,COL-D
19907,FH-C
19908,FH-C
19909,CH-A
19910,CH-A
19911,CH-A
19912,EH-E
19913,COL-A
19914,WH-D
19915,WH-A
19916,COL-E
19917,FH-C
19918,COL-B
19919,COL-B
19920,WH-B
19921,CH-B
19922,EH-A
19923,EH-A
19924,WCT-B
19925,WCT-B
19926,COL-B
19927,EH-A
19928,EH-C
19929,FH-C
19930,EH-D
19931,TH-B
19932,EH-D
19933,WH-C
19934,EH-D
19935,COL-F
19936,FH-C
19937,EH-D
19938,EH-D
19939,EH-E
19940,EH-A
19941,EH-A
19942,EH-C
19943,FH-C
19944,CH-A
19945,CH-A
19946,EH-A
19947,EH-E
19948,FH-C
19949,EH-D
19950,TH-B
19951,FH-B
19952,CH-A
19953,EH-D
19954,EH-D
19955,COL-A
19956,WCT-A
19957,WCT-A
19958,COL-B
19959,COL-D
19960,COL-F
19961,FH-C
19962,CH-A
19963,CH-A
19964,EH-E
19965,EH-C
19966,FH-B
19967,WH-A
19968,WH-A
19969,WH-C
19970,FH-A
19971,WH-A
19972,WH-A
19973,COL-E
19974,CH-B
19975,EH-A
19976,EH-C
19977,EH-C
19978,TH-A
19979,TH-C
19980,CH-A
19981,EH-A
19982,EH-C
19983,EH-E
19984,TH-B
19985,TH-C
19986,EH-D
19987,FH-B
19988,FH-B
19989,FH-B
19990,WH-C
19991,EH-E
19992,TH-C
19993,TH-C
19994,CH-A
19995,EH-D
19996,FH-C
19997,CH-A
19998,EH-A
19999,TH-B
20000,TH-C
20001,EH-E
20002,EH-E
20003,WH-A
20004,CH-A
20005,EH-A
20006,EH-E
20007,TH-B
20008,FH-B
20009,FH-B
20010,CH-A
20011,EH-C
20012,TH-B
20013,TH-C
20014,WH-C
20015,WH-A
20016,CH-A
20017,TH-A
20018,TH-A
20019,TH-A
20020,WH-A
20021,TH-A
20022,WH-A
20023,WH-B
20024,COL-E
20025,WCT-B
20026,WCT-B
20027,COL-C
20028,FH-B
20029,TH-C
20030,WH-A
20031,CH-B
20032,CH-B
20033,CH-B
20034,COL-D
20035,EH-A
20036,EH-C
20037,WCT-A
20038,WCT-A
20039,WH-D
20040,COL-E
20041,WH-B
20042,WH-B
20043,COL-F
20044,WCT-B
20045,WCT-B
20046,WCT-B
20047,FH-C
20048,TH-C
20049,CH-A
20050,EH-E
20051,TH-A
20052,CH-B
20053,EH-A
20054,WCT-A
20055,WCT-A
20056,COL-F
20057,FH-B
20058,WH-A
20059,CH-A
20060,EH-B
20061,TH-A
20062,TH-C
20063,CH-A
20064,EH-C
20065,FH-C
20066,TH-A
20067,WH-A
20068,CH-B
20069,EH-C
20070,FH-A
20071,AM-B
20072,CH-A
20073,TH-A
20074,TH-A
20075,CH-B
20076,EH-B
20077,TH-A
20078,FH-A
20079,WH-A
20080,WH-A
20081,WH-B
20082,WH-B
20083,COL-E
20084,CH-B
20085,EH-B
20086,EH-B
20087,COL-B
20088,EH-B
20089,EH-B
20090,AM-D
20091,AM-D
20092,AM-E
20093,WCT-B
20094,AM-A
20095,AM-B
20096,EH-B
20097,COL-F
20098,AM-E
20099,AM-E
20100,AM-B
20101,AM-B
20102,AM-C
20103,AM-D
20104,AM-E
20105,AM-D
20106,AM-D
20107,AM-E
20108,AM-E
20109,AM-B
20110,AM-E
20111,AM-B
20112,AM-B
20113,AM-A
20114,AM-A
20115,AM-A
20116,AM-B
20117,AM-E
20118,CH-B
20119,EH-B
20120,AM-D
20121,AM-B
20122,EH-B
20123,AM-E
20124,AM-A
20125,AM-C
20126,AM-C
20127,AM-D
20128,AM-C
20129,COL-D
20130,EH-B
20131,EH-B
20132,EH-B
20133,EH-B
20134,FH-C
20135,EH-C
20136,TH-B
20137,TH-C
20138,TH-A
20139,CH-B
20140,EH-B
20141,TH-A
20142,AM-A
20143,CH-B
20144,CH-B
20145,AM-C
20146,AM-D
20147,COL-D
20148,AM-D
20149,AM-E
20150,AM-A
20151,AM-A
20152,AM-C
20153,AM-C
20154,AM-C
20155,AM-C
20156,AM-D
20157,AM-E
20158,AM-A
20159,CH-B
20160,EH-B
20161,AM-D
20162,AM-E
20163,AM-B
20164,CH-B
20165,AM-B
20166,AM-E
20167,AM-B
20168,EH-E
20169,TH-B
20170,WH-A
20171,AM-B
20172,EH-B
20173,AM-D
20174,FH-A
20175,WH-D
20176,WH-B
20177,COL-E
20178,TH-A
20179,TH-A
20180,CH-B
20181,TH-A
20182,CH-B
20183,CH-B
20184,EH-A
20185,EH-C
20186,TH-A
20187,TH-A
20188,CH-B
20189,CH-B
20190,EH-A
20191,EH-A
20192,EH-C
20193,EH-C
20194,FH-C
20195,FH-C
20196,TH-C
20197,TH-C
20198,TH-C
20199,CH-B
20200,COL-D
20201,COL-D
20202,COL-F
20203,WCT-B
20204,COL-B
20205,COL-B
20206,COL-D
20207,COL-F
20208,COL-F
20209,COL-A
20210,FH-B
20211,FH-B
20212,TH-C
20213,TH-C
20214,EH-E
20215,COL-B
20216,TH-C
20217,CH-A
20218,EH-E
20219,EH-E
20220,TH-B
20221,FH-A
20222,FH-A
20223,WCT-B
20224,WCT-B
20225,TH-A
20226,WH-D
20227,COL-A
20228,FH-A
20229,WH-C
20230,EH-D
20231,FH-B
20232,EH-D
20233,EH-E
20234,TH-B
20235,FH-B
20236,FH-A
20237,WH-D
20238,WH-A
20239,WH-B
20240,CH-B
20241,CH-B
20242,CH-B
20243,CH-B
20244,CH-B
20245,CH-B
20246,COL-D
20247,COL-E
20248,COL-B
20249,CH-B
20250,CH-B
20251,EH-A
20252,EH-A
20253,TH-A
20254,TH-A
20255,CH-B
20256,CH-B
20257,CH-B
20258,WH-B
20259,CH-B
20260,CH-B
20261,EH-C
20262,TH-B
20263,FH-C
20264,COL-B
20265,COL-D
20266,COL-D
20267,COL-F
20268,COL-D
20269,EH-D
20270,EH-D
20271,COL-A
20272,COL-A
20273,WH-D
20274,WH-B
20275,COL-B
20276,COL-D
20277,COL-F
20278,FH-C
20279,TH-A
20280,COL-E
20281,COL-E
20282,COL-E
20283,FH-C
20284,FH-C
20285,WH-D
20286,WH-B
20287,COL-E
20288,EH-A
20289,EH-C
20290,EH-C
20291,TH-B
20292,EH-C
20293,TH-B
20294,FH-B
20295,COL-B
20296,COL-D
20297,EH-D
20298,EH-D
20299,COL-F
20300,FH-B
20301,FH-B
20302,WH-D
20303,WH-B
20304,EH-D
20305,EH-D
20306,EH-E
20307,FH-B
20308,FH-B
20309,FH-B
20310,WH-C
20311,CH-A
20312,EH-A
20313,COL-F
20314,FH-C
20315,COL-B
20316,COL-B
20317,CH-A
20318,EH-E
20319,TH-A
20320,CH-B
20321,EH-A
20322,EH-C
20323,FH-C
20324,TH-C
20325,EH-D
20326,TH-B
20327,FH-C
20328,EH-E
20329,TH-B
20330,TH-C
20331,WH-C
20332,FH-B
20333,CH-A
20334,EH-A
20335,TH-B
20336,TH-A
20337,EH-C
20338,WCT-B
20339,WCT-B
20340,COL-B
20341,EH-D
20342,EH-D
20343,COL-A
20344,COL-B
20345,EH-D
20346,FH-B
20347,EH-D
20348,EH-D
20349,FH-C
20350,EH-D
20351,CH-A
20352,COL-F
20353,FH-C
20354,EH-D
20355,COL-A
20356,FH-C
20357,FH-B
20358,WH-D
20359,WH-C
20360,WH-C
20361,WH-C
20362,EH-D
20363,FH-B
20364,WH-C
20365,WCT-A
20366,WH-A
20367,WH-A
20368,WCT-A
20369,WCT-A
20370,FH-C
20371,FH-A
20372,WH-D
20373,COL-E
20374,CH-A
20375,EH-E
20376,CH-A
20377,EH-A
20378,TH-B
20379,TH-C
20380,EH-E
20381,TH-A
20382,WH-A
20383,WH-A
20384,CH-A
20385,TH-A
20386,EH-C
20387,COL-A
20388,FH-A
20389,FH-B
20390,FH-B
20391,TH-C
20392,TH-A
20393,FH-A
20394,WH-A
20395,WH-B
20396,CH-B
20397,CH-B
20398,CH-B
20399,WCT-B
20400,WCT-B
20401,TH-A
20402,CH-A
20403,CH-B
20404,EH-B
20405,TH-A
20406,TH-C
20407,TH-A
20408,COL-B
20409,EH-B
20410,TH-B
20411,AM-E
20412,TH-C
20413,AM-B
20414,AM-B
20415,AM-B
20416,CH-B
20417,CH-B
20418,TH-A
20419,CH-B
20420,EH-B
20421,TH-A
20422,EH-B
20423,AM-D
20424,AM-E
20425,AM-E
20426,AM-B
20427,TH-B
20428,FH-A
20429,TH-C
20430,FH-A
20431,WH-A
20432,WH-A
20433,EH-B
20434,AM-D
20435,AM-D
20436,AM-E
20437,WH-A
20438,CH-B
20439,WCT-B
20440,WCT-B
20441,FH-A
20442,AM-E
20443,WH-D
20444,AM-A
20445,CH-B
20446,CH-B
20447,EH-B
20448,AM-B
20449,AM-D
20450,AM-E
20451,AM-B
20452,AM-D
20453,AM-E
20454,AM-C
20455,AM-C
20456,AM-D
20457,AM-D
20458,AM-E
20459,AM-B
20460,AM-B
20461,EH-B
20462,AM-D
20463,AM-E
20464,AM-B
20465,AM-E
20466,AM-B
20467,AM-D
20468,AM-A
20469,AM-C
20470,AM-C
20471,AM-D
20472,AM-A
20473,AM-C
20474,AM-C
20475,AM-B
20476,AM-B
20477,TH-A
20478,TH-C
20479,AM-E
20480,AM-B
20481,AM-B
20482,TH-A
20483,AM-E
20484,AM-B
20485,AM-E
20486,AM-C
20487,AM-C
20488,AM-C
20489,AM-C
20490,AM-A
20491,AM-A
20492,AM-C
20493,AM-C
20494,AM-C
20495,AM-C
20496,AM-C
20497,AM-C
20498,AM-C
20499,AM-C
20500,AM-C
20501,AM-D
20502,AM-D
20503,AM-A
20504,AM-C
20505,AM-E
20506,AM-A
20507,AM-A
20508,AM-C
20509,AM-C
20510,AM-C
20511,AM-A
20512,AM-C
20513,EH-B
20514,EH-B
20515,TH-A
20516,CH-B
20517,EH-B
20518,AM-B
20519,AM-B
20520,TH-A
20521,EH-B
20522,AM-B
20523,AM-B
20524,EH-B
20525,EH-C
20526,TH-B
20527,TH-C
20528,TH-A
20529,TH-A
20530,WH-A
20531,AM-B
20532,AM-E
20533,AM-B
20534,EH-B
20535,TH-A
20536,FH-A
20537,AM-E
20538,AM-A
20539,AM-A
20540,AM-E
20541,AM-E
20542,WH-A
20543,WH-A
20544,TH-A
20545,FH-A
20546,WH-D
20547,AM-B
20548,AM-B
20549,EH-B
20550,EH-A
20551,EH-C
20552,FH-C
20553,EH-C
20554,FH-C
20555,COL-B
20556,WH-A
20557,COL-E
20558,EH-A
20559,TH-A
20560,CH-B
20561,EH-C
20562,TH-A
20563,TH-A
20564,CH-B
20565,WCT-B
20566,EH-C
20567,TH-B
20568,TH-A
20569,WH-D
20570,WH-D
20571,WH-B
20572,COL-D
20573,COL-F
20574,FH-C
20575,COL-B
20576,EH-D
20577,FH-C
20578,FH-C
20579,WH-C
20580,CH-A
20581,EH-A
20582,CH-A
20583,EH-A
20584,EH-A
20585,FH-C
20586,EH-E
20587,TH-A
20588,TH-B
20589,FH-A
20590,WH-D
20591,WH-C
20592,WH-C
20593,COL-E
20594,CH-A
20595,EH-C
20596,EH-C
20597,EH-C
20598,FH-C
20599,FH-C
20600,EH-A
20601,EH-C
20602,TH-A
20603,TH-A
20604,EH-A
20605,EH-C
20606,TH-A
20607,CH-A
20608,CH-B
20609,CH-B
20610,CH-A
20611,EH-A
20612,EH-A
20613,EH-C
20614,TH-B
20615,FH-B
20616,FH-B
20617,WH-A
20618,COL-E
20619,EH-A
20620,TH-B
20621,TH-B
20622,FH-C
20623,TH-C
20624,TH-C
20625,CH-A
20626,CH-A
20627,CH-A
20628,CH-A
20629,EH-E
20630,FH-B
20631,CH-A
20632,EH-E
20633,TH-B
20634,FH-B
20635,WH-D
20636,WH-C
20637,CH-A
20638,EH-A
20639,EH-C
20640,FH-A
20641,COL-B
20642,EH-D
20643,EH-D
20644,WH-D
20645,WH-B
20646,WCT-A
20647,FH-A
20648,COL-B
20649,COL-D
20650,COL-F
20651,COL-A
20652,EH-D
20653,COL-A
20654,FH-A
20655,WH-B
20656,COL-E
20657,EH-A
20658,EH-C
20659,FH-C
20660,COL-B
20661,COL-D
20662,COL-D
20663,COL-F
20664,COL-F
20665,COL-A
20666,COL-A
20667,EH-D
20668,WCT-B
20669,COL-B
20670,TH-C
20671,COL-B
20672,FH-C
20673,FH-C
20674,WH-A
20675,WH-B
20676,COL-E
20677,WH-A
20678,WH-A
20679,CH-A
20680,COL-E
20681,COL-E
20682,COL-E
20683,COL-E
20684,TH-A
20685,WH-A
20686,WH-A
20687,WH-B
20688,COL-E
20689,EH-A
20690,TH-B
20691,TH-C
20692,CH-A
20693,EH-A
20694,EH-C
20695,FH-A
20696,WH-D
20697,WH-C
20698,WH-A
20699,EH-A
20700,TH-A
20701,TH-A
20702,TH-A
20703,WH-A
20704,COL-E
20705,COL-E
20706,COL-F
20707,TH-B
20708,FH-B
20709,FH-B
20710,FH-B
20711,FH-B
20712,WH-C
20713,EH-E
20714,EH-D
20715,FH-B
20716,FH-B
20717,FH-B
20718,FH-B
20719,WH-C
20720,CH-A
20721,EH-E
20722,TH-C
20723,EH-E
20724,FH-B
20725,CH-A
20726,EH-E
20727,EH-E
20728,FH-B
20729,FH-B
20730,FH-B
20731,FH-B
20732,WH-D
20733,COL-E
20734,CH-A
20735,EH-E
20736,CH-A
20737,EH-E
20738,TH-C
20739,FH-B
20740,TH-C
20741,CH-A
20742,TH-A
20743,EH-A
20744,TH-B
20745,WH-A
20746,CH-A
20747,CH-B
20748,EH-A
20749,EH-A
20750,EH-A
20751,COL-F
20752,TH-C
20753,TH-A
20754,WH-A
20755,WCT-A
20756,WCT-B
20757,WH-A
20758,CH-B
20759,TH-A
20760,WCT-A
20761,COL-D
20762,WCT-B
20763,COL-A
20764,FH-A
20765,WH-D
20766,WH-C
20767,TH-A
20768,TH-A
20769,TH-A
20770,FH-A
20771,WH-A
20772,WH-A
20773,WH-A
20774,CH-B
20775,WCT-B
20776,COL-C
20777,COL-C
20778,AM-A
20779,COL-C
20780,COL-C
20781,COL-C
20782,WCT-B
20783,WCT-B
20784,WCT-B
20785,COL-B
20786,COL-C
20787,COL-C
20788,WH-C
20789,WH-C
20790,WCT-A
20791,WCT-A
20792,FH-A
20793,WH-D
20794,WH-B
20795,WCT-A
20796,FH-A
20797,WCT-A
20798,WCT-B
20799,WCT-B
20800,COL-B
20801,COL-C
20802,COL-E
20803,COL-E
20804,AM-B
20805,AM-E
20806,COL-C
20807,EH-B
20808,AM-D
20809,AM-D
20810,AM-B
20811,AM-D
20812,EH-B
20813,TH-C
20814,AM-E
20815,AM-E
20816,AM-A
20817,AM-A
20818,AM-A
20819,AM-A
20820,AM-A
20821,AM-B
20822,AM-B
20823,AM-B
20824,AM-B
20825,AM-E
20826,AM-A
20827,AM-C
20828,AM-C
20829,AM-E
20830,AM-B
20831,AM-D
20832,AM-E
20833,AM-E
20834,AM-A
20835,EH-B
20836,EH-B
20837,AM-D
20838,AM-E
20839,TH-C
20840,FH-B
20841,FH-B
20842,WH-D
20843,AM-B
20844,AM-B
20845,AM-D
20846,AM-D
20847,AM-D
20848,AM-D
20849,AM-C
20850,AM-C
20851,AM-C
20852,AM-C
20853,AM-D
20854,AM-E
20855,AM-D
20856,AM-D
20857,AM-E
20858,AM-A
20859,AM-C
20860,CH-B
20861,EH-B
20862,EH-B
20863,AM-C
20864,AM-C
20865,AM-C
20866,AM-D
20867,AM-C
20868,COL-C
20869,COL-C
20870,CH-B
20871,EH-B
20872,AM-E
20873,EH-B
20874,COL-D
20875,COL-F
20876,AM-D
20877,AM-E
20878,AM-B
20879,AM-D
20880,FH-A
20881,WH-A
20882,WH-B
20883,COL-E
20884,WH-A
20885,CH-B
20886,CH-B
20887,CH-B
20888,EH-B
20889,EH-B
20890,AM-D
20891,FH-A
20892,AM-A
20893,WH-B
20894,COL-D
20895,COL-F
20896,TH-C
20897,EH-E
20898,AM-D
20899,TH-C
20900,TH-A
20901,AM-D
20902,TH-C
20903,TH-C
20904,CH-A
20905,EH-E
20906,WH-A
20907,CH-B
20908,EH-B
20909,TH-A
20910,AM-D
20911,AM-E
20912,WH-A
20913,WH-A
20914,WH-B
20915,CH-B
20916,EH-A
20917,TH-A
20918,WH-A
20919,TH-A
20920,TH-A
20921,WH-A
20922,TH-A
20923,WH-D
20924,WH-C
20925,TH-C
20926,CH-A
20927,CH-B
20928,EH-B
20929,EH-B
20930,EH-C
20931,TH-B
20932,FH-A
20933,WH-D
20934,WH-D
20935,WH-B
20936,WH-B
20937,COL-E
20938,FH-C
20939,FH-C
20940,CH-A
20941,TH-A
20942,CH-A
20943,CH-A
20944,CH-A
20945,CH-A
20946,EH-A
20947,EH-A
20948,EH-A
20949,FH-C
20950,TH-A
20951,WH-A
20952,WH-C
20953,WH-C
20954,WH-C
20955,CH-A
20956,EH-A
20957,EH-B
20958,EH-B
20959,EH-C
20960,EH-C
20961,TH-B
20962,FH-A
20963,FH-A
20964,COL-B
20965,CH-B
20966,CH-B
20967,CH-B
20968,EH-A
20969,EH-A
20970,TH-A
20971,TH-A
20972,EH-C
20973,WCT-B
20974,WCT-B
20975,COL-C
20976,WH-D
20977,WH-D
20978,WH-B
20979,COL-D
20980,COL-F
20981,WCT-B
20982,WCT-B
20983,COL-B
20984,COL-B
20985,FH-C
20986,EH-A
20987,EH-C
20988,EH-C
20989,TH-B
20990,TH-B
20991,WCT-B
20992,COL-B
20993,COL-D
20994,COL-D
20995,COL-D
20996,COL-D
20997,COL-A
20998,COL-A
20999,COL-A
21000,FH-B
21001,WH-D
21002,WH-B
21003,COL-E
21004,COL-E
21005,EH-A
21006,COL-F
21007,FH-C
21008,EH-C
21009,EH-C
21010,FH-A
21011,FH-A
21012,WH-D
21013,WH-D
21014,WH-B
21015,COL-D
21016,COL-F
21017,WCT-B
21018,COL-A
21019,TH-B
21020,WCT-A
21021,COL-B
21022,COL-D
21023,FH-C
21024,TH-B
21025,TH-C
21026,WH-C
21027,WH-C
21028,CH-A
21029,CH-A
21030,CH-A
21031,CH-A
21032,EH-E
21033,TH-C
21034,CH-A
21035,EH-E
21036,FH-B
21037,WH-D
21038,EH-D
21039,WCT-A
21040,COL-D
21041,COL-D
21042,COL-D
21043,EH-D
21044,EH-D
21045,TH-B
21046,FH-B
21047,WH-C
21048,EH-E
21049,EH-E
21050,EH-E
21051,FH-B
21052,FH-B
21053,FH-B
21054,FH-B
21055,WH-D
21056,WH-C
21057,FH-B
21058,WCT-A
21059,FH-A
21060,WH-C
21061,WH-C
21062,CH-A
21063,TH-B
21064,FH-A
21065,COL-B
21066,WCT-A
21067,COL-A
21068,COL-B
21069,WH-B
21070,COL-D
21071,EH-D
21072,COL-F
21073,FH-B
21074,FH-B
21075,EH-D
21076,EH-E
21077,TH-B
21078,TH-C
21079,EH-D
21080,FH-B
21081,FH-B
21082,EH-D
21083,COL-A
21084,WH-D
21085,COL-A
21086,FH-A
21087,WH-D
21088,WH-B
21089,COL-F
21090,COL-F
21091,FH-A
21092,WH-A
21093,CH-A
21094,COL-F
21095,FH-C
21096,WH-A
21097,COL-E
21098,COL-C
21099,COL-E
21100,EH-A
21101,EH-C
21102,TH-B
21103,FH-A
21104,WH-D
21105,WH-D
21106,WH-B
21107,WH-B
21108,COL-E
21109,CH-A
21110,EH-E
21111,TH-C
21112,CH-A
21113,TH-A
21114,TH-A
21115,WH-A
21116,CH-B
21117,CH-B
21118,TH-A
21119,WCT-A
21120,EH-C
21121,FH-C
21122,TH-A
21123,TH-A
21124,TH-A
21125,WH-A
21126,WH-A
21127,CH-B
21128,EH-A
21129,EH-C
21130,EH-C
21131,TH-A
21132,EH-A
21133,EH-A
21134,EH-A
21135,EH-A
21136,WCT-A
21137,WCT-A
21138,WCT-A
21139,COL-D
21140,EH-C
21141,COL-A
21142,FH-A
21143,TH-C
21144,FH-A
21145,WH-C
21146,CH-A
21147,EH-E
21148,TH-B
21149,FH-A
21150,COL-B
21151,COL-B
21152,WH-B
21153,COL-D
21154,COL-F
21155,FH-C
21156,TH-C
21157,WH-C
21158,WH-A
21159,WH-A
21160,WH-A
21161,AM-E
21162,FH-A
21163,WH-A
21164,AM-B
21165,CH-B
21166,EH-B
21167,EH-B
21168,TH-A
21169,AM-E
21170,AM-A
21171,AM-A
21172,EH-B
21173,AM-E
21174,AM-E
21175,AM-D
21176,FH-A
21177,WH-A
21178,AM-B
21179,AM-B
21180,AM-B
21181,AM-B
21182,EH-C
21183,FH-A
21184,TH-C
21185,AM-E
21186,AM-B
21187,AM-B
21188,AM-E
21189,AM-B
21190,EH-B
21191,AM-D
21192,AM-B
21193,EH-B
21194,AM-D
21195,AM-E
21196,AM-B
21197,AM-B
21198,AM-D
21199,AM-E
21200,AM-A
21201,AM-A
21202,AM-A
21203,AM-A
21204,AM-D
21205,AM-E
21206,AM-E
21207,AM-B
21208,AM-D
21209,AM-E
21210,AM-B
21211,AM-E
21212,AM-A
21213,AM-C
21214,AM-E
21215,AM-B
21216,AM-D
21217,AM-D
21218,AM-E
21219,AM-E
21220,EH-B
21221,AM-D
21222,AM-D
21223,EH-B
21224,EH-B
21225,TH-A
21226,AM-C
21227,AM-C
21228,AM-C
21229,COL-C
21230,COL-C
21231,AM-B
21232,CH-B
21233,EH-B
21234,AM-D
21235,AM-E
21236,AM-E
21237,AM-B
21238,AM-B
21239,EH-B
21240,AM-C
21241,AM-C
21242,AM-C
21243,AM-C
21244,AM-C
21245,EH-B
21246,AM-D
21247,AM-E
21248,AM-E
21249,AM-A
21250,COL-C
21251,AM-A
21252,WH-A
21253,CH-B
21254,EH-A
21255,EH-A
21256,EH-C
21257,TH-A
21258,EH-B
21259,FH-C
21260,EH-E
21261,TH-A
21262,TH-A
21263,WH-A
21264,CH-B
21265,CH-B
21266,EH-A
21267,EH-E
21268,WH-A
21269,EH-B
21270,AM-D
21271,AM-E
21272,AM-B
21273,AM-D
21274,AM-E
21275,AM-C
21276,AM-C
21277,WCT-B
21278,WCT-B
21279,WCT-B
21280,AM-D
21281,TH-C
21282,COL-C
21283,AM-E
21284,WH-D
21285,COL-C
21286,WCT-A
21287,WCT-A
21288,WCT-A
21289,TH-A
21290,WCT-B
21291,CH-B
21292,EH-B
21293,EH-B
21294,TH-A
21295,TH-A
21296,EH-C
21297,FH-B
21298,WH-C
21299,COL-F
21300,FH-C
21301,WH-C
21302,CH-A
21303,CH-A
21304,EH-E
21305,TH-C
21306,EH-E
21307,FH-A
21308,TH-C
21309,WH-C
21310,TH-C
21311,EH-E
21312,EH-E
21313,TH-B
21314,WH-A
21315,CH-A
21316,COL-F
21317,COL-F
21318,WCT-B
21319,FH-C
21320,TH-A
21321,TH-A
21322,WCT-A
21323,WCT-B
21324,COL-C
21325,COL-D
21326,WCT-B
21327,WCT-B
21328,COL-B
21329,COL-D
21330,COL-F
21331,WCT-B
21332,COL-B
21333,COL-C
21334,COL-C
21335,FH-C
21336,FH-C
21337,TH-A
21338,TH-A
21339,CH-B
21340,COL-E
21341,COL-E
21342,TH-A
21343,WH-A
21344,WH-B
21345,CH-A
21346,COL-E
21347,EH-A
21348,EH-A
21349,EH-E
21350,TH-B
21351,FH-B
21352,WH-C
21353,WH-C
21354,CH-A
21355,CH-A
21356,EH-A
21357,EH-C
21358,TH-B
21359,FH-A
21360,TH-C
21361,TH-A
21362,FH-A
21363,FH-A
21364,COL-B
21365,COL-B
21366,TH-A
21367,WCT-A
21368,TH-A
21369,TH-C
21370,TH-A
21371,CH-B
21372,EH-A
21373,EH-C
21374,TH-B
21375,FH-B
21376,EH-D
21377,TH-B
21378,WH-D
21379,WH-C
21380,EH-E
21381,EH-E
21382,FH-B
21383,WH-D
21384,CH-A
21385,COL-E
21386,EH-A
21387,EH-A
21388,CH-A
21389,EH-E
21390,WCT-A
21391,WCT-A
21392,WCT-B
21393,WCT-B
21394,FH-A
21395,WH-D
21396,WH-B
21397,WH-B
21398,COL-E
21399,COL-E
21400,WH-B
21401,COL-E
21402,COL-F
21403,FH-A
21404,COL-B
21405,COL-B
21406,COL-D
21407,COL-D
21408,COL-F
21409,FH-A
21410,WH-D
21411,WH-B
21412,WCT-A
21413,TH-B
21414,WH-D
21415,WH-D
21416,WH-C
21417,WCT-A
21418,TH-C
21419,FH-B
21420,WH-D
21421,WH-D
21422,WH-B
21423,COL-E
21424,EH-A
21425,FH-C
21426,TH-B
21427,WH-A
21428,WCT-A
21429,WCT-B
21430,FH-A
21431,WH-D
21432,WH-B
21433,EH-D
21434,TH-B
21435,TH-B
21436,WH-D
21437,WH-C
21438,TH-B
21439,WH-A
21440,COL-E
21441,WH-A
21442,WH-A
21443,CH-B
21444,CH-B
21445,CH-B
21446,CH-B
21447,CH-B
21448,CH-A
21449,CH-A
21450,CH-A
21451,TH-C
21452,WH-C
21453,WH-A
21454,WH-A
21455,WH-B
21456,COL-E
21457,TH-A
21458,EH-C
21459,TH-B
21460,TH-C
21461,TH-C
21462,FH-A
21463,TH-C
21464,CH-A
21465,CH-A
21466,EH-C
21467,TH-B
21468,TH-C
21469,TH-C
21470,AM-E
21471,WH-D
21472,WH-B
21473,COL-E
21474,CH-A
21475,CH-A
21476,EH-E
21477,TH-A
21478,TH-C
21479,WH-A
21480,TH-C
21481,TH-C
21482,TH-C
21483,WH-B
21484,COL-F
21485,FH-A
21486,WH-D
21487,COL-C
21488,WH-A
21489,WH-A
21490,WH-B
21491,COL-D
21492,EH-C
21493,WCT-B
21494,FH-C
21495,FH-B
21496,EH-D
21497,TH-C
21498,TH-C
21499,FH-A
21500,WH-A
21501,COL-C
21502,COL-C
21503,AM-B
21504,TH-C
21505,WH-A
21506,AM-B
21507,TH-A
21508,TH-A
21509,TH-A
21510,TH-A
21511,TH-C
21512,TH-C
21513,AM-E
21514,AM-E
21515,AM-A
21516,CH-B
21517,EH-B
21518,AM-D
21519,AM-D
21520,WCT-B
21521,FH-A
21522,WCT-B
21523,WCT-B
21524,WCT-B
21525,FH-A
21526,FH-A
21527,WH-D
21528,WH-A
21529,AM-A
21530,AM-B
21531,AM-D
21532,AM-E
21533,AM-E
21534,AM-E
21535,AM-A
21536,AM-A
21537,AM-A
21538,AM-A
21539,AM-B
21540,AM-A
21541,AM-B
21542,AM-E
21543,AM-A
21544,AM-A
21545,AM-C
21546,AM-E
21547,AM-B
21548,AM-D
21549,AM-E
21550,AM-A
21551,AM-C
21552,AM-C
21553,AM-C
21554,EH-B
21555,AM-D
21556,AM-E
21557,AM-C
21558,AM-C
21559,AM-C
21560,AM-C
21561,AM-C
21562,AM-D
21563,AM-E
21564,AM-E
21565,AM-A
21566,AM-A
21567,AM-C
21568,AM-D
21569,AM-E
21570,AM-C
21571,AM-D
21572,AM-E
21573,AM-E
21574,AM-B
21575,AM-E
21576,AM-B
21577,EH-B
21578,AM-B
21579,AM-B
21580,AM-E
21581,AM-B
21582,AM-E
21583,AM-E
21584,AM-E
21585,AM-A
21586,CH-B
21587,CH-B
21588,AM-C
21589,AM-D
21590,AM-E
21591,AM-A
21592,AM-A
21593,AM-C
21594,AM-C
21595,AM-D
21596,AM-A
21597,AM-C
21598,AM-D
21599,AM-A
21600,AM-A
21601,AM-C
21602,AM-C
21603,AM-C
21604,AM-C
21605,AM-C
21606,AM-A
21607,AM-C
21608,AM-A
21609,AM-A
21610,AM-A
21611,AM-C
21612,EH-B
21613,AM-D
21614,AM-D
21615,AM-D
21616,AM-E
21617,AM-B
21618,AM-D
21619,AM-D
21620,AM-E
21621,AM-B
21622,TH-A
21623,CH-B
21624,CH-B
21625,CH-B
21626,WCT-B
21627,COL-C
21628,COL-C
21629,COL-C
21630,COL-C
21631,COL-C
21632,WH-B
21633,CH-B
21634,EH-B
21635,AM-B
21636,TH-A
21637,AM-E
21638,AM-B
21639,AM-B
21640,AM-A
21641,CH-B
21642,CH-B
21643,EH-B
21644,EH-B
21645,EH-B
21646,AM-D
21647,FH-A
21648,AM-A
21649,COL-D
21650,COL-C
21651,COL-C
21652,COL-C
21653,COL-C
21654,CH-B
21655,EH-B
21656,TH-A
21657,TH-C
21658,TH-C
21659,WH-A
21660,WH-A
21661,CH-A
21662,EH-A
21663,TH-A
21664,EH-A
21665,EH-C
21666,EH-C
21667,TH-B
21668,TH-C
21669,AM-E
21670,WH-A
21671,COL-E
21672,CH-B
21673,COL-E
21674,TH-A
21675,CH-B
21676,CH-B
21677,EH-B
21678,COL-C
21679,WH-B
21680,WH-B
21681,WH-A
21682,WH-B
21683,CH-A
21684,CH-A
21685,EH-C
21686,TH-A
21687,COL-B
21688,EH-C
21689,TH-B
21690,FH-A
21691,WH-D
21692,WH-B
21693,COL-E
21694,COL-E
21695,CH-B
21696,CH-B
21697,CH-A
21698,EH-C
21699,EH-C
21700,EH-E
21701,TH-B
21702,FH-B
21703,WH-C
21704,FH-B
21705,WH-A
21706,WH-A
21707,WH-B
21708,WH-B
21709,COL-E
21710,COL-E
21711,CH-B
21712,CH-B
21713,EH-A
21714,EH-C
21715,TH-B
21716,FH-C
21717,COL-E
21718,FH-C
21719,FH-B
21720,WH-D
21721,WH-C
21722,WH-C
21723,EH-E
21724,EH-E
21725,EH-E
21726,CH-A
21727,EH-A
21728,EH-C
21729,EH-C
21730,EH-C
21731,TH-B
21732,FH-A
21733,FH-A
21734,WH-D
21735,WH-C
21736,WH-B
21737,WH-A
21738,WH-A
21739,WH-A
21740,COL-E
21741,WCT-A
21742,WCT-A
21743,EH-A
21744,EH-A
21745,EH-C
21746,FH-C
21747,COL-B
21748,COL-D
21749,COL-D
21750,COL-F
21751,COL-F
21752,WCT-B
21753,EH-A
21754,COL-D
21755,COL-D
21756,EH-E
21757,EH-C
21758,EH-C
21759,TH-B
21760,EH-D
21761,EH-D
21762,TH-B
21763,TH-B
21764,FH-A
21765,COL-B
21766,COL-B
21767,COL-D
21768,COL-D
21769,COL-C
21770,COL-B
21771,COL-C
21772,CH-B
21773,EH-A
21774,EH-C
21775,FH-C
21776,TH-B
21777,FH-C
21778,COL-B
21779,EH-D
21780,EH-A
21781,EH-A
21782,EH-C
21783,EH-E
21784,EH-E
21785,TH-C
21786,TH-C
21787,TH-C
21788,FH-B
21789,WH-C
21790,CH-A
21791,WCT-A
21792,EH-A
21793,EH-C
21794,TH-B
21795,TH-C
21796,TH-C
21797,FH-A
21798,WH-A
21799,WH-A
21800,WH-A
21801,WH-B
21802,COL-E
21803,CH-A
21804,EH-E
21805,CH-A
21806,EH-E
21807,EH-D
21808,EH-D
21809,EH-D
21810,TH-B
21811,WH-D
21812,EH-D
21813,TH-B
21814,WH-A
21815,CH-A
21816,EH-A
21817,EH-C
21818,TH-B
21819,FH-A
21820,WH-D
21821,WH-D
21822,WH-B
21823,COL-E
21824,WCT-B
21825,WCT-B
21826,WCT-B
21827,COL-B
21828,COL-C
21829,COL-C
21830,COL-C
21831,WH-C
21832,WH-B
21833,COL-E
21834,EH-D
21835,FH-C
21836,FH-C
21837,WH-C
21838,EH-A
21839,EH-E
21840,TH-B
21841,TH-C
21842,TH-C
21843,TH-A
21844,TH-A
21845,WH-A
21846,WCT-A
21847,WCT-A
21848,TH-A
21849,FH-A
21850,WH-A
21851,COL-C
21852,CH-B
21853,CH-B
21854,CH-B
21855,CH-B
21856,WCT-A
21857,EH-C
21858,TH-B
21859,EH-D
21860,TH-B
21861,TH-B
21862,FH-B
21863,EH-E
21864,TH-C
21865,EH-E
21866,FH-B
21867,FH-B
21868,TH-C
21869,EH-D
21870,TH-B
21871,TH-C
21872,TH-C
21873,WH-C
21874,WH-A
21875,WH-B
21876,EH-A
21877,EH-A
21878,TH-A
21879,WH-A
21880,WCT-A
21881,TH-B
21882,WH-D
21883,WH-A
21884,CH-B
21885,CH-B
21886,CH-B
21887,EH-B
21888,AM-C
21889,AM-C
21890,AM-D
21891,AM-D
21892,COL-C
21893,COL-C
21894,AM-A
21895,AM-A
21896,COL-E
21897,AM-C
21898,WCT-B
21899,WCT-B
21900,WCT-B
21901,FH-C
21902,COL-C
21903,EH-B
21904,EH-B
21905,AM-D
21906,AM-E
21907,AM-B
21908,AM-E
21909,AM-A
21910,AM-B
21911,AM-C
21912,EH-B
21913,AM-C
21914,EH-B
21915,AM-D
21916,AM-E
21917,WH-A
21918,CH-B
21919,WCT-A
21920,TH-B
21921,FH-A
21922,AM-A
21923,AM-A
21924,AM-A
21925,COL-E
21926,CH-B
21927,CH-B
21928,EH-B
21929,AM-D
21930,AM-E
21931,AM-E
21932,AM-B
21933,AM-B
21934,CH-B
21935,EH-B
21936,AM-D
21937,AM-E
21938,AM-C
21939,AM-C
21940,AM-C
21941,AM-C
21942,AM-D
21943,AM-A
21944,AM-A
21945,AM-C
21946,AM-C
21947,AM-C
21948,AM-D
21949,AM-E
21950,AM-A
21951,AM-A
21952,AM-A
21953,AM-C
21954,CH-B
21955,COL-C
21956,EH-B
21957,TH-A
21958,FH-C
21959,TH-A
21960,TH-A
21961,WCT-A
21962,TH-A
21963,TH-A
21964,CH-B
21965,CH-B
21966,EH-B
21967,AM-B
21968,TH-A
21969,AM-D
21970,TH-B
21971,AM-E
21972,AM-E
21973,AM-C
21974,CH-B
21975,AM-C
21976,AM-C
21977,COL-B
21978,AM-A
21979,CH-B
21980,EH-B
21981,AM-D
21982,COL-C
21983,AM-B
21984,AM-B
21985,AM-B
21986,AM-D
21987,AM-C
21988,AM-C
21989,AM-E
21990,AM-A
21991,AM-C
21992,AM-D
21993,AM-D
21994,AM-E
21995,AM-A
21996,AM-A
21997,AM-A
21998,EH-B
21999,TH-A
22000,AM-B
22001,TH-A
22002,COL-B
22003,AM-D
22004,FH-C
22005,TH-C
22006,TH-B
22007,TH-C
22008,EH-E
22009,EH-E
22010,FH-A
22011,WH-A
22012,WH-A
22013,WH-B
22014,EH-A
22015,EH-A
22016,EH-E
22017,EH-E
22018,TH-A
22019,TH-C
22020,EH-E
22021,EH-A
22022,EH-C
22023,TH-B
22024,TH-A
22025,COL-C
22026,FH-A
22027,WH-D
22028,WH-B
22029,WH-B
22030,COL-E
22031,COL-E
22032,TH-A
22033,WCT-A
22034,EH-C
22035,FH-A
22036,WH-A
22037,CH-B
22038,COL-C
22039,COL-D
22040,COL-C
22041,EH-D
22042,COL-F
22043,FH-B
22044,FH-B
22045,WH-A
22046,WH-B
22047,WH-B
22048,COL-E
22049,EH-A
22050,TH-A
22051,EH-E
22052,TH-A
22053,CH-A
22054,EH-E
22055,TH-C
22056,TH-C
22057,WH-A
22058,WH-A
22059,WH-A
22060,WH-B
22061,WH-B
22062,CH-A
22063,CH-A
22064,EH-A
22065,TH-A
22066,TH-A
22067,CH-B
22068,CH-B
22069,COL-D
22070,COL-D
22071,COL-D
22072,CH-B
22073,WCT-A
22074,CH-B
22075,EH-A
22076,EH-C
22077,COL-F
22078,TH-B
22079,COL-A
22080,COL-A
22081,FH-A
22082,WH-C
22083,COL-E
22084,EH-C
22085,TH-B
22086,FH-A
22087,WH-D
22088,WH-C
22089,CH-A
22090,CH-A
22091,EH-A
22092,EH-C
22093,TH-B
22094,FH-A
22095,WH-D
22096,WH-B
22097,WH-B
22098,COL-E
22099,COL-E
22100,EH-A
22101,EH-A
22102,TH-A
22103,TH-A
22104,FH-A
22105,TH-C
22106,FH-A
22107,FH-A
22108,WH-D
22109,WH-D
22110,WH-C
22111,EH-E
22112,FH-B
22113,TH-C
22114,TH-C
22115,CH-A
22116,CH-A
22117,EH-A
22118,EH-C
22119,TH-A
22120,FH-A
22121,WH-D
22122,WH-D
22123,WH-A
22124,COL-E
22125,EH-A
22126,EH-A
22127,COL-F
22128,FH-C
22129,FH-C
22130,EH-D
22131,FH-B
22132,EH-D
22133,EH-E
22134,FH-B
22135,WH-C
22136,COL-E
22137,COL-E
22138,EH-A
22139,COL-F
22140,FH-C
22141,FH-B
22142,FH-B
22143,WH-D
22144,WH-B
22145,COL-E
22146,WCT-A
22147,COL-B
22148,COL-A
22149,FH-A
22150,WH-D
22151,WH-C
22152,WH-C
22153,EH-E
22154,EH-E
22155,FH-B
22156,WH-D
22157,WH-B
22158,COL-F
22159,FH-C
22160,EH-D
22161,EH-C
22162,TH-B
22163,WH-D
22164,WH-D
22165,WH-C
22166,CH-A
22167,CH-A
22168,EH-E
22169,FH-B
22170,WH-A
22171,WH-C
22172,COL-E
22173,TH-A
22174,CH-B
22175,WCT-A
22176,WCT-B
22177,COL-F
22178,EH-D
22179,COL-F
22180,FH-A
22181,WH-B
22182,EH-D
22183,TH-B
22184,TH-B
22185,FH-B
22186,WH-D
22187,WH-B
22188,CH-A
22189,EH-A
22190,EH-E
22191,FH-B
22192,WCT-A
22193,WCT-A
22194,WH-B
22195,FH-C
22196,FH-C
22197,WH-B
22198,WH-B
22199,WH-B
22200,COL-D
22201,EH-C
22202,TH-B
22203,FH-B
22204,WH-C
22205,WCT-A
22206,EH-D
22207,WH-C
22208,CH-A
22209,COL-F
22210,TH-A
22211,WH-A
22212,WH-A
22213,WH-A
22214,COL-E
22215,COL-E
22216,EH-C
22217,TH-B
22218,WCT-A
22219,WH-A
22220,WCT-A
22221,WCT-B
22222,EH-C
22223,TH-B
22224,FH-A
22225,FH-A
22226,WH-D
22227,COL-B
22228,EH-D
22229,TH-B
22230,FH-C
22231,TH-C
22232,TH-A
22233,WH-A
22234,WH-B
22235,WH-B
22236,EH-B
22237,EH-B
22238,COL-F
22239,TH-C
22240,CH-A
22241,EH-B
22242,TH-A
22243,TH-C
22244,TH-A
22245,EH-B
22246,EH-C
22247,EH-C
22248,TH-B
22249,FH-B
22250,WH-A
22251,WH-A
22252,WH-A
22253,WH-B
22254,COL-E
22255,EH-C
22256,TH-B
22257,WH-A
22258,CH-B
22259,EH-B
22260,TH-A
22261,TH-A
22262,AM-B
22263,AM-E
22264,WH-D
22265,WCT-A
22266,TH-C
22267,AM-E
22268,WH-A
22269,AM-B
22270,TH-A
22271,TH-A
22272,FH-A
22273,WH-B
22274,EH-B
22275,TH-A
22276,AM-A
22277,CH-B
22278,CH-B
22279,AM-B
22280,CH-B
22281,CH-A
22282,EH-B
22283,EH-E
22284,TH-C
22285,AM-B
22286,EH-B
22287,WH-A
22288,AM-A
22289,AM-B
22290,AM-E
22291,AM-A
22292,AM-B
22293,AM-B
22294,AM-B
22295,AM-B
22296,AM-D
22297,AM-E
22298,AM-B
22299,AM-C
22300,AM-D
22301,AM-E
22302,AM-B
22303,AM-D
22304,AM-E
22305,AM-A
22306,AM-E
22307,AM-A
22308,AM-A
22309,AM-E
22310,AM-E
22311,AM-A
22312,AM-A
22313,AM-B
22314,EH-B
22315,TH-A
22316,TH-A
22317,AM-E
22318,TH-C
22319,WH-A
22320,WH-A
22321,CH-B
22322,CH-B
22323,CH-B
22324,EH-B
22325,EH-B
22326,EH-B
22327,AM-D
22328,AM-D
22329,AM-E
22330,AM-B
22331,AM-C
22332,EH-B
22333,AM-D
22334,AM-D
22335,AM-E
22336,AM-E
22337,AM-E
22338,AM-A
22339,AM-C
22340,AM-C
22341,AM-C
22342,AM-C
22343,AM-D
22344,AM-D
22345,AM-C
22346,AM-C
22347,AM-C
22348,AM-C
22349,AM-D
22350,AM-D
22351,AM-E
22352,AM-B
22353,AM-B
22354,AM-A
22355,CH-B
22356,CH-B
22357,EH-B
22358,TH-A
22359,FH-A
22360,TH-C
22361,TH-C
22362,FH-B
22363,TH-C
22364,TH-A
22365,FH-A
22366,AM-E
22367,AM-B
22368,AM-E
22369,WH-A
22370,AM-B
22371,WH-A
22372,CH-B
22373,CH-B
22374,EH-A
22375,TH-A
22376,TH-A
22377,EH-B
22378,EH-B
22379,TH-A
22380,CH-B
22381,TH-A
22382,AM-E
22383,WH-A
22384,WH-A
22385,TH-A
22386,CH-B
22387,CH-B
22388,COL-D
22389,COL-F
22390,FH-C
22391,FH-C
22392,FH-C
22393,WH-C
22394,EH-E
22395,CH-A
22396,EH-E
22397,WH-A
22398,TH-C
22399,TH-A
22400,WH-A
22401,EH-C
22402,TH-B
22403,WH-A
22404,COL-E
22405,EH-A
22406,EH-C
22407,EH-C
22408,EH-C
22409,TH-B
22410,TH-B
22411,FH-A
22412,WH-D
22413,WH-B
22414,COL-C
22415,COL-C
22416,COL-D
22417,COL-F
22418,COL-F
22419,COL-F
22420,WCT-B
22421,COL-B
22422,COL-C
22423,AM-B
22424,CH-A
22425,CH-A
22426,EH-A
22427,EH-C
22428,TH-B
22429,TH-B
22430,FH-A
22431,WH-A
22432,WH-A
22433,CH-A
22434,CH-A
22435,EH-E
22436,FH-B
22437,TH-C
22438,EH-E
22439,TH-A
22440,FH-A
22441,COL-B
22442,COL-B
22443,COL-C
22444,WH-B
22445,COL-E
22446,COL-D
22447,COL-C
22448,WCT-B
22449,WCT-B
22450,WCT-B
22451,COL-B
22452,COL-B
22453,EH-A
22454,EH-C
22455,EH-C
22456,COL-F
22457,FH-C
22458,FH-C
22459,TH-C
22460,CH-A
22461,CH-A
22462,EH-E
22463,EH-E
22464,FH-B
22465,WH-D
22466,WH-A
22467,WH-A
22468,CH-A
22469,EH-A
22470,EH-E
22471,EH-E
22472,TH-A
22473,EH-A
22474,WCT-B
22475,COL-B
22476,EH-E
22477,FH-A
22478,FH-A
22479,FH-A
22480,WH-D
22481,WH-B
22482,WH-B
22483,COL-D
22484,EH-A
22485,EH-E
22486,EH-E
22487,TH-B
22488,TH-B
22489,FH-B
22490,TH-C
22491,EH-E
22492,FH-C
22493,FH-C
22494,WH-C
22495,WH-C
22496,EH-D
22497,FH-B
22498,WH-B
22499,EH-D
22500,FH-C
22501,EH-D
22502,EH-E
22503,FH-B
22504,WH-C
22505,FH-B
22506,EH-D
22507,TH-B
22508,FH-B
22509,FH-B
22510,WH-D
22511,WH-C
22512,WH-C
22513,WH-D
22514,WH-C
22515,COL-E
22516,EH-E
22517,EH-E
22518,WCT-A
22519,WCT-A
22520,WCT-B
22521,EH-D
22522,EH-D
22523,TH-B
22524,EH-E
22525,EH-A
22526,TH-B
22527,TH-C
22528,EH-E
22529,WH-A
22530,WCT-A
22531,WCT-B
22532,WCT-A
22533,WCT-A
22534,COL-A
22535,COL-A
22536,WCT-B
22537,WCT-B
22538,COL-B
22539,COL-F
22540,COL-A
22541,COL-A
22542,EH-D
22543,EH-D
22544,EH-D
22545,TH-B
22546,COL-A
22547,FH-B
22548,EH-D
22549,EH-D
22550,EH-D
22551,EH-D
22552,FH-B
22553,FH-B
22554,FH-B
22555,WH-C
22556,EH-E
22557,FH-B
22558,EH-D
22559,EH-D
22560,EH-D
22561,EH-E
22562,FH-B
22563,EH-D
22564,FH-B
22565,WH-D
22566,WH-B
22567,EH-E
22568,FH-B
22569,WH-D
22570,EH-E
22571,EH-E
22572,FH-A
22573,WH-A
22574,WH-A
22575,WH-A
22576,WH-B
22577,WCT-A
22578,WCT-A
22579,CH-A
22580,TH-A
22581,WH-A
22582,CH-A
22583,EH-A
22584,TH-A
22585,TH-A
22586,WH-A
22587,COL-E
22588,EH-A
22589,TH-A
22590,WH-A
22591,COL-B
22592,WH-B
22593,CH-B
22594,EH-B
22595,COL-C
22596,COL-C
22597,COL-C
22598,CH-B
22599,CH-B
22600,TH-A
22601,AM-D
22602,AM-E
22603,AM-A
22604,AM-C
22605,AM-C
22606,COL-C
22607,COL-D
22608,COL-F
22609,AM-D
22610,AM-D
22611,CH-B
22612,COL-D
22613,EH-B
22614,WCT-B
22615,TH-B
22616,TH-B
22617,FH-A
22618,AM-A
22619,COL-E
22620,COL-F
22621,TH-B
22622,FH-B
22623,WH-D
22624,WH-A
22625,WH-A
22626,WH-A
22627,AM-B
22628,CH-B
22629,EH-B
22630,CH-B
22631,EH-B
22632,TH-A
22633,WH-A
22634,CH-B
22635,COL-B
22636,AM-B
22637,AM-B
22638,AM-D
22639,EH-B
22640,COL-C
22641,AM-E
22642,AM-A
22643,AM-B
22644,AM-B
22645,TH-B
22646,EH-D
22647,WH-C
22648,WH-C
22649,AM-E
22650,WH-B
22651,COL-E
22652,EH-B
22653,EH-B
22654,AM-D
22655,AM-B
22656,CH-B
22657,EH-B
22658,AM-D
22659,AM-B
22660,AM-D
22661,AM-D
22662,AM-C
22663,AM-C
22664,AM-C
22665,AM-C
22666,AM-C
22667,AM-C
22668,AM-E
22669,AM-A
22670,EH-B
22671,AM-D
22672,AM-D
22673,AM-B
22674,AM-C
22675,AM-D
22676,AM-D
22677,AM-D
22678,AM-E
22679,AM-C
22680,AM-C
22681,AM-D
22682,AM-D
22683,AM-D
22684,AM-E
22685,AM-B
22686,AM-D
22687,AM-C
22688,AM-D
22689,AM-C
22690,AM-D
22691,AM-A
22692,AM-A
22693,AM-E
22694,AM-A
22695,AM-A
22696,AM-A
22697,CH-B
22698,EH-B
22699,AM-B
22700,AM-E
22701,AM-A
22702,AM-B
22703,AM-B
22704,CH-B
22705,EH-B
22706,EH-B
22707,AM-D
22708,AM-E
22709,AM-B
22710,AM-B
22711,EH-B
22712,AM-D
22713,AM-D
22714,AM-D
22715,AM-B
22716,AM-B
22717,AM-D
22718,AM-E
22719,WH-D
22720,WH-C
22721,WH-A
22722,TH-C
22723,TH-A
22724,WH-A
22725,TH-A
22726,WH-A
22727,CH-B
22728,CH-B
22729,CH-B
22730,EH-B
22731,COL-B
22732,EH-D
22733,COL-F
22734,TH-B
22735,TH-B
22736,FH-B
22737,WH-A
22738,TH-A
22739,TH-A
22740,TH-A
22741,WCT-B
22742,TH-A
22743,CH-B
22744,TH-A
22745,COL-C
22746,EH-B
22747,COL-C
22748,COL-E
22749,EH-B
22750,FH-C
22751,FH-C
22752,FH-C
22753,COL-E
22754,TH-A
22755,TH-A
22756,TH-C
22757,TH-C
22758,WH-A
22759,AM-B
22760,AM-E
22761,AM-B
22762,TH-B
22763,FH-B
22764,TH-C
22765,TH-A
22766,WH-D
22767,COL-C
22768,WH-B
22769,WH-B
22770,WCT-A
22771,COL-D
22772,EH-C
22773,TH-B
22774,FH-C
22775,TH-C
22776,EH-E
22777,FH-C
22778,EH-E
22779,EH-E
22780,EH-E
22781,EH-E
22782,EH-E
22783,EH-E
22784,WCT-A
22785,WCT-A
22786,WCT-A
22787,EH-D
22788,WCT-A
22789,WCT-A
22790,WCT-B
22791,COL-B
22792,WH-D
22793,WCT-B
22794,WCT-B
22795,COL-B
22796,TH-A
22797,EH-C
22798,FH-C
22799,TH-C
22800,CH-A
22801,CH-A
22802,CH-A
22803,EH-A
22804,EH-A
22805,EH-C
22806,TH-B
22807,FH-A
22808,COL-B
22809,COL-B
22810,COL-E
22811,WH-C
22812,EH-A
22813,EH-C
22814,TH-B
22815,COL-B
22816,EH-D
22817,TH-B
22818,FH-A
22819,WH-D
22820,WH-C
22821,EH-D
22822,FH-B
22823,WH-D
22824,WH-B
22825,WH-B
22826,COL-E
22827,EH-A
22828,TH-B
22829,COL-B
22830,COL-B
22831,COL-D
22832,COL-F
22833,COL-A
22834,FH-A
22835,WH-D
22836,WH-C
22837,WH-B
22838,COL-E
22839,EH-A
22840,TH-B
22841,FH-B
22842,WH-D
22843,WH-B
22844,COL-E
22845,EH-A
22846,EH-A
22847,WCT-B
22848,WCT-B
22849,WCT-B
22850,COL-B
22851,EH-D
22852,EH-D
22853,FH-B
22854,FH-B
22855,WH-C
22856,FH-B
22857,WH-D
22858,COL-E
22859,FH-C
22860,CH-A
22861,CH-A
22862,EH-E
22863,CH-A
22864,EH-E
22865,EH-E
22866,WH-A
22867,COL-E
22868,CH-B
22869,CH-B
22870,EH-A
22871,TH-A
22872,COL-B
22873,COL-C
22874,COL-C
22875,COL-E
22876,EH-A
22877,EH-A
22878,EH-C
22879,FH-C
22880,COL-B
22881,EH-A
22882,EH-C
22883,FH-C
22884,EH-A
22885,COL-F
22886,COL-F
22887,FH-C
22888,COL-B
22889,WH-B
22890,COL-E
22891,COL-E
22892,COL-E
22893,EH-A
22894,EH-C
22895,EH-C
22896,FH-B
22897,FH-B
22898,WH-C
22899,CH-A
22900,CH-A
22901,CH-A
22902,COL-B
22903,COL-B
22904,WH-B
22905,WH-B
22906,EH-A
22907,EH-A
22908,EH-A
22909,EH-C
22910,TH-A
22911,TH-C
22912,WH-C
22913,EH-D
22914,EH-D
22915,TH-B
22916,FH-B
22917,FH-B
22918,WH-C
22919,CH-A
22920,EH-A
22921,EH-E
22922,EH-D
22923,TH-B
22924,WH-D
22925,CH-A
22926,EH-E
22927,TH-C
22928,TH-C
22929,FH-A
22930,WH-A
22931,WH-B
22932,COL-E
22933,WH-B
22934,COL-E
22935,TH-B
22936,WH-A
22937,CH-B
22938,WCT-B
22939,TH-A
22940,WCT-A
22941,FH-C
22942,EH-D
22943,TH-B
22944,FH-C
22945,WH-C
22946,WH-C
22947,CH-A
22948,TH-B
22949,WH-D
22950,WH-B
22951,COL-F
22952,FH-C
22953,TH-C
22954,EH-D
22955,TH-B
22956,FH-C
22957,TH-C
22958,CH-A
22959,EH-A
22960,EH-E
22961,TH-A
22962,WH-A
22963,CH-A
22964,WH-C
22965,WH-C
22966,CH-A
22967,EH-E
22968,TH-C
22969,EH-D
22970,FH-B
22971,FH-B
22972,FH-A
22973,WH-A
22974,CH-B
22975,CH-B
22976,CH-B
22977,WCT-B
22978,WCT-B
22979,COL-C
22980,COL-C
22981,COL-B
22982,COL-C
22983,COL-C
22984,COL-C
22985,COL-C
22986,COL-C
22987,COL-C
22988,COL-C
22989,COL-C
22990,EH-B
22991,AM-D
22992,AM-E
22993,AM-E
22994,FH-A
22995,AM-A
22996,AM-E
22997,WH-C
22998,COL-E
22999,TH-A
23000,TH-A
23001,AM-E
23002,AM-E
23003,AM-E
23004,AM-A
23005,AM-B
23006,AM-E
23007,AM-E
23008,WH-D
23009,AM-B
23010,WH-A
23011,AM-D
23012,AM-E
23013,AM-B
23014,AM-B
23015,AM-C
23016,AM-D
23017,AM-E
23018,AM-A
23019,AM-C
23020,AM-C
23021,AM-C
23022,AM-C
23023,COL-C
23024,AM-A
23025,AM-E
23026,AM-A
23027,CH-B
23028,EH-B
23029,FH-C
23030,COL-B
23031,AM-E
23032,AM-E
23033,AM-E
23034,AM-A
23035,AM-A
23036,AM-C
23037,AM-C
23038,AM-C
23039,AM-C
23040,AM-C
23041,AM-C
23042,AM-C
23043,CH-B
23044,CH-B
23045,EH-B
23046,EH-B
23047,TH-A
23048,WH-A
23049,EH-A
23050,EH-B
23051,TH-A
23052,AM-B
23053,EH-B
23054,AM-D
23055,AM-D
23056,AM-E
23057,AM-B
23058,AM-B
23059,EH-B
23060,AM-C
23061,AM-D
23062,AM-D
23063,AM-E
23064,AM-B
23065,AM-D
23066,AM-E
23067,AM-D
23068,AM-E
23069,AM-A
23070,AM-D
23071,AM-E
23072,AM-E
23073,AM-A
23074,AM-A
23075,AM-B
23076,AM-E
23077,AM-E
23078,AM-B
23079,AM-E
23080,AM-B
23081,AM-B
23082,AM-E
23083,AM-C
23084,WCT-B
23085,WCT-B
23086,FH-C
23087,FH-B
23088,WH-A
23089,AM-B
23090,TH-A
23091,FH-A
23092,AM-B
23093,AM-E
23094,WH-A
23095,WH-B
23096,COL-E
23097,TH-C
23098,EH-E
23099,EH-E
23100,TH-A
23101,WH-A
23102,CH-B
23103,TH-A
23104,TH-A
23105,WH-B
23106,WH-B
23107,WH-B
23108,COL-E
23109,CH-B
23110,WCT-A
23111,WCT-A
23112,WCT-B
23113,WCT-B
23114,FH-C
23115,TH-C
23116,TH-C
23117,FH-B
23118,WH-B
23119,CH-A
23120,EH-B
23121,EH-B
23122,AM-D
23123,AM-E
23124,AM-A
23125,WH-B
23126,COL-E
23127,CH-B
23128,EH-A
23129,EH-A
23130,EH-C
23131,TH-C
23132,TH-C
23133,TH-B
23134,FH-A
23135,WH-C
23136,WH-C
23137,WH-C
23138,WH-C
23139,WH-D
23140,WH-C
23141,WH-A
23142,WH-B
23143,CH-A
23144,EH-A
23145,EH-A
23146,EH-C
23147,EH-C
23148,FH-A
23149,WH-A
23150,CH-B
23151,CH-B
23152,EH-A
23153,WCT-B
23154,TH-A
23155,EH-C
23156,TH-B
23157,FH-B
23158,WH-A
23159,FH-B
23160,WH-A
23161,WH-B
23162,EH-A
23163,COL-F
23164,FH-C
23165,EH-D
23166,EH-E
23167,EH-E
23168,FH-B
23169,WH-A
23170,CH-A
23171,EH-A
23172,EH-A
23173,TH-A
23174,WCT-B
23175,WCT-B
23176,COL-B
23177,COL-B
23178,COL-D
23179,COL-D
23180,EH-A
23181,EH-C
23182,TH-B
23183,FH-A
23184,COL-B
23185,WH-C
23186,EH-E
23187,TH-C
23188,CH-A
23189,CH-A
23190,CH-A
23191,EH-E
23192,WH-A
23193,COL-E
23194,CH-A
23195,EH-E
23196,COL-B
23197,COL-F
23198,FH-C
23199,FH-C
23200,FH-B
23201,WH-D
23202,WH-D
23203,WH-B
23204,WH-B
23205,WH-B
23206,CH-B
23207,COL-D
23208,COL-E
23209,EH-A
23210,EH-C
23211,TH-B
23212,FH-B
23213,FH-B
23214,FH-B
23215,WH-D
23216,WH-D
23217,WH-C
23218,CH-A
23219,EH-E
23220,FH-B
23221,WH-C
23222,FH-B
23223,WH-A
23224,WH-C
23225,COL-E
23226,WH-A
23227,WH-B
23228,COL-E
23229,COL-F
23230,TH-B
23231,FH-C
23232,COL-A
23233,WH-D
23234,WH-C
23235,COL-E
23236,EH-A
23237,TH-A
23238,WCT-A
23239,WCT-A
23240,WCT-A
23241,WCT-B
23242,TH-B
23243,FH-A
23244,WH-A
23245,CH-B
23246,CH-B
23247,EH-A
23248,TH-A
23249,COL-D
23250,COL-D
23251,COL-F
23252,COL-F
23253,COL-A
23254,WCT-B
23255,COL-B
23256,COL-E
23257,EH-C
23258,FH-C
23259,COL-B
23260,WH-B
23261,CH-A
23262,EH-A
23263,EH-E
23264,EH-E
23265,TH-B
23266,FH-A
23267,FH-A
23268,WH-A
23269,CH-A
23270,EH-A
23271,TH-A
23272,FH-C
23273,WH-A
23274,WH-B
23275,EH-A
23276,EH-A
23277,EH-A
23278,TH-A
23279,TH-A
23280,COL-B
23281,COL-B
23282,EH-D
23283,CH-A
23284,EH-E
23285,EH-E
23286,EH-E
23287,EH-E
23288,FH-B
23289,CH-A
23290,EH-A
23291,TH-A
23292,EH-A
23293,WH-A
23294,COL-B
23295,EH-A
23296,EH-C
23297,TH-B
23298,TH-C
23299,CH-A
23300,EH-A
23301,EH-E
23302,TH-C
23303,WH-A
23304,CH-B
23305,COL-E
23306,TH-A
23307,TH-A
23308,WH-A
23309,EH-A
23310,TH-A
23311,WCT-B
23312,EH-A
23313,EH-C
23314,FH-A
23315,WCT-A
23316,WCT-B
23317,WCT-B
23318,COL-B
23319,COL-C
23320,WH-B
23321,COL-E
23322,TH-A
23323,CH-B
23324,EH-B
23325,FH-C
23326,WH-A
23327,WH-B
23328,EH-B
23329,TH-A
23330,EH-C
23331,EH-C
23332,FH-B
23333,WH-A
23334,WH-A
23335,CH-A
23336,WH-A
23337,WH-A
23338,FH-B
23339,WH-D
23340,WCT-A
23341,WCT-A
23342,TH-C
23343,FH-A
23344,WH-D
23345,WH-A
23346,AM-B
23347,TH-A
23348,WCT-A
23349,WCT-B
23350,WCT-B
23351,FH-A
23352,WH-D
23353,TH-C
23354,WH-A
23355,WH-C
23356,TH-A
23357,AM-B
23358,EH-B
23359,EH-B
23360,AM-D
23361,EH-B
23362,AM-D
23363,AM-E
23364,AM-A
23365,AM-C
23366,AM-C
23367,AM-D
23368,AM-D
23369,AM-A
23370,AM-A
23371,AM-B
23372,AM-C
23373,AM-D
23374,AM-D
23375,AM-C
23376,AM-C
23377,AM-C
23378,AM-C
23379,AM-C
23380,COL-C
23381,CH-B
23382,CH-B
23383,CH-B
23384,TH-A
23385,TH-A
23386,EH-C
23387,TH-A
23388,WH-A
23389,CH-B
23390,CH-B
23391,TH-A
23392,TH-A
23393,TH-A
23394,WCT-A
23395,TH-A
23396,WH-A
23397,WH-A
23398,AM-B
23399,AM-C
23400,AM-C
23401,AM-D
23402,AM-E
23403,AM-A
23404,COL-C
23405,COL-C
23406,COL-C
23407,COL-C
23408,AM-A
23409,AM-C
23410,EH-B
23411,AM-D
23412,AM-B
23413,AM-B
23414,AM-B
23415,AM-B
23416,AM-B
23417,EH-B
23418,AM-E
23419,AM-E
23420,AM-E
23421,AM-A
23422,AM-C
23423,COL-C
23424,AM-A
23425,AM-B
23426,EH-B
23427,TH-A
23428,TH-B
23429,AM-E
23430,AM-E
23431,WH-A
23432,AM-B
23433,AM-B
23434,EH-B
23435,AM-D
23436,AM-E
23437,AM-B
23438,AM-D
23439,AM-E
23440,TH-A
23441,CH-B
23442,EH-B
23443,AM-E
23444,EH-B
23445,AM-D
23446,AM-B
23447,AM-B
23448,AM-A
23449,AM-C
23450,AM-D
23451,AM-D
23452,AM-E
23453,AM-A
23454,AM-C
23455,AM-C
23456,AM-D
23457,AM-E
23458,TH-A
23459,WH-A
23460,WH-A
23461,AM-B
23462,TH-A
23463,AM-B
23464,TH-A
23465,TH-C
23466,FH-B
23467,WH-A
23468,CH-A
23469,EH-E
23470,FH-A
23471,WH-A
23472,WH-A
23473,TH-A
23474,TH-A
23475,WH-A
23476,WH-A
23477,CH-B
23478,CH-B
23479,EH-B
23480,TH-A
23481,WH-A
23482,EH-A
23483,TH-A
23484,TH-C
23485,TH-C
23486,TH-C
23487,WH-A
23488,CH-A
23489,EH-A
23490,EH-C
23491,EH-E
23492,TH-B
23493,TH-C
23494,TH-B
23495,FH-B
23496,FH-B
23497,FH-B
23498,FH-B
23499,WH-C
23500,FH-B
23501,FH-B
23502,TH-B
23503,FH-A
23504,FH-A
23505,WH-D
23506,WH-C
23507,WH-C
23508,EH-E
23509,EH-E
23510,EH-D
23511,EH-D
23512,TH-C
23513,EH-E
23514,WH-C
23515,CH-A
23516,EH-C
23517,TH-B
23518,FH-C
23519,EH-D
23520,COL-F
23521,EH-D
23522,COL-B
23523,COL-D
23524,COL-F
23525,WCT-B
23526,WCT-B
23527,WCT-B
23528,COL-B
23529,EH-A
23530,EH-C
23531,COL-C
23532,COL-C
23533,COL-C
23534,COL-A
23535,WH-D
23536,WH-C
23537,CH-A
23538,EH-A
23539,EH-E
23540,TH-A
23541,TH-A
23542,TH-A
23543,WH-A
23544,WH-A
23545,EH-C
23546,COL-C
23547,COL-A
23548,WH-D
23549,FH-B
23550,WH-D
23551,COL-E
23552,FH-C
23553,FH-C
23554,EH-E
23555,EH-E
23556,FH-B
23557,WH-C
23558,WH-C
23559,TH-A
23560,WH-A
23561,COL-B
23562,WH-B
23563,COL-D
23564,COL-F
23565,COL-F
23566,WCT-B
23567,FH-A
23568,WH-D
23569,WH-B
23570,CH-A
23571,EH-E
23572,EH-A
23573,EH-C
23574,TH-B
23575,TH-C
23576,EH-E
23577,TH-B
23578,FH-B
23579,WH-C
23580,WH-C
23581,FH-B
23582,WH-D
23583,WH-C
23584,CH-A
23585,CH-A
23586,EH-D
23587,EH-D
23588,FH-C
23589,CH-A
23590,COL-E
23591,COL-F
23592,EH-A
23593,EH-A
23594,EH-C
23595,TH-B
23596,TH-B
23597,FH-B
23598,WH-C
23599,EH-E
23600,TH-C
23601,CH-A
23602,EH-E
23603,EH-E
23604,EH-D
23605,TH-B
23606,FH-A
23607,WH-D
23608,WH-C
23609,FH-A
23610,COL-C
23611,COL-B
23612,WH-B
23613,COL-E
23614,WCT-A
23615,WCT-A
23616,WCT-B
23617,WCT-B
23618,FH-A
23619,WCT-A
23620,TH-C
23621,COL-C
23622,WH-C
23623,EH-E
23624,CH-A
23625,EH-C
23626,TH-B
23627,TH-C
23628,TH-C
23629,WH-A
23630,WH-A
23631,CH-B
23632,COL-B
23633,COL-C
23634,COL-A
23635,FH-A
23636,COL-B
23637,COL-F
23638,FH-A
23639,COL-B
23640,COL-D
23641,COL-F
23642,COL-A
23643,COL-A
23644,FH-C
23645,COL-A
23646,COL-A
23647,COL-B
23648,COL-D
23649,COL-A
23650,COL-A
23651,FH-B
23652,WH-C
23653,WH-C
23654,EH-D
23655,EH-E
23656,EH-D
23657,TH-B
23658,FH-B
23659,WH-C
23660,CH-A
23661,EH-A
23662,EH-C
23663,TH-B
23664,FH-A
23665,WH-D
23666,WH-D
23667,WH-C
23668,TH-B
23669,FH-A
23670,WH-B
23671,COL-E
23672,COL-F
23673,FH-C
23674,FH-C
23675,EH-D
23676,FH-C
23677,EH-E
23678,FH-A
23679,WH-D
23680,WH-A
23681,WH-C
23682,EH-E
23683,FH-B
23684,WH-C
23685,WH-C
23686,FH-B
23687,WH-A
23688,WCT-A
23689,COL-C
23690,WCT-B
23691,WCT-B
23692,WH-D
23693,WH-B
23694,COL-E
23695,EH-C
23696,TH-B
23697,TH-C
23698,CH-A
23699,TH-A
23700,FH-A
23701,WH-A
23702,AM-B
23703,COL-C
23704,COL-E
23705,CH-B
23706,EH-B
23707,TH-A
23708,EH-B
23709,COL-C
23710,AM-D
23711,AM-E
23712,TH-C
23713,TH-B
23714,FH-B
23715,TH-C
23716,FH-B
23717,FH-A
23718,WH-B
23719,COL-E
23720,EH-B
23721,TH-A
23722,AM-E
23723,WH-A
23724,AM-B
23725,AM-D
23726,AM-A
23727,AM-B
23728,AM-D
23729,AM-E
23730,AM-A
23731,EH-B
23732,EH-B
23733,EH-B
23734,AM-D
23735,AM-E
23736,AM-D
23737,WCT-B
23738,FH-A
23739,AM-E
23740,AM-A
23741,AM-C
23742,AM-C
23743,AM-C
23744,AM-C
23745,AM-C
23746,AM-D
23747,AM-D
23748,AM-E
23749,AM-B
23750,AM-B
23751,AM-B
23752,AM-B
23753,AM-D
23754,AM-A
23755,AM-B
23756,AM-B
23757,AM-E
23758,AM-A
23759,EH-B
23760,AM-D
23761,COL-C
23762,AM-D
23763,AM-D
23764,AM-E
23765,AM-B
23766,AM-B
23767,AM-B
23768,AM-B
23769,AM-B
23770,AM-E
23771,AM-B
23772,AM-B
23773,AM-B
23774,AM-B
23775,AM-E
23776,AM-E
23777,AM-A
23778,AM-C
23779,AM-D
23780,AM-E
23781,AM-D
23782,AM-E
23783,AM-A
23784,AM-A
23785,AM-C
23786,AM-D
23787,AM-E
23788,AM-E
23789,AM-A
23790,AM-A
23791,COL-C
23792,COL-C
23793,TH-B
23794,TH-C
23795,WH-A
23796,CH-B
23797,EH-B
23798,EH-B
23799,TH-A
23800,AM-B
23801,CH-B
23802,CH-B
23803,TH-A
23804,CH-B
23805,CH-B
23806,EH-B
23807,EH-B
23808,AM-D
23809,COL-C
23810,WCT-B
23811,COL-C
23812,COL-D
23813,EH-C
23814,TH-B
23815,AM-E
23816,AM-B
23817,EH-C
23818,AM-D
23819,AM-B
23820,AM-C
23821,AM-C
23822,AM-C
23823,AM-C
23824,AM-D
23825,EH-B
23826,AM-D
23827,TH-C
23828,AM-E
23829,AM-A
23830,AM-B
23831,AM-A
23832,CH-B
23833,EH-B
23834,TH-A
23835,TH-A
23836,TH-A
23837,TH-A
23838,TH-C
23839,WH-A
23840,WH-B
23841,COL-E
23842,EH-B
23843,FH-C
23844,COL-E
23845,TH-A
23846,TH-A
23847,TH-C
23848,TH-C
23849,EH-C
23850,FH-C
23851,TH-C
23852,TH-A
23853,TH-A
23854,TH-A
23855,FH-A
23856,WH-D
23857,COL-E
23858,COL-E
23859,CH-A
23860,EH-B
23861,FH-A
23862,WH-A
23863,CH-A
23864,EH-A
23865,EH-E
23866,FH-A
23867,WH-B
23868,EH-A
23869,EH-C
23870,TH-A
23871,TH-A
23872,EH-A
23873,TH-A
23874,WCT-A
23875,COL-D
23876,WCT-B
23877,WCT-B
23878,COL-B
23879,EH-A
23880,EH-C
23881,TH-B
23882,TH-B
23883,FH-B
23884,TH-C
23885,WH-C
23886,EH-E
23887,FH-A
23888,WH-D
23889,WH-C
23890,CH-A
23891,EH-A
23892,EH-A
23893,EH-A
23894,EH-E
23895,FH-C
23896,FH-C
23897,CH-A
23898,COL-F
23899,CH-A
23900,CH-A
23901,EH-A
23902,TH-A
23903,CH-A
23904,EH-A
23905,TH-A
23906,TH-C
23907,TH-C
23908,TH-C
23909,CH-A
23910,EH-E
23911,TH-A
23912,WCT-A
23913,TH-A
23914,TH-A
23915,WH-A
23916,WH-A
23917,WH-A
23918,TH-A
23919,WH-A
23920,WH-A
23921,EH-D
23922,COL-F
23923,WCT-B
23924,WCT-B
23925,COL-B
23926,COL-A
23927,COL-A
23928,COL-A
23929,WH-D
23930,FH-C
23931,CH-A
23932,EH-A
23933,EH-C
23934,TH-B
23935,WH-D
23936,EH-D
23937,TH-B
23938,FH-A
23939,COL-B
23940,COL-D
23941,COL-D
23942,COL-F
23943,TH-B
23944,WCT-A
23945,WCT-A
23946,WCT-A
23947,EH-D
23948,EH-E
23949,EH-D
23950,TH-B
23951,FH-B
23952,EH-D
23953,COL-F
23954,FH-C
23955,FH-C
23956,FH-C
23957,FH-B
23958,WH-D
23959,EH-D
23960,EH-D
23961,COL-F
23962,TH-B
23963,FH-B
23964,EH-D
23965,EH-D
23966,EH-D
23967,COL-A
23968,FH-B
23969,FH-B
23970,WCT-A
23971,COL-E
23972,COL-F
23973,FH-C
23974,TH-C
23975,TH-C
23976,WH-C
23977,WH-C
23978,TH-A
23979,WH-A
23980,COL-E
23981,TH-A
23982,CH-A
23983,COL-F
23984,COL-F
23985,TH-B
23986,FH-B
23987,WH-D
23988,WH-C
23989,WH-C
23990,WH-C
23991,CH-A
23992,COL-E
23993,EH-E
23994,FH-C
23995,FH-B
23996,WH-D
23997,WH-C
23998,WH-C
23999,CH-A
24000,EH-E
24001,FH-B
24002,EH-D
24003,EH-D
24004,EH-D
24005,COL-A
24006,COL-A
24007,COL-A
24008,WCT-A
24009,WCT-A
24010,WCT-B
24011,WH-D
24012,FH-B
24013,WH-C
24014,CH-A
24015,EH-E
24016,TH-A
24017,WH-A
24018,COL-B
24019,WH-B
24020,COL-F
24021,TH-B
24022,FH-B
24023,EH-D
24024,TH-B
24025,WH-D
24026,CH-A
24027,CH-A
24028,WCT-A
24029,EH-C
24030,EH-C
24031,TH-B
24032,TH-C
24033,WH-A
24034,CH-B
24035,CH-B
24036,WCT-A
24037,WCT-B
24038,COL-B
24039,EH-D
24040,COL-F
24041,FH-B
24042,FH-B
24043,WH-D
24044,WH-C
24045,WH-C
24046,COL-E
24047,CH-B
24048,WCT-A
24049,CH-B
24050,CH-B
24051,WH-B
24052,CH-B
24053,CH-B
24054,EH-B
24055,EH-A
24056,EH-B
24057,WCT-B
24058,WCT-B
24059,AM-E
24060,CH-B
24061,COL-D
24062,EH-C
24063,WCT-B
24064,EH-B
24065,AM-D
24066,AM-D
24067,AM-E
24068,COL-C
24069,COL-C
24070,COL-C
24071,COL-C
24072,COL-C
24073,TH-B
24074,AM-D
24075,AM-E
24076,COL-C
24077,WH-B
24078,AM-A
24079,COL-C
24080,COL-C
24081,COL-C
24082,AM-A
24083,AM-B
24084,AM-B
24085,AM-B
24086,EH-B
24087,TH-B
24088,AM-E
24089,TH-C
24090,AM-E
24091,EH-C
24092,TH-B
24093,FH-A
24094,AM-E
24095,AM-B
24096,AM-B
24097,AM-E
24098,WH-A
24099,AM-B
24100,EH-B
24101,AM-D
24102,AM-E
24103,AM-E
24104,AM-E
24105,AM-B
24106,WH-A
24107,WH-A
24108,AM-B
24109,AM-B
24110,EH-B
24111,TH-B
24112,TH-C
24113,AM-E
24114,WH-A
24115,EH-B
24116,AM-D
24117,AM-D
24118,AM-E
24119,AM-A
24120,CH-B
24121,CH-B
24122,EH-B
24123,AM-D
24124,AM-E
24125,AM-B
24126,AM-B
24127,AM-E
24128,AM-B
24129,AM-E
24130,AM-D
24131,AM-D
24132,AM-D
24133,AM-D
24134,AM-E
24135,AM-A
24136,AM-C
24137,AM-C
24138,AM-C
24139,AM-C
24140,AM-C
24141,EH-B
24142,EH-B
24143,AM-D
24144,AM-E
24145,EH-B
24146,AM-E
24147,AM-B
24148,AM-A
24149,AM-D
24150,AM-E
24151,AM-A
24152,AM-A
24153,AM-B
24154,AM-C
24155,EH-B
24156,AM-D
24157,AM-C
24158,AM-C
24159,AM-D
24160,AM-E
24161,AM-A
24162,EH-B
24163,AM-D
24164,AM-E
24165,AM-B
24166,AM-D
24167,AM-E
24168,AM-A
24169,AM-B
24170,CH-B
24171,EH-B
24172,EH-B
24173,AM-D
24174,AM-D
24175,AM-E
24176,AM-B
24177,CH-B
24178,AM-B
24179,AM-B
24180,EH-B
24181,TH-B
24182,FH-B
24183,WH-A
24184,WH-A
24185,EH-B
24186,EH-B
24187,AM-D
24188,AM-E
24189,AM-E
24190,AM-A
24191,AM-B
24192,TH-C
24193,TH-C
24194,AM-B
24195,AM-B
24196,AM-E
24197,WH-A
24198,AM-B
24199,AM-B
24200,AM-B
24201,AM-B
24202,TH-A
24203,WCT-B
24204,EH-D
24205,FH-C
24206,TH-A
24207,TH-C
24208,FH-B
24209,WH-D
24210,WH-D
24211,WH-A
24212,CH-A
24213,EH-C
24214,WCT-A
24215,WCT-A
24216,EH-C
24217,EH-C
24218,EH-C
24219,FH-C
24220,TH-C
24221,CH-A
24222,EH-E
24223,FH-C
24224,EH-A
24225,EH-A
24226,EH-E
24227,TH-B
24228,FH-A
24229,WH-D
24230,WH-C
24231,EH-E
24232,TH-B
24233,TH-C
24234,WH-A
24235,WH-B
24236,WH-B
24237,COL-E
24238,EH-A
24239,FH-C
24240,CH-A
24241,CH-A
24242,CH-A
24243,CH-A
24244,CH-A
24245,CH-A
24246,CH-A
24247,CH-A
24248,CH-A
24249,EH-A
24250,EH-C
24251,EH-C
24252,TH-B
24253,TH-B
24254,COL-B
24255,WH-C
24256,EH-D
24257,COL-F
24258,FH-C
24259,FH-C
24260,EH-A
24261,EH-A
24262,EH-C
24263,TH-B
24264,FH-B
24265,EH-D
24266,EH-C
24267,FH-C
24268,FH-C
24269,WH-D
24270,WH-D
24271,WH-D
24272,WH-B
24273,WH-B
24274,COL-D
24275,COL-F
24276,FH-C
24277,FH-C
24278,TH-A
24279,WH-A
24280,CH-A
24281,EH-A
24282,EH-A
24283,EH-C
24284,TH-B
24285,FH-A
24286,WH-D
24287,CH-A
24288,EH-E
24289,TH-B
24290,TH-B
24291,TH-B
24292,FH-B
24293,WH-C
24294,WH-B
24295,COL-E
24296,EH-A
24297,EH-A
24298,COL-B
24299,COL-D
24300,COL-F
24301,COL-F
24302,FH-C
24303,FH-B
24304,FH-B
24305,FH-B
24306,COL-B
24307,EH-D
24308,EH-D
24309,TH-B
24310,FH-B
24311,EH-D
24312,WCT-A
24313,COL-B
24314,FH-B
24315,COL-B
24316,WH-C
24317,FH-B
24318,EH-D
24319,TH-B
24320,FH-C
24321,COL-A
24322,FH-A
24323,WH-D
24324,WH-C
24325,WH-C
24326,EH-E
24327,FH-B
24328,WH-D
24329,WH-C
24330,CH-A
24331,EH-E
24332,FH-B
24333,WH-C
24334,FH-B
24335,WH-D
24336,WH-B
24337,COL-E
24338,COL-E
24339,COL-F
24340,FH-C
24341,COL-B
24342,TH-A
24343,WH-A
24344,WH-B
24345,COL-F
24346,COL-F
24347,WCT-B
24348,FH-A
24349,WH-D
24350,COL-E
24351,EH-A
24352,EH-C
24353,TH-B
24354,FH-A
24355,TH-C
24356,FH-C
24357,EH-D
24358,EH-E
24359,TH-B
24360,TH-C
24361,TH-C
24362,FH-B
24363,WH-D
24364,WH-C
24365,EH-E
24366,FH-A
24367,WH-D
24368,WH-C
24369,EH-E
24370,TH-A
24371,WCT-A
24372,EH-A
24373,EH-A
24374,WCT-B
24375,TH-A
24376,WH-A
24377,WH-A
24378,EH-E
24379,TH-A
24380,TH-A
24381,WH-A
24382,CH-B
24383,CH-B
24384,TH-A
24385,WCT-B
24386,TH-A
24387,WH-A
24388,CH-B
24389,CH-B
24390,WCT-B
24391,EH-C
24392,TH-B
24393,FH-A
24394,COL-B
24395,COL-B
24396,COL-D
24397,TH-B
24398,TH-C
24399,EH-D
24400,TH-B
24401,FH-B
24402,WCT-A
24403,TH-A
24404,TH-C
24405,WH-A
24406,COL-E
24407,EH-B
24408,FH-C
24409,CH-A
24410,EH-E
24411,FH-B
24412,WH-C
24413,EH-E
24414,FH-B
24415,FH-B
24416,WH-D
24417,WH-C
24418,TH-A
24419,TH-C
24420,TH-A
24421,TH-A
24422,TH-C
24423,WH-A
24424,TH-C
24425,TH-A
24426,CH-B
24427,EH-C
24428,TH-B
24429,FH-A
24430,FH-A
24431,COL-C
24432,COL-C
24433,COL-C
24434,COL-C
24435,COL-C
24436,COL-C
24437,COL-C
24438,COL-C
24439,FH-C
24440,COL-F
24441,FH-B
24442,WH-C
24443,COL-E
24444,EH-B
24445,TH-A
24446,TH-C
24447,TH-C
24448,AM-B
24449,AM-B
24450,EH-B
24451,AM-D
24452,COL-B
24453,COL-C
24454,COL-C
24455,COL-C
24456,COL-C
24457,AM-C
24458,AM-C
24459,AM-C
24460,AM-C
24461,AM-B
24462,AM-B
24463,AM-B
24464,AM-B
24465,EH-B
24466,TH-C
24467,AM-E
24468,AM-E
24469,AM-B
24470,AM-B
24471,AM-B
24472,AM-B
24473,AM-D
24474,AM-E
24475,AM-E
24476,AM-B
24477,AM-B
24478,AM-E
24479,AM-A
24480,AM-B
24481,AM-D
24482,TH-C
24483,AM-B
24484,TH-A
24485,AM-D
24486,AM-B
24487,AM-D
24488,AM-E
24489,AM-B
24490,AM-B
24491,AM-B
24492,AM-B
24493,AM-C
24494,AM-D
24495,AM-E
24496,AM-E
24497,AM-E
24498,AM-B
24499,AM-E
24500,AM-E
24501,AM-A
24502,AM-C
24503,AM-D
24504,AM-E
24505,AM-A
24506,AM-C
24507,AM-D
24508,AM-D
24509,AM-A
24510,AM-A
24511,AM-A
24512,AM-E
24513,AM-E
24514,AM-A
24515,AM-B
24516,AM-B
24517,AM-D
24518,AM-E
24519,AM-E
24520,AM-A
24521,AM-B
24522,AM-B
24523,CH-B
24524,EH-B
24525,EH-B
24526,TH-A
24527,CH-B
24528,EH-B
24529,TH-A
24530,EH-C
24531,TH-B
24532,TH-C
24533,TH-C
24534,AM-E
24535,AM-A
24536,AM-B
24537,TH-A
24538,AM-B
24539,TH-C
24540,WH-C
24541,WH-A
24542,AM-B
24543,AM-E
24544,CH-B
24545,EH-B
24546,AM-C
24547,COL-C
24548,COL-C
24549,COL-C
24550,COL-C
24551,AM-C
24552,AM-D
24553,AM-E
24554,AM-E
24555,AM-A
24556,AM-B
24557,AM-E
24558,AM-E
24559,AM-A
24560,WH-B
24561,EH-B
24562,TH-A
24563,WH-A
24564,EH-B
24565,TH-B
24566,TH-C
24567,TH-C
24568,FH-B
24569,WH-A
24570,COL-E
24571,EH-A
24572,TH-A
24573,CH-B
24574,EH-A
24575,EH-C
24576,TH-B
24577,TH-B
24578,TH-C
24579,EH-C
24580,TH-B
24581,FH-C
24582,TH-C
24583,TH-C
24584,TH-C
24585,TH-C
24586,WH-A
24587,CH-A
24588,CH-A
24589,EH-E
24590,TH-B
24591,FH-A
24592,FH-A
24593,COL-B
24594,WH-B
24595,EH-A
24596,COL-F
24597,FH-C
24598,WH-D
24599,WH-A
24600,WH-D
24601,WH-C
24602,CH-A
24603,EH-E
24604,WH-A
24605,CH-A
24606,EH-E
24607,TH-A
24608,CH-B
24609,WCT-B
24610,EH-C
24611,TH-C
24612,EH-E
24613,EH-E
24614,TH-C
24615,FH-B
24616,WH-D
24617,WH-D
24618,WH-C
24619,WH-B
24620,WH-B
24621,EH-A
24622,EH-A
24623,CH-A
24624,WH-B
24625,WH-B
24626,EH-A
24627,EH-A
24628,EH-E
24629,EH-C
24630,TH-B
24631,TH-B
24632,COL-A
24633,TH-B
24634,FH-B
24635,WH-C
24636,TH-C
24637,FH-C
24638,TH-A
24639,TH-C
24640,WH-B
24641,COL-E
24642,CH-B
24643,EH-A
24644,EH-A
24645,EH-C
24646,EH-A
24647,EH-A
24648,EH-C
24649,TH-B
24650,FH-A
24651,TH-C
24652,FH-B
24653,TH-C
24654,CH-A
24655,EH-A
24656,EH-C
24657,TH-B
24658,WCT-B
24659,EH-C
24660,TH-C
24661,FH-B
24662,WH-D
24663,WH-C
24664,WH-C
24665,CH-A
24666,WH-B
24667,CH-A
24668,CH-A
24669,WH-C
24670,EH-D
24671,TH-B
24672,FH-B
24673,FH-B
24674,FH-B
24675,WH-C
24676,EH-E
24677,TH-C
24678,TH-A
24679,TH-C
24680,WH-A
24681,CH-A
24682,EH-A
24683,CH-A
24684,CH-A
24685,CH-A
24686,EH-A
24687,EH-E
24688,TH-C
24689,FH-B
24690,WH-D
24691,WH-D
24692,WH-B
24693,WH-B
24694,COL-E
24695,EH-A
24696,EH-C
24697,TH-B
24698,EH-D
24699,COL-F
24700,FH-A
24701,WH-D
24702,WH-C
24703,CH-A
24704,CH-A
24705,COL-F
24706,WH-A
24707,WH-C
24708,CH-A
24709,CH-A
24710,WH-A
24711,EH-A
24712,EH-C
24713,EH-E
24714,EH-D
24715,EH-D
24716,EH-E
24717,FH-B
24718,WCT-B
24719,COL-B
24720,WH-B
24721,COL-E
24722,COL-E
24723,EH-A
24724,EH-E
24725,CH-A
24726,CH-A
24727,EH-D
24728,EH-E
24729,WH-A
24730,EH-A
24731,EH-E
24732,TH-B
24733,FH-A
24734,FH-A
24735,WH-D
24736,WH-A
24737,CH-A
24738,EH-A
24739,EH-E
24740,TH-C
24741,WH-C
24742,CH-A
24743,EH-A
24744,EH-A
24745,EH-A
24746,EH-E
24747,WCT-A
24748,WCT-A
24749,FH-A
24750,WH-A
24751,WH-B
24752,COL-E
24753,EH-A
24754,COL-F
24755,COL-F
24756,COL-F
24757,FH-C
24758,TH-C
24759,FH-A
24760,TH-C
24761,FH-B
24762,WH-A
24763,CH-A
24764,EH-A
24765,EH-A
24766,EH-A
24767,TH-B
24768,FH-A
24769,WH-D
24770,WH-B
24771,EH-E
24772,TH-A
24773,EH-A
24774,EH-C
24775,TH-B
24776,FH-B
24777,FH-B
24778,WH-D
24779,WH-C
24780,FH-B
24781,WH-D
24782,WH-D
24783,WH-B
24784,COL-E
24785,TH-A
24786,WH-A
24787,WH-C
24788,WH-C
24789,WH-A
24790,WH-C
24791,CH-A
24792,CH-A
24793,CH-A
24794,EH-C
24795,TH-C
24796,TH-C
24797,TH-C
24798,TH-C
24799,FH-A
24800,WH-A
24801,WH-C
24802,WH-A
24803,FH-A
24804,WH-A
24805,WH-A
24806,WH-D
24807,WH-B
24808,WH-C
24809,WH-A
24810,WH-C
24811,WCT-A
24812,COL-F
24813,FH-C
24814,WH-A
24815,TH-A
24816,WH-A
24817,AM-B
24818,AM-B
24819,AM-B
24820,WH-C
24821,EH-A
24822,TH-A
24823,WCT-A
24824,TH-B
24825,WH-A
24826,CH-B
24827,TH-A
24828,EH-B
24829,FH-C
24830,AM-B
24831,EH-B
24832,TH-C
24833,TH-C
24834,TH-B
24835,TH-C
24836,TH-C
24837,AM-B
24838,AM-D
24839,AM-E
24840,AM-B
24841,EH-B
24842,AM-C
24843,EH-B
24844,AM-D
24845,AM-E
24846,AM-A
24847,AM-B
24848,AM-D
24849,AM-B
24850,AM-E
24851,AM-A
24852,COL-C
24853,COL-C
24854,COL-C
24855,COL-C
24856,COL-C
24857,AM-E
24858,AM-E
24859,WH-D
24860,AM-E
24861,AM-E
24862,AM-B
24863,AM-B
24864,AM-B
24865,AM-D
24866,AM-D
24867,AM-E
24868,AM-E
24869,AM-A
24870,AM-C
24871,AM-C
24872,AM-C
24873,AM-C
24874,EH-B
24875,AM-D
24876,AM-D
24877,AM-E
24878,AM-C
24879,AM-C
24880,AM-C
24881,AM-A
24882,EH-B
24883,AM-D
24884,AM-A
24885,AM-A
24886,AM-A
24887,AM-C
24888,AM-C
24889,AM-D
24890,AM-E
24891,AM-E
24892,AM-A
24893,AM-A
24894,AM-A
24895,AM-B
24896,AM-E
24897,AM-A
24898,AM-C
24899,AM-C
24900,AM-D
24901,COL-C
24902,CH-B
24903,EH-B
24904,AM-C
24905,EH-B
24906,AM-D
24907,AM-D
24908,AM-E
24909,AM-A
24910,AM-C
24911,EH-B
24912,EH-C
24913,TH-A
24914,WCT-A
24915,WH-A
24916,COL-E
24917,CH-B
24918,CH-B
24919,TH-A
24920,CH-B
24921,CH-B
24922,EH-A
24923,EH-C
24924,TH-C
24925,TH-C
24926,TH-C
24927,TH-A
24928,EH-B
24929,FH-A
24930,WH-D
24931,AM-A
24932,WH-B
24933,CH-B
24934,CH-B
24935,EH-B
24936,TH-A
24937,WH-A
24938,COL-E
24939,EH-B
24940,FH-C
24941,EH-E
24942,FH-B
24943,WH-A
24944,WH-B
24945,EH-D
24946,FH-C
24947,EH-D
24948,EH-D
24949,EH-E
24950,TH-C
24951,EH-E
24952,TH-C
24953,CH-A
24954,TH-B
24955,FH-A
24956,WH-D
24957,WH-B
24958,WH-B
24959,WH-B
24960,EH-A
24961,EH-C
24962,EH-C
24963,TH-B
24964,FH-B
24965,WH-D
24966,WH-C
24967,EH-E
24968,TH-A
24969,WH-A
24970,CH-A
24971,EH-E
24972,EH-E
24973,TH-C
24974,TH-A
24975,FH-A
24976,FH-A
24977,WH-A
24978,WH-B
24979,WH-B
24980,COL-E
24981,COL-D
24982,COL-F
24983,FH-C
24984,FH-C
24985,EH-E
24986,TH-B
24987,FH-B
24988,WH-D
24989,WH-C
24990,WH-B
24991,EH-A
24992,TH-A
24993,CH-B
24994,CH-B
24995,CH-A
24996,EH-E
24997,TH-A
24998,WCT-A
24999,EH-C
25000,TH-B
25001,FH-B
25002,WH-C
25003,WH-C
25004,CH-A
25005,EH-C
25006,FH-A
25007,COL-B
25008,COL-B
25009,WH-B
25010,COL-D
25011,COL-F
25012,FH-C
25013,EH-D
25014,EH-A
25015,EH-C
25016,EH-C
25017,TH-B
25018,TH-B
25019,FH-B
25020,WH-A
25021,WH-B
25022,COL-E
25023,WCT-A
25024,EH-A
25025,EH-C
25026,FH-A
25027,FH-A
25028,COL-B
25029,WH-B
25030,EH-A
25031,COL-F
25032,COL-F
25033,COL-F
25034,COL-F
25035,TH-B
25036,FH-A
25037,WH-B
25038,EH-A
25039,EH-A
25040,EH-A
25041,FH-C
25042,COL-B
25043,EH-E
25044,CH-A
25045,COL-F
25046,FH-C
25047,WH-C
25048,EH-E
25049,FH-C
25050,FH-B
25051,WCT-A
25052,WCT-A
25053,COL-C
25054,COL-C
25055,CH-B
25056,CH-B
25057,COL-D
25058,COL-D
25059,TH-B
25060,COL-A
25061,COL-A
25062,COL-B
25063,COL-D
25064,COL-D
25065,COL-A
25066,COL-A
25067,WH-D
25068,WH-D
25069,WH-D
25070,WH-B
25071,WH-B
25072,COL-E
25073,COL-E
25074,EH-E
25075,EH-E
25076,CH-A
25077,EH-E
25078,FH-A
25079,CH-A
25080,EH-C
25081,TH-B
25082,FH-B
25083,FH-B
25084,EH-D
25085,EH-E
25086,TH-B
25087,TH-C
25088,CH-A
25089,EH-C
25090,FH-C
25091,TH-C
25092,TH-C
25093,CH-A
25094,CH-A
25095,TH-A
25096,WH-A
25097,CH-B
25098,EH-C
25099,TH-B
25100,FH-A
25101,WH-D
25102,WH-D
25103,WH-B
25104,COL-B
25105,WH-B
25106,WCT-A
25107,EH-A
25108,WCT-B
25109,FH-C
25110,EH-D
25111,FH-B
25112,FH-B
25113,FH-B
25114,WH-A
25115,CH-B
25116,EH-A
25117,COL-B
25118,EH-D
25119,WH-C
25120,WH-C
25121,TH-A
25122,CH-A
25123,TH-A
25124,FH-A
25125,WCT-A
25126,TH-A
25127,WH-A
25128,COL-E
25129,TH-A
25130,TH-A
25131,COL-C
25132,FH-A
25133,WH-A
25134,WH-B
25135,COL-D
25136,EH-B
25137,COL-F
25138,COL-C
25139,WH-B
25140,CH-B
25141,COL-D
25142,COL-F
25143,TH-B
25144,FH-A
25145,WH-A
25146,WH-A
25147,CH-B
25148,EH-A
25149,EH-C
25150,TH-B
25151,FH-A
25152,COL-B
25153,COL-B
25154,COL-D
25155,COL-A
25156,FH-B
25157,EH-D
25158,EH-E
25159,TH-C
25160,TH-C
25161,WCT-B
25162,FH-C
25163,COL-B
25164,COL-E
25165,EH-E
25166,AM-B
25167,EH-B
25168,TH-C
25169,TH-C
25170,COL-F
25171,FH-A
25172,WH-C
25173,EH-E
25174,EH-E
25175,TH-B
25176,WH-D
25177,WH-A
25178,AM-A
25179,AM-B
25180,CH-B
25181,CH-B
25182,EH-B
25183,AM-D
25184,AM-D
25185,AM-E
25186,AM-C
25187,COL-C
25188,AM-A
25189,AM-B
25190,AM-D
25191,AM-E
25192,AM-A
25193,AM-A
25194,CH-B
25195,AM-B
25196,AM-D
25197,AM-E
25198,AM-A
25199,AM-A
25200,AM-C
25201,AM-C
25202,AM-C
25203,AM-C
25204,AM-C
25205,AM-C
25206,AM-A
25207,AM-A
25208,CH-B
25209,EH-B
25210,EH-B
25211,EH-B
25212,TH-A
25213,AM-B
25214,AM-D
25215,AM-E
25216,AM-A
25217,AM-A
25218,CH-B
25219,CH-B
25220,CH-B
25221,EH-B
25222,EH-B
25223,AM-B
25224,AM-B
25225,AM-D
25226,AM-E
25227,AM-A
25228,AM-C
25229,AM-C
25230,AM-D
25231,AM-E
25232,AM-B
25233,AM-E
25234,AM-A
25235,AM-D
25236,AM-E
25237,AM-C
25238,AM-A
25239,AM-A
25240,AM-C
25241,EH-B
25242,AM-D
25243,AM-D
25244,AM-E
25245,AM-A
25246,AM-C
25247,AM-C
25248,EH-B
25249,AM-D
25250,AM-D
25251,AM-D
25252,AM-E
25253,AM-E
25254,AM-A
25255,AM-A
25256,AM-B
25257,AM-E
25258,AM-A
25259,AM-C
25260,AM-C
25261,AM-C
25262,AM-C
25263,AM-C
25264,AM-C
25265,CH-B
25266,EH-B
25267,AM-C
25268,AM-E
25269,AM-A
25270,AM-B
25271,TH-A
25272,TH-A
25273,AM-E
25274,AM-A
25275,AM-B
25276,CH-B
25277,EH-B
25278,EH-B
25279,EH-B
25280,EH-B
25281,EH-B
25282,AM-D
25283,COL-C
25284,COL-C
25285,COL-C
25286,WH-C
25287,TH-C
25288,WH-B
25289,CH-A
25290,EH-A
25291,EH-A
25292,TH-A
25293,EH-B
25294,TH-A
25295,AM-B
25296,AM-B
25297,AM-B
25298,AM-D
25299,AM-E
25300,AM-A
25301,AM-A
25302,WH-B
25303,COL-D
25304,TH-B
25305,FH-B
25306,WH-A
25307,CH-A
25308,CH-A
25309,CH-A
25310,TH-A
25311,WH-A
25312,WH-C
25313,WH-A
25314,WH-A
25315,CH-A
25316,CH-A
25317,CH-A
25318,EH-A
25319,EH-E
25320,EH-A
25321,EH-C
25322,TH-C
25323,TH-A
25324,WH-A
25325,WH-A
25326,CH-B
25327,COL-F
25328,FH-C
25329,WH-D
25330,TH-C
25331,WH-A
25332,WH-B
25333,EH-C
25334,FH-A
25335,WH-A
25336,WH-B
25337,CH-A
25338,CH-A
25339,EH-E
25340,EH-E
25341,TH-C
25342,EH-E
25343,EH-E
25344,EH-C
25345,TH-B
25346,FH-A
25347,WH-D
25348,CH-A
25349,EH-A
25350,EH-A
25351,COL-F
25352,TH-A
25353,FH-A
25354,TH-C
25355,TH-C
25356,WH-C
25357,WH-C
25358,EH-E
25359,FH-B
25360,WH-D
25361,WH-B
25362,COL-D
25363,COL-F
25364,COL-C
25365,COL-C
25366,COL-F
25367,COL-A
25368,FH-A
25369,COL-B
25370,WH-B
25371,COL-E
25372,COL-F
25373,TH-B
25374,WCT-B
25375,FH-A
25376,FH-A
25377,COL-B
25378,WH-C
25379,CH-A
25380,EH-C
25381,EH-C
25382,TH-B
25383,FH-B
25384,FH-A
25385,COL-B
25386,COL-D
25387,COL-D
25388,WCT-A
25389,EH-C
25390,WCT-B
25391,EH-C
25392,COL-F
25393,WCT-B
25394,COL-B
25395,WCT-A
25396,COL-A
25397,COL-A
25398,WH-D
25399,WH-D
25400,COL-E
25401,WCT-A
25402,WH-A
25403,COL-E
25404,FH-C
25405,FH-B
25406,FH-B
25407,WH-D
25408,EH-D
25409,EH-D
25410,FH-B
25411,EH-D
25412,TH-B
25413,FH-B
25414,COL-A
25415,COL-A
25416,WH-D
25417,WH-C
25418,WH-C
25419,CH-A
25420,CH-A
25421,EH-A
25422,EH-C
25423,TH-B
25424,FH-B
25425,WH-C
25426,CH-A
25427,EH-E
25428,TH-C
25429,CH-A
25430,CH-A
25431,EH-A
25432,WCT-A
25433,TH-B
25434,FH-B
25435,FH-B
25436,WH-D
25437,WH-B
25438,WH-B
25439,COL-D
25440,COL-F
25441,COL-A
25442,FH-C
25443,FH-C
25444,FH-B
25445,EH-D
25446,TH-B
25447,FH-B
25448,TH-C
25449,TH-C
25450,CH-A
25451,CH-A
25452,EH-E
25453,EH-E
25454,EH-E
25455,FH-B
25456,WH-D
25457,WH-B
25458,COL-E
25459,EH-A
25460,EH-C
25461,COL-A
25462,FH-B
25463,FH-B
25464,WH-A
25465,WH-B
25466,CH-A
25467,EH-E
25468,FH-B
25469,WH-A
25470,COL-E
25471,TH-A
25472,WCT-B
25473,WCT-A
25474,COL-D
25475,COL-D
25476,COL-D
25477,COL-A
25478,COL-A
25479,COL-A
25480,COL-A
25481,TH-C
25482,EH-E
25483,FH-B
25484,COL-B
25485,EH-D
25486,COL-F
25487,FH-A
25488,COL-B
25489,COL-C
25490,WH-B
25491,WCT-A
25492,WCT-A
25493,COL-D
25494,COL-F
25495,FH-C
25496,FH-C
25497,COL-B
25498,COL-D
25499,COL-F
25500,COL-F
25501,COL-A
25502,FH-A
25503,COL-B
25504,WH-C
25505,EH-E
25506,WCT-A
25507,EH-C
25508,FH-C
25509,TH-C
25510,EH-C
25511,FH-A
25512,TH-C
25513,COL-C
25514,COL-C
25515,COL-C
25516,COL-C
25517,COL-C
25518,COL-C
25519,WH-B
25520,WH-B
25521,WCT-A
25522,WCT-A
25523,TH-A
25524,WH-A
25525,WH-A
25526,COL-E
25527,EH-B
25528,AM-D
25529,TH-C
25530,WH-A
25531,CH-B
25532,CH-B
25533,EH-B
25534,TH-A
25535,FH-C
25536,FH-C
25537,AM-D
25538,TH-C
25539,WH-A
25540,AM-B
25541,AM-D
25542,AM-A
25543,CH-B
25544,CH-B
25545,CH-B
25546,COL-F
25547,AM-D
25548,FH-C
25549,AM-D
25550,FH-C
25551,EH-B
25552,EH-C
25553,TH-B
25554,FH-B
25555,WH-C
25556,WH-A
25557,AM-B
25558,AM-B
25559,AM-E
25560,AM-A
25561,AM-A
25562,AM-C
25563,AM-C
25564,AM-C
25565,AM-D
25566,AM-E
25567,AM-E
25568,AM-E
25569,AM-E
25570,AM-C
25571,AM-C
25572,AM-C
25573,COL-C
25574,AM-A
25575,AM-D
25576,AM-E
25577,CH-B
25578,EH-B
25579,EH-B
25580,AM-D
25581,AM-E
25582,AM-D
25583,AM-E
25584,AM-A
25585,CH-B
25586,EH-B
25587,AM-C
25588,AM-C
25589,AM-C
25590,AM-C
25591,AM-C
25592,AM-C
25593,AM-D
25594,AM-E
25595,AM-C
25596,AM-C
25597,AM-D
25598,AM-A
25599,AM-A
25600,AM-C
25601,AM-C
25602,AM-C
25603,EH-B
25604,AM-D
25605,AM-D
25606,AM-D
25607,AM-B
25608,CH-B
25609,EH-B
25610,TH-A
25611,TH-C
25612,TH-A
25613,TH-A
25614,WH-A
25615,WH-A
25616,AM-B
25617,AM-E
25618,AM-A
25619,AM-B
25620,AM-D
25621,AM-E
25622,AM-C
25623,AM-C
25624,AM-C
25625,AM-C
25626,AM-C
25627,AM-D
25628,COL-C
25629,AM-E
25630,AM-A
25631,WH-B
25632,COL-C
25633,AM-A
25634,COL-C
25635,COL-E
25636,COL-E
25637,TH-A
25638,TH-A
25639,CH-B
25640,WCT-B
25641,FH-C
25642,FH-C
25643,CH-A
25644,EH-B
25645,FH-C
25646,AM-D
25647,AM-E
25648,AM-A
25649,AM-B
25650,AM-B
25651,EH-B
25652,AM-D
25653,AM-E
25654,AM-E
25655,AM-A
25656,CH-B
25657,CH-B
25658,EH-B
25659,EH-B
25660,COL-C
25661,CH-B
25662,EH-B
25663,CH-B
25664,EH-C
25665,TH-B
25666,TH-B
25667,WCT-A
25668,CH-B
25669,TH-A
25670,TH-A
25671,TH-A
25672,EH-B
25673,TH-A
25674,TH-C
25675,AM-E
25676,WH-A
25677,WH-A
25678,CH-B
25679,CH-B
25680,CH-B
25681,EH-A
25682,EH-C
25683,EH-C
25684,TH-B
25685,FH-A
25686,TH-C
25687,WH-C
25688,TH-C
25689,FH-B
25690,WH-A
25691,WH-B
25692,WH-B
25693,WH-B
25694,WH-B
25695,EH-E
25696,EH-E
25697,TH-A
25698,AM-D
25699,COL-C
25700,COL-A
25701,FH-B
25702,WH-D
25703,WH-A
25704,WCT-A
25705,WCT-A
25706,EH-A
25707,EH-A
25708,EH-A
25709,EH-C
25710,EH-C
25711,TH-B
25712,FH-C
25713,COL-C
25714,TH-C
25715,COL-A
25716,FH-A
25717,WH-D
25718,COL-E
25719,COL-F
25720,FH-A
25721,WH-D
25722,WH-D
25723,WH-D
25724,WH-B
25725,WH-B
25726,WCT-A
25727,WCT-A
25728,WCT-A
25729,WCT-A
25730,COL-F
25731,WCT-B
25732,COL-B
25733,EH-D
25734,EH-D
25735,EH-C
25736,TH-B
25737,FH-C
25738,FH-C
25739,EH-D
25740,EH-E
25741,TH-C
25742,WH-C
25743,CH-A
25744,CH-A
25745,TH-A
25746,WH-A
25747,CH-B
25748,CH-A
25749,CH-A
25750,CH-A
25751,CH-B
25752,EH-A
25753,FH-C
25754,WH-B
25755,WH-B
25756,COL-D
25757,COL-F
25758,FH-C
25759,COL-B
25760,COL-E
25761,COL-E
25762,EH-C
25763,FH-A
25764,WH-D
25765,WH-B
25766,WCT-B
25767,EH-A
25768,EH-C
25769,TH-B
25770,FH-C
25771,TH-B
25772,FH-C
25773,EH-D
25774,FH-C
25775,CH-A
25776,EH-A
25777,COL-F
25778,FH-A
25779,COL-B
25780,EH-D
25781,COL-A
25782,COL-A
25783,WH-D
25784,WH-B
25785,COL-D
25786,COL-F
25787,COL-F
25788,WCT-B
25789,FH-A
25790,COL-B
25791,COL-D
25792,COL-D
25793,COL-D
25794,COL-D
25795,COL-F
25796,FH-B
25797,WH-D
25798,WH-C
25799,EH-E
25800,FH-B
25801,WH-A
25802,CH-A
25803,COL-E
25804,EH-A
25805,EH-C
25806,TH-B
25807,FH-A
25808,TH-C
25809,TH-C
25810,WH-A
25811,WH-A
25812,CH-B
25813,CH-B
25814,COL-D
25815,WCT-B
25816,WCT-B
25817,FH-A
25818,COL-B
25819,COL-C
25820,WH-B
25821,WCT-A
25822,COL-D
25823,TH-B
25824,COL-A
25825,FH-A
25826,WH-D
25827,WH-D
25828,WH-C
25829,FH-C
25830,TH-C
25831,TH-A
25832,COL-B
25833,COL-F
25834,FH-C
25835,FH-A
25836,TH-C
25837,COL-C
25838,CH-B
25839,COL-E
25840,EH-B
25841,TH-A
25842,CH-B
25843,CH-B
25844,EH-C
25845,TH-B
25846,FH-A
25847,WH-D
25848,EH-D
25849,WCT-A
25850,WCT-B
25851,FH-A
25852,FH-A
25853,WH-D
25854,WH-C
25855,TH-A
25856,WCT-B
25857,WCT-B
25858,TH-C
25859,EH-B
25860,FH-C
25861,COL-B
25862,COL-C
25863,COL-C
25864,COL-C
25865,COL-C
25866,COL-C
25867,COL-C
25868,COL-C
25869,COL-A
25870,FH-A
25871,WH-D
25872,WH-B
25873,WH-B
25874,CH-B
25875,TH-A
25876,TH-A
25877,TH-A
25878,TH-A
25879,WCT-B
25880,TH-B
25881,FH-A
25882,WCT-B
25883,FH-A
25884,WH-D
25885,WH-B
25886,COL-C
25887,COL-E
25888,COL-F
25889,COL-A
25890,WH-D
25891,WH-D
25892,WH-B
25893,CH-A
25894,WCT-A
25895,WCT-A
25896,WCT-B
25897,AM-E
25898,AM-A
25899,AM-A
25900,AM-B
25901,EH-B
25902,EH-B
25903,TH-A
25904,TH-A
25905,COL-C
25906,COL-C
25907,COL-C
25908,WH-B
25909,COL-F
25910,COL-F
25911,FH-A
25912,WH-D
25913,AM-A
25914,WH-B
25915,CH-B
25916,CH-B
25917,CH-B
25918,AM-C
25919,WCT-B
25920,EH-B
25921,AM-D
25922,AM-C
25923,AM-B
25924,AM-E
25925,AM-E
25926,AM-D
25927,AM-D
25928,AM-E
25929,AM-A
25930,AM-C
25931,AM-D
25932,AM-D
25933,AM-E
25934,AM-A
25935,AM-A
25936,AM-C
25937,AM-C
25938,AM-D
25939,AM-D
25940,AM-E
25941,AM-C
25942,EH-B
25943,EH-B
25944,EH-B
25945,AM-D
25946,AM-A
25947,AM-D
25948,AM-D
25949,AM-E
25950,AM-A
25951,AM-C
25952,AM-C
25953,AM-C
25954,EH-B
25955,COL-C
25956,COL-C
25957,TH-C
25958,TH-A
25959,AM-E
25960,AM-E
25961,AM-B
25962,AM-E
25963,AM-A
25964,AM-A
25965,AM-A
25966,AM-A
25967,AM-A
25968,AM-C
25969,CH-B
25970,AM-C
25971,AM-C
25972,AM-C
25973,AM-D
25974,AM-A
25975,AM-B
25976,EH-B
25977,AM-D
25978,AM-D
25979,AM-D
25980,AM-B
25981,AM-B
25982,AM-B
25983,CH-B
25984,EH-B
25985,AM-D
25986,AM-D
25987,AM-E
25988,AM-C
25989,AM-C
25990,AM-C
25991,AM-A
25992,AM-A
25993,AM-C
25994,AM-C
25995,AM-D
25996,AM-E
25997,AM-A
25998,AM-A
25999,AM-A
26000,AM-B
26001,AM-B
26002,CH-B
26003,EH-B
26004,TH-C
26005,TH-C
26006,FH-B
26007,WH-C
26008,TH-C
26009,WH-A
26010,CH-B
26011,TH-A
26012,TH-A
26013,TH-A
26014,TH-A
26015,CH-B
26016,TH-A
26017,WCT-B
26018,COL-C
26019,COL-C
26020,COL-C
26021,AM-A
26022,COL-E
26023,EH-B
26024,TH-A
26025,TH-A
26026,WCT-A
26027,WCT-B
26028,FH-A
26029,AM-A
26030,WH-B
26031,COL-E
26032,COL-F
26033,FH-C
26034,COL-F
26035,COL-F
26036,FH-A
26037,WH-D
26038,WH-C
26039,AM-E
26040,AM-E
26041,AM-B
26042,CH-A
26043,EH-E
26044,CH-A
26045,EH-C
26046,TH-A
26047,EH-C
26048,TH-B
26049,FH-A
26050,TH-C
26051,TH-C
26052,TH-C
26053,WH-D
26054,WH-C
26055,COL-E
26056,WH-A
26057,WH-A
26058,WH-B
26059,COL-E
26060,COL-E
26061,EH-A
26062,TH-B
26063,CH-A
26064,EH-E
26065,TH-A
26066,TH-C
26067,WH-A
26068,COL-E
26069,TH-A
26070,COL-E
26071,WH-A
26072,WH-B
26073,COL-E
26074,EH-E
26075,EH-E
26076,FH-B
26077,WH-A
26078,WH-C
26079,WH-C
26080,WH-C
26081,EH-E
26082,EH-E
26083,WH-A
26084,WCT-A
26085,WH-A
26086,EH-A
26087,EH-C
26088,TH-B
26089,TH-B
26090,FH-B
26091,WH-D
26092,EH-D
26093,WCT-A
26094,TH-B
26095,FH-A
26096,EH-D
26097,EH-D
26098,TH-B
26099,FH-B
26100,FH-B
26101,WH-D
26102,COL-F
26103,WCT-B
26104,WCT-B
26105,COL-A
26106,COL-A
26107,COL-A
26108,WCT-A
26109,FH-B
26110,WH-A
26111,COL-E
26112,CH-A
26113,CH-A
26114,EH-A
26115,EH-A
26116,EH-C
26117,COL-A
26118,COL-A
26119,COL-A
26120,FH-B
26121,WH-C
26122,EH-D
26123,EH-D
26124,EH-E
26125,EH-E
26126,FH-B
26127,TH-C
26128,CH-A
26129,EH-E
26130,CH-A
26131,EH-D
26132,FH-C
26133,EH-D
26134,FH-C
26135,CH-A
26136,CH-A
26137,EH-A
26138,TH-A
26139,TH-B
26140,FH-B
26141,EH-E
26142,FH-B
26143,WH-C
26144,CH-A
26145,EH-E
26146,TH-B
26147,TH-C
26148,TH-C
26149,CH-A
26150,EH-A
26151,EH-A
26152,TH-B
26153,TH-C
26154,EH-E
26155,WH-A
26156,WCT-A
26157,COL-F
26158,COL-F
26159,FH-C
26160,FH-B
26161,WH-D
26162,WH-C
26163,CH-A
26164,EH-E
26165,TH-C
26166,TH-C
26167,EH-E
26168,CH-A
26169,EH-A
26170,TH-A
26171,EH-C
26172,TH-A
26173,TH-C
26174,WH-A
26175,EH-D
26176,COL-F
26177,COL-F
26178,TH-B
26179,FH-B
26180,FH-B
26181,FH-A
26182,COL-B
26183,WH-B
26184,WCT-A
26185,EH-A
26186,EH-A
26187,EH-A
26188,EH-C
26189,EH-E
26190,EH-E
26191,EH-E
26192,EH-E
26193,FH-B
26194,FH-B
26195,WH-C
26196,EH-A
26197,EH-A
26198,FH-C
26199,COL-B
26200,FH-C
26201,FH-C
26202,CH-A
26203,CH-A
26204,EH-E
26205,TH-C
26206,EH-D
26207,FH-B
26208,WH-D
26209,WH-D
26210,WH-B
26211,EH-A
26212,EH-A
26213,EH-A
26214,EH-C
26215,TH-A
26216,WH-A
26217,WH-C
26218,WH-C
26219,WH-C
26220,WH-B
26221,COL-E
26222,EH-E
26223,TH-A
26224,COL-B
26225,COL-B
26226,COL-D
26227,COL-C
26228,FH-A
26229,WH-B
26230,COL-D
26231,COL-F
26232,FH-C
26233,FH-B
26234,FH-B
26235,WH-A
26236,COL-E
26237,COL-E
26238,CH-B
26239,CH-B
26240,CH-B
26241,TH-A
26242,WCT-B
26243,COL-B
26244,EH-C
26245,TH-C
26246,AM-E
26247,WH-A
26248,WH-A
26249,WCT-A
26250,WCT-A
26251,WH-A
26252,CH-B
26253,CH-B
26254,TH-A
26255,WH-A
26256,WH-A
26257,WH-A
26258,CH-B
26259,TH-A
26260,TH-A
26261,COL-C
26262,CH-B
26263,COL-D
26264,COL-D
26265,COL-C
26266,COL-C
26267,COL-D
26268,COL-F
26269,FH-C
26270,TH-C
26271,TH-C
26272,TH-C
26273,TH-A
26274,WH-A
26275,AM-B
26276,CH-B
26277,CH-B
26278,WCT-B
26279,AM-E
26280,AM-B
26281,AM-E
26282,AM-B
26283,AM-E
26284,AM-A
26285,AM-C
26286,AM-C
26287,COL-C
26288,COL-C
26289,COL-C
26290,COL-C
26291,COL-C
26292,COL-C
26293,COL-C
26294,WH-A
26295,WH-A
26296,CH-B
26297,CH-B
26298,CH-B
26299,CH-B
26300,CH-B
26301,CH-B
26302,CH-B
26303,TH-A
26304,COL-B
26305,COL-C
26306,AM-E
26307,AM-B
26308,AM-D
26309,AM-A
26310,AM-C
26311,AM-C
26312,AM-D
26313,AM-C
26314,AM-A
26315,AM-A
26316,AM-C
26317,AM-C
26318,AM-C
26319,AM-D
26320,AM-D
26321,AM-E
26322,AM-E
26323,AM-B
26324,AM-B
26325,AM-E
26326,AM-B
26327,AM-B
26328,AM-B
26329,AM-B
26330,AM-B
26331,AM-E
26332,AM-E
26333,AM-A
26334,AM-B
26335,AM-B
26336,AM-B
26337,CH-B
26338,AM-D
26339,AM-E
26340,AM-E
26341,AM-A
26342,AM-B
26343,AM-B
26344,AM-B
26345,AM-B
26346,CH-B
26347,EH-B
26348,EH-B
26349,AM-E
26350,AM-A
26351,AM-B
26352,AM-E
26353,AM-B
26354,EH-B
26355,FH-C
26356,AM-E
26357,AM-B
26358,WH-A
26359,CH-B
26360,EH-B
26361,FH-C
26362,AM-E
26363,AM-B
26364,EH-B
26365,AM-D
26366,AM-E
26367,AM-D
26368,AM-C
26369,AM-C
26370,AM-C
26371,AM-C
26372,AM-C
26373,AM-C
26374,AM-D
26375,AM-E
26376,AM-A
26377,AM-B
26378,AM-C
26379,AM-B
26380,WH-A
26381,AM-B
26382,AM-B
26383,CH-B
26384,CH-B
26385,EH-B
26386,TH-A
26387,TH-A
26388,TH-A
26389,WH-A
26390,WH-A
26391,CH-B
26392,CH-B
26393,TH-A
26394,COL-C
26395,AM-A
26396,AM-A
26397,CH-B
26398,COL-E
26399,TH-A
26400,CH-B
26401,TH-A
26402,WH-A
26403,WH-A
26404,CH-B
26405,WH-A
26406,WH-B
26407,EH-A
26408,CH-A
26409,TH-A
26410,AM-E
26411,WH-A
26412,CH-B
26413,CH-B
26414,EH-A
26415,TH-A
26416,WH-A
26417,CH-B
26418,CH-B
26419,EH-A
26420,EH-C
26421,TH-A
26422,TH-A
26423,CH-B
26424,TH-A
26425,CH-B
26426,CH-B
26427,EH-A
26428,EH-C
26429,TH-A
26430,TH-A
26431,WH-A
26432,TH-A
26433,CH-A
26434,CH-A
26435,CH-A
26436,CH-A
26437,COL-E
26438,EH-A
26439,TH-A
26440,CH-B
26441,EH-A
26442,EH-A
26443,FH-C
26444,EH-E
26445,EH-E
26446,TH-B
26447,TH-B
26448,WH-D
26449,EH-D
26450,COL-D
26451,COL-F
26452,FH-C
26453,WH-B
26454,EH-A
26455,COL-F
26456,COL-B
26457,COL-D
26458,EH-C
26459,FH-B
26460,WH-C
26461,COL-E
26462,WCT-B
26463,COL-D
26464,COL-D
26465,COL-F
26466,COL-F
26467,FH-C
26468,COL-B
26469,WH-B
26470,EH-C
26471,COL-F
26472,FH-A
26473,FH-A
26474,COL-A
26475,WCT-A
26476,WCT-A
26477,FH-A
26478,WH-B
26479,COL-E
26480,EH-A
26481,FH-C
26482,CH-B
26483,CH-B
26484,EH-A
26485,EH-C
26486,TH-B
26487,EH-D
26488,EH-D
26489,FH-B
26490,WH-D
26491,WH-D
26492,WH-B
26493,WH-B
26494,WH-B
26495,COL-D
26496,COL-F
26497,COL-A
26498,WH-D
26499,WH-C
26500,EH-D
26501,EH-E
26502,TH-B
26503,FH-B
26504,FH-B
26505,COL-B
26506,EH-D
26507,COL-F
26508,EH-A
26509,EH-A
26510,EH-C
26511,FH-C
26512,FH-C
26513,TH-C
26514,EH-E
26515,CH-A
26516,EH-D
26517,TH-B
26518,TH-C
26519,EH-E
26520,EH-E
26521,EH-C
26522,TH-B
26523,TH-B
26524,COL-A
26525,COL-B
26526,COL-D
26527,COL-D
26528,WCT-B
26529,WCT-B
26530,FH-B
26531,WH-C
26532,WCT-A
26533,EH-D
26534,COL-A
26535,EH-D
26536,EH-E
26537,FH-B
26538,EH-D
26539,FH-B
26540,FH-B
26541,FH-B
26542,WH-D
26543,CH-A
26544,EH-E
26545,FH-B
26546,FH-B
26547,WH-C
26548,FH-B
26549,WH-C
26550,EH-E
26551,TH-C
26552,CH-A
26553,CH-A
26554,CH-B
26555,CH-B
26556,CH-A
26557,EH-E
26558,EH-E
26559,WH-C
26560,WH-C
26561,WH-C
26562,WH-C
26563,WH-A
26564,WCT-A
26565,WH-A
26566,WH-B
26567,EH-C
26568,TH-B
26569,FH-A
26570,TH-C
26571,CH-A
26572,EH-C
26573,EH-C
26574,TH-B
26575,FH-B
26576,WH-C
26577,WH-C
26578,CH-A
26579,EH-E
26580,TH-C
26581,CH-A
26582,EH-A
26583,TH-A
26584,EH-A
26585,COL-F
26586,FH-C
26587,WCT-B
26588,COL-B
26589,EH-D
26590,EH-D
26591,COL-F
26592,FH-C
26593,TH-C
26594,WH-B
26595,COL-E
26596,FH-C
26597,FH-C
26598,CH-A
26599,CH-A
26600,TH-A
26601,WH-A
26602,CH-A
26603,EH-E
26604,FH-B
26605,TH-C
26606,EH-E
26607,FH-B
26608,TH-C
26609,FH-B
26610,WCT-A
26611,TH-C
26612,TH-A
26613,TH-C
26614,WH-A
26615,WH-A
26616,EH-B
26617,TH-B
26618,FH-A
26619,WH-A
26620,WCT-A
26621,CH-B
26622,EH-C
26623,WCT-B
26624,TH-A
26625,TH-C
26626,TH-A
26627,FH-A
26628,FH-A
26629,WH-B
26630,CH-B
26631,COL-B
26632,COL-D
26633,COL-A
26634,FH-B
26635,EH-D
26636,TH-A
26637,TH-A
26638,AM-E
26639,WH-C
26640,AM-B
26641,AM-B
26642,AM-B
26643,AM-B
26644,AM-A
26645,AM-B
26646,EH-B
26647,AM-D
26648,AM-E
26649,AM-B
26650,EH-B
26651,AM-D
26652,AM-B
26653,AM-C
26654,AM-A
26655,COL-E
26656,AM-D
26657,AM-D
26658,AM-E
26659,AM-E
26660,WH-C
26661,AM-B
26662,AM-B
26663,AM-B
26664,AM-B
26665,EH-B
26666,TH-A
26667,TH-A
26668,COL-B
26669,EH-B
26670,EH-B
26671,EH-B
26672,EH-B
26673,AM-D
26674,COL-C
26675,COL-C
26676,COL-C
26677,AM-E
26678,AM-A
26679,AM-C
26680,AM-D
26681,AM-D
26682,AM-C
26683,AM-C
26684,AM-A
26685,COL-E
26686,WH-A
26687,TH-A
26688,EH-B
26689,AM-D
26690,AM-A
26691,AM-B
26692,AM-B
26693,AM-B
26694,AM-D
26695,AM-C
26696,AM-D
26697,AM-E
26698,AM-C
26699,AM-D
26700,AM-C
26701,AM-C
26702,AM-C
26703,AM-C
26704,AM-D
26705,AM-D
26706,AM-E
26707,AM-E
26708,AM-A
26709,AM-A
26710,AM-C
26711,AM-C
26712,CH-B
26713,CH-B
26714,EH-B
26715,AM-D
26716,AM-E
26717,AM-B
26718,EH-B
26719,TH-A
26720,AM-B
26721,TH-C
26722,TH-C
26723,WH-A
26724,CH-A
26725,EH-C
26726,TH-A
26727,CH-B
26728,EH-B
26729,TH-A
26730,TH-A
26731,FH-A
26732,EH-B
26733,EH-B
26734,EH-B
26735,TH-A
26736,TH-A
26737,WH-A
26738,AM-A
26739,AM-B
26740,AM-D
26741,AM-E
26742,AM-B
26743,AM-E
26744,AM-B
26745,AM-B
26746,AM-C
26747,AM-C
26748,AM-C
26749,AM-C
26750,AM-A
26751,AM-C
26752,AM-C
26753,EH-B
26754,COL-C
26755,AM-A
26756,COL-E
26757,WH-A
26758,WH-A
26759,WH-A
26760,COL-E
26761,TH-A
26762,TH-C
26763,TH-C
26764,TH-A
26765,TH-A
26766,CH-B
26767,EH-B
26768,TH-A
26769,EH-B
26770,AM-D
26771,AM-E
26772,AM-B
26773,AM-B
26774,CH-B
26775,EH-B
26776,TH-A
26777,AM-E
26778,WH-A
26779,WH-A
26780,COL-C
26781,CH-B
26782,COL-E
26783,EH-A
26784,EH-A
26785,EH-E
26786,TH-B
26787,TH-C
26788,TH-C
26789,WH-A
26790,CH-A
26791,CH-A
26792,TH-A
26793,TH-A
26794,TH-A
26795,TH-A
26796,TH-C
26797,CH-A
26798,WH-A
26799,WH-B
26800,COL-E
26801,EH-A
26802,TH-A
26803,TH-C
26804,TH-C
26805,TH-B
26806,FH-A
26807,FH-B
26808,FH-A
26809,COL-B
26810,COL-E
26811,COL-E
26812,CH-B
26813,EH-C
26814,TH-A
26815,WCT-A
26816,COL-D
26817,COL-D
26818,COL-F
26819,FH-C
26820,WH-D
26821,WH-B
26822,WH-B
26823,COL-D
26824,COL-F
26825,FH-C
26826,FH-C
26827,FH-C
26828,TH-B
26829,FH-A
26830,COL-B
26831,COL-D
26832,EH-D
26833,EH-E
26834,TH-B
26835,WCT-B
26836,TH-B
26837,FH-A
26838,WH-D
26839,COL-E
26840,CH-A
26841,TH-A
26842,CH-B
26843,CH-B
26844,COL-D
26845,COL-D
26846,COL-F
26847,COL-A
26848,COL-B
26849,COL-B
26850,EH-D
26851,FH-B
26852,WH-D
26853,WH-D
26854,WH-C
26855,EH-D
26856,FH-C
26857,WH-C
26858,FH-C
26859,WH-C
26860,FH-C
26861,EH-E
26862,FH-B
26863,EH-D
26864,TH-B
26865,FH-A
26866,EH-D
26867,COL-A
26868,WCT-B
26869,COL-B
26870,COL-D
26871,COL-A
26872,WCT-B
26873,COL-B
26874,COL-E
26875,EH-A
26876,EH-A
26877,COL-F
26878,TH-B
26879,FH-B
26880,TH-C
26881,CH-A
26882,EH-A
26883,EH-A
26884,EH-C
26885,FH-C
26886,FH-C
26887,EH-A
26888,EH-C
26889,FH-B
26890,WH-C
26891,WH-B
26892,EH-A
26893,EH-A
26894,EH-C
26895,TH-B
26896,TH-B
26897,TH-C
26898,EH-C
26899,TH-B
26900,FH-A
26901,WH-D
26902,WH-D
26903,WH-D
26904,WH-B
26905,CH-A
26906,CH-A
26907,EH-E
26908,FH-B
26909,WCT-A
26910,WCT-A
26911,EH-C
26912,TH-B
26913,FH-B
26914,WH-A
26915,CH-A
26916,WH-B
26917,CH-A
26918,EH-E
26919,EH-E
26920,TH-B
26921,FH-B
26922,EH-D
26923,EH-E
26924,FH-B
26925,WH-D
26926,WH-C
26927,WH-B
26928,CH-A
26929,CH-A
26930,CH-A
26931,WH-C
26932,FH-B
26933,EH-D
26934,WCT-B
26935,COL-B
26936,WH-D
